Date,Close
2024-11-26,136.9200
2024-11-25,136.0200
2024-11-22,141.9500
2024-11-21,146.6700
2024-11-20,145.8900
2024-11-19,147.0100
2024-11-18,140.1500
2024-11-15,141.9800
2024-11-14,146.7600
2024-11-13,146.2700
2024-11-12,148.2900
2024-11-11,145.2600
2024-11-08,147.6300
2024-11-07,148.8800
2024-11-06,145.6100
2024-11-05,139.9100
2024-11-04,136.0500
2024-11-01,135.4000
2024-10-31,132.7600
2024-10-30,139.3350
2024-10-29,141.2500
2024-10-28,140.5200
2024-10-25,141.5400
2024-10-24,140.4100
2024-10-23,139.5600
2024-10-22,143.5900
2024-10-21,143.7100
2024-10-18,138.0000
2024-10-17,136.9300
2024-10-16,135.7200
2024-10-15,131.6000
2024-10-14,138.0700
2024-10-11,134.8000
2024-10-10,134.8100
2024-10-09,132.6500
2024-10-08,132.8900
2024-10-07,127.7200
2024-10-04,124.9200
2024-10-03,122.8500
2024-10-02,118.8500
2024-10-01,117.0000
2024-09-30,121.4400
2024-09-27,121.4000
2024-09-26,124.0400
2024-09-25,123.5100
2024-09-24,120.8700
2024-09-23,116.2600
2024-09-20,116.0000
2024-09-19,117.8700
2024-09-18,113.3700
2024-09-17,115.5900
2024-09-16,116.7800
2024-09-13,119.1000
2024-09-12,119.1400
2024-09-11,116.9100
2024-09-10,108.1000
2024-09-09,106.4700
2024-09-06,102.8300
2024-09-05,107.2100
2024-09-04,106.2100
2024-09-03,108.0000
2024-08-30,119.3700
2024-08-29,117.5900
2024-08-28,125.6100
2024-08-27,128.3000
2024-08-26,126.4600
2024-08-23,129.3700
2024-08-22,123.7400
2024-08-21,128.5000
2024-08-20,127.2500
2024-08-19,130.0000
2024-08-16,124.5800
2024-08-15,122.8600
2024-08-14,118.0800
2024-08-13,116.1400
2024-08-12,109.0200
2024-08-09,104.7500
2024-08-08,104.9700
2024-08-07,98.9100
2024-08-06,104.2500
2024-08-05,100.4500
2024-08-02,107.2700
2024-08-01,109.2100
2024-07-31,117.0200
2024-07-30,103.7300
2024-07-29,111.5900
2024-07-26,113.0600
2024-07-25,112.2800
2024-07-24,114.2500
2024-07-23,122.5900
2024-07-22,123.5400
2024-07-19,117.9300
2024-07-18,121.0900
2024-07-17,117.9900
2024-07-16,126.3600
2024-07-15,128.4400
2024-07-12,129.2400
2024-07-11,127.4000
2024-07-10,134.9100
2024-07-09,131.3800
2024-07-08,128.2000
2024-07-05,125.8300
2024-07-03,128.2800
2024-07-02,122.6700
2024-07-01,124.3000
2024-06-28,123.5400
2024-06-27,123.9900
2024-06-26,126.4000
2024-06-25,126.0900
2024-06-24,118.1100
2024-06-21,126.5700
2024-06-20,130.7800
2024-06-18,135.5800
2024-06-17,130.9800
2024-06-14,131.8800
2024-06-13,129.6100
2024-06-12,125.2000
2024-06-11,120.9100
2024-06-10,121.7900
2024-06-07,1208.8800
2024-06-06,1209.9800
2024-06-05,1224.4000
2024-06-04,1164.3700
2024-06-03,1150.0000
2024-05-31,1096.3300
2024-05-30,1105.0000
2024-05-29,1148.2500
2024-05-28,1139.0100
2024-05-24,1064.6900
2024-05-23,1037.9900
2024-05-22,949.5000
2024-05-21,953.8600
2024-05-20,947.8000
2024-05-17,924.7900
2024-05-16,943.5900
2024-05-15,946.3000
2024-05-14,913.5600
2024-05-13,903.9900
2024-05-10,898.7800
2024-05-09,887.4700
2024-05-08,904.1200
2024-05-07,905.5400
2024-05-06,921.4000
2024-05-03,887.8900
2024-05-02,858.1700
2024-05-01,830.4100
2024-04-30,864.0200
2024-04-29,877.5700
2024-04-26,877.3500
2024-04-25,826.3200
2024-04-24,796.7700
2024-04-23,824.2300
2024-04-22,795.1800
2024-04-19,762.0000
2024-04-18,846.7100
2024-04-17,840.3500
2024-04-16,874.1500
2024-04-15,860.0100
2024-04-12,881.8600
2024-04-11,906.1600
2024-04-10,870.3900
2024-04-09,853.5400
2024-04-08,871.3300
2024-04-05,880.0800
2024-04-04,859.0500
2024-04-03,889.6400
2024-04-02,894.5200
2024-04-01,903.6300
2024-03-28,903.5600
2024-03-27,902.5000
2024-03-26,925.6100
2024-03-25,950.0200
2024-03-22,942.8900
2024-03-21,914.3500
2024-03-20,903.7200
2024-03-19,893.9800
2024-03-18,884.5500
2024-03-15,878.3650
2024-03-14,879.4400
2024-03-13,908.8800
2024-03-12,919.1300
2024-03-11,857.7400
2024-03-08,875.2800
2024-03-07,926.6900
2024-03-06,887.0000
2024-03-05,859.6400
2024-03-04,852.3700
2024-03-01,822.7900
2024-02-29,791.1200
2024-02-28,776.6300
2024-02-27,787.0100
2024-02-26,790.9200
2024-02-23,788.1700
2024-02-22,785.3800
2024-02-21,674.7200
2024-02-20,694.5200
2024-02-16,726.1300
2024-02-15,726.5800
2024-02-14,739.0000
2024-02-13,721.2800
2024-02-12,722.4800
2024-02-09,721.3300
2024-02-08,696.4100
2024-02-07,700.9900
2024-02-06,682.2300
2024-02-05,693.3200
2024-02-02,661.6000
2024-02-01,630.2700
2024-01-31,615.2700
2024-01-30,627.7400
2024-01-29,624.6500
2024-01-26,610.3100
2024-01-25,616.1700
2024-01-24,613.6200
2024-01-23,598.7300
2024-01-22,596.5400
2024-01-19,594.9100
2024-01-18,571.0700
2024-01-17,560.5300
2024-01-16,563.8200
2024-01-12,547.1000
2024-01-11,548.2200
2024-01-10,543.5000
2024-01-09,531.4000
2024-01-08,522.5300
2024-01-05,490.9700
2024-01-04,479.9800
2024-01-03,475.6900
2024-01-02,481.6800
2023-12-29,495.2200
2023-12-28,495.2200
2023-12-27,494.1700
2023-12-26,492.7900
2023-12-22,488.3000
2023-12-21,489.9000
2023-12-20,481.1100
2023-12-19,496.0400
2023-12-18,500.7700
2023-12-15,488.9000
2023-12-14,483.5000
2023-12-13,480.8800
2023-12-12,476.5700
2023-12-11,466.2700
2023-12-08,475.0600
2023-12-07,465.9600
2023-12-06,455.0300
2023-12-05,465.6600
2023-12-04,455.1000
2023-12-01,467.6500
2023-11-30,467.7000
2023-11-29,481.4000
2023-11-28,478.2100
2023-11-27,482.4200
2023-11-24,477.7600
2023-11-22,487.1600
2023-11-21,499.4400
2023-11-20,504.0900
2023-11-17,492.9800
2023-11-16,494.8000
2023-11-15,488.8800
2023-11-14,496.5600
2023-11-13,486.2000
2023-11-10,483.3500
2023-11-09,469.5000
2023-11-08,465.7400
2023-11-07,459.5500
2023-11-06,457.5100
2023-11-03,450.0500
2023-11-02,435.0600
2023-11-01,423.2500
2023-10-31,407.8000
2023-10-30,411.6100
2023-10-27,405.0000
2023-10-26,403.2600
2023-10-25,417.7900
2023-10-24,436.6300
2023-10-23,429.7500
2023-10-20,413.8700
2023-10-19,421.0100
2023-10-18,421.9600
2023-10-17,439.3800
2023-10-16,460.9500
2023-10-13,454.6100
2023-10-12,469.4500
2023-10-11,468.0600
2023-10-10,457.9800
2023-10-09,452.7300
2023-10-06,457.6200
2023-10-05,446.8800
2023-10-04,440.4100
2023-10-03,435.1700
2023-10-02,447.8200
2023-09-29,434.9900
2023-09-28,430.8900
2023-09-27,424.6800
2023-09-26,419.1100
2023-09-25,422.2200
2023-09-22,416.1000
2023-09-21,410.1700
2023-09-20,422.3900
2023-09-19,435.2000
2023-09-18,439.6600
2023-09-15,439.0000
2023-09-14,455.8100
2023-09-13,454.8500
2023-09-12,448.7000
2023-09-11,451.7800
2023-09-08,455.7200
2023-09-07,462.4100
2023-09-06,470.6100
2023-09-05,485.4800
2023-09-01,485.0900
2023-08-31,493.5500
2023-08-30,492.6400
2023-08-29,487.8400
2023-08-28,468.3500
2023-08-25,460.1800
2023-08-24,471.6300
2023-08-23,471.1600
2023-08-22,456.6800
2023-08-21,469.6700
2023-08-18,432.9900
2023-08-17,433.4350
2023-08-16,434.8600
2023-08-15,439.4000
2023-08-14,437.5300
2023-08-11,408.5500
2023-08-10,423.8800
2023-08-09,425.5400
2023-08-08,446.6400
2023-08-07,454.1650
2023-08-04,446.8000
2023-08-03,445.1500
2023-08-02,442.6900
2023-08-01,465.0700
2023-07-31,467.2900
2023-07-28,467.5000
2023-07-27,459.0000
2023-07-26,454.5200
2023-07-25,456.7900
2023-07-24,446.1200
2023-07-21,443.0900
2023-07-20,455.2000
2023-07-19,470.7700
2023-07-18,474.9400
2023-07-17,464.6100
2023-07-14,454.6900
2023-07-13,459.7700
2023-07-12,439.0200
2023-07-11,424.0500
2023-07-10,421.8000
2023-07-07,425.0300
2023-07-06,421.0300
2023-07-05,423.1700
2023-07-03,424.1300
2023-06-30,423.0200
2023-06-29,408.2200
2023-06-28,411.1700
2023-06-27,418.7600
2023-06-26,406.3200
2023-06-23,422.0900
2023-06-22,430.2500
2023-06-21,430.4500
2023-06-20,438.0800
2023-06-16,426.9200
2023-06-15,426.5300
2023-06-14,429.9700
2023-06-13,410.2200
2023-06-12,394.8200
2023-06-09,387.7000
2023-06-08,385.1000
2023-06-07,374.7500
2023-06-06,386.5400
2023-06-05,391.7100
2023-06-02,393.2700
2023-06-01,397.7000
2023-05-31,378.3400
2023-05-30,401.1100
2023-05-26,389.4600
2023-05-25,379.8000
2023-05-24,305.3800
2023-05-23,306.8800
2023-05-22,311.7600
2023-05-19,312.6400
2023-05-18,316.7800
2023-05-17,301.7800
2023-05-16,292.1300
2023-05-15,289.5300
2023-05-12,283.4000
2023-05-11,285.7800
2023-05-10,288.8500
2023-05-09,285.7100
2023-05-08,291.5100
2023-05-05,286.8000
2023-05-04,275.6200
2023-05-03,278.0200
2023-05-02,282.1000
2023-05-01,289.1000
2023-04-28,277.4900
2023-04-27,272.2600
2023-04-26,269.5600
2023-04-25,262.4100
2023-04-24,270.4200
2023-04-21,271.1900
2023-04-20,271.0400
2023-04-19,279.3100
2023-04-18,276.6700
2023-04-17,270.0200
2023-04-14,267.5800
2023-04-13,264.6300
2023-04-12,264.9500
2023-04-11,271.6900
2023-04-10,275.7900
2023-04-06,270.3700
2023-04-05,268.8100
2023-04-04,274.5300
2023-04-03,279.6500
2023-03-31,277.7700
2023-03-30,273.8300
2023-03-29,269.8400
2023-03-28,264.1000
2023-03-27,265.3100
2023-03-24,267.7900
2023-03-23,271.9100
2023-03-22,264.6800
2023-03-21,261.9900
2023-03-20,259.0000
2023-03-17,257.2500
2023-03-16,255.4100
2023-03-15,242.2800
2023-03-14,240.6300
2023-03-13,229.6600
2023-03-10,229.6500
2023-03-09,234.3600
2023-03-08,241.8100
2023-03-07,232.8800
2023-03-06,235.5400
2023-03-03,238.9000
2023-03-02,233.1400
2023-03-01,226.9800
2023-02-28,232.1600
2023-02-27,235.0100
2023-02-24,232.8600
2023-02-23,236.6400
2023-02-22,207.5400
2023-02-21,206.5500
2023-02-17,213.8800
2023-02-16,220.0200
2023-02-15,227.6400
2023-02-14,229.7100
2023-02-13,217.8800
2023-02-10,212.6500
2023-02-09,223.3700
2023-02-08,222.0500
2023-02-07,221.7300
2023-02-06,210.8900
2023-02-03,211.0000
2023-02-02,217.0900
2023-02-01,209.4300
2023-01-31,195.3700
2023-01-30,191.6200
2023-01-27,203.6500
2023-01-26,198.0200
2023-01-25,193.2300
2023-01-24,192.6500
2023-01-23,191.9300
2023-01-20,178.3900
2023-01-19,167.6500
2023-01-18,173.7700
2023-01-17,177.0200
2023-01-13,168.9900
2023-01-12,165.1100
2023-01-11,160.0100
2023-01-10,159.0900
2023-01-09,156.2800
2023-01-06,148.5900
2023-01-05,142.6500
2023-01-04,147.4900
2023-01-03,143.1500
2022-12-30,146.1400
2022-12-29,146.0300
2022-12-28,140.3600
2022-12-27,141.2100
2022-12-23,152.0600
2022-12-22,153.3900
2022-12-21,165.0100
2022-12-20,160.8500
2022-12-19,162.5400
2022-12-16,165.7100
2022-12-15,169.5200
2022-12-14,176.7400
2022-12-13,180.7200
2022-12-12,175.3500
2022-12-09,170.0100
2022-12-08,171.6900
2022-12-07,161.2000
2022-12-06,159.8700
2022-12-05,166.1000
2022-12-02,168.7600
2022-12-01,171.3500
2022-11-30,169.2300
2022-11-29,156.3900
2022-11-28,158.2700
2022-11-25,162.7000
2022-11-23,165.1900
2022-11-22,160.3800
2022-11-21,153.1700
2022-11-18,154.0900
2022-11-17,156.7700
2022-11-16,159.1000
2022-11-15,166.6600
2022-11-14,162.9500
2022-11-11,163.2700
2022-11-10,157.5000
2022-11-09,137.7600
2022-11-08,146.0200
2022-11-07,143.0100
2022-11-04,141.5600
2022-11-03,134.2100
2022-11-02,132.1900
2022-11-01,135.4300
2022-10-31,134.9700
2022-10-28,138.3400
2022-10-27,131.7600
2022-10-26,128.9600
2022-10-25,132.6100
2022-10-24,125.9900
2022-10-21,124.6600
2022-10-20,121.9400
2022-10-19,120.5100
2022-10-18,119.6700
2022-10-17,118.8800
2022-10-14,112.2700
2022-10-13,119.6000
2022-10-12,115.0000
2022-10-11,115.8600
2022-10-10,116.7000
2022-10-07,120.7600
2022-10-06,131.3000
2022-10-05,132.0900
2022-10-04,131.6700
2022-10-03,125.1200
2022-09-30,121.3900
2022-09-29,122.2000
2022-09-28,127.3600
2022-09-27,124.1300
2022-09-26,122.2800
2022-09-23,125.1600
2022-09-22,125.6100
2022-09-21,132.6100
2022-09-20,131.7600
2022-09-19,133.8200
2022-09-16,131.9800
2022-09-15,129.2900
2022-09-14,131.2800
2022-09-13,131.3100
2022-09-12,145.0500
2022-09-09,143.8700
2022-09-08,139.9000
2022-09-07,137.1400
2022-09-06,134.6500
2022-09-02,136.4700
2022-09-01,139.3700
2022-08-31,150.9400
2022-08-30,154.6800
2022-08-29,158.0100
2022-08-26,162.6000
2022-08-25,179.1300
2022-08-24,172.2200
2022-08-23,171.8100
2022-08-22,170.3400
2022-08-19,178.4900
2022-08-18,187.7300
2022-08-17,183.3500
2022-08-16,188.7900
2022-08-15,190.3200
2022-08-12,187.0900
2022-08-11,179.4200
2022-08-10,180.9700
2022-08-09,170.8600
2022-08-08,177.9300
2022-08-05,189.8900
2022-08-04,192.1500
2022-08-03,188.9300
2022-08-02,185.2600
2022-08-01,184.4100
2022-07-29,181.6300
2022-07-28,179.8400
2022-07-27,177.9000
2022-07-26,165.3300
2022-07-25,170.2400
2022-07-22,173.1900
2022-07-21,180.5000
2022-07-20,178.0700
2022-07-19,169.9200
2022-07-18,161.0100
2022-07-15,157.6200
2022-07-14,153.7200
2022-07-13,151.6400
2022-07-12,150.8200
2022-07-11,151.5200
2022-07-08,158.3800
2022-07-07,158.5800
2022-07-06,151.3000
2022-07-05,149.6400
2022-07-01,145.2300
2022-06-30,151.5900
2022-06-29,155.4200
2022-06-28,159.8200
2022-06-27,168.6900
2022-06-24,171.2600
2022-06-23,162.2500
2022-06-22,163.6000
2022-06-21,165.6600
2022-06-17,158.8000
2022-06-16,156.0100
2022-06-15,165.2700
2022-06-14,158.3600
2022-06-13,156.4700
2022-06-10,169.7400
2022-06-09,180.4800
2022-06-08,186.4800
2022-06-07,189.2600
2022-06-06,187.8600
2022-06-03,187.2000
2022-06-02,195.9200
2022-06-01,183.2000
2022-05-31,186.7200
2022-05-27,188.1100
2022-05-26,178.5100
2022-05-25,169.7500
2022-05-24,161.5400
2022-05-23,168.9800
2022-05-20,166.9400
2022-05-19,171.2400
2022-05-18,169.3800
2022-05-17,181.7700
2022-05-16,172.6400
2022-05-13,177.0600
2022-05-12,161.7500
2022-05-11,166.3000
2022-05-10,175.9500
2022-05-09,169.5000
2022-05-06,186.7500
2022-05-05,188.4400
2022-05-04,203.3400
2022-05-03,196.0200
2022-05-02,195.3300
2022-04-29,185.4700
2022-04-28,197.8200
2022-04-27,184.1500
2022-04-26,187.8800
2022-04-25,199.0200
2022-04-22,195.1500
2022-04-21,201.8300
2022-04-20,214.8200
2022-04-19,221.9800
2022-04-18,217.8300
2022-04-14,212.5800
2022-04-13,222.0300
2022-04-12,215.0400
2022-04-11,219.1700
2022-04-08,231.1900
2022-04-07,242.0800
2022-04-06,244.0700
2022-04-05,259.3100
2022-04-04,273.6000
2022-04-01,267.1200
2022-03-31,272.8600
2022-03-30,276.9000
2022-03-29,286.5600
2022-03-28,282.1900
2022-03-25,276.9200
2022-03-24,281.5000
2022-03-23,256.3400
2022-03-22,265.2400
2022-03-21,267.3400
2022-03-18,264.5300
2022-03-17,247.6600
2022-03-16,244.9600
2022-03-15,229.7300
2022-03-14,213.3000
2022-03-11,221.0000
2022-03-10,226.5800
2022-03-09,230.1400
2022-03-08,215.1400
2022-03-07,213.5200
2022-03-04,229.3600
2022-03-03,237.1400
2022-03-02,242.2000
2022-03-01,234.7700
2022-02-28,243.8500
2022-02-25,241.5700
2022-02-24,237.4800
2022-02-23,223.8700
2022-02-22,233.9000
2022-02-18,236.4200
2022-02-17,245.0700
2022-02-16,265.1100
2022-02-15,264.9500
2022-02-14,242.6700
2022-02-11,239.4900
2022-02-10,258.2400
2022-02-09,267.0500
2022-02-08,251.0800
2022-02-07,247.2800
2022-02-04,243.1900
2022-02-03,239.4800
2022-02-02,252.4200
2022-02-01,246.3800
2022-01-31,244.8600
2022-01-28,228.4000
2022-01-27,219.4400
2022-01-26,227.7200
2022-01-25,223.2400
2022-01-24,233.7200
2022-01-21,233.7400
2022-01-20,241.5000
2022-01-19,250.6700
2022-01-18,259.0300
2022-01-14,269.4200
2022-01-13,265.7500
2022-01-12,279.9900
2022-01-11,278.1700
2022-01-10,274.0000
2022-01-07,272.4700
2022-01-06,281.7800
2022-01-05,276.0400
2022-01-04,292.9000
2022-01-03,301.2100
2021-12-31,294.1100
2021-12-30,295.8600
2021-12-29,300.0100
2021-12-28,303.2200
2021-12-27,309.4500
2021-12-23,296.4000
2021-12-22,294.0000
2021-12-21,290.7500
2021-12-20,277.1900
2021-12-17,278.0100
2021-12-16,283.8700
2021-12-15,304.5900
2021-12-14,283.3700
2021-12-13,281.6100
2021-12-10,301.9800
2021-12-09,304.9000
2021-12-08,318.2600
2021-12-07,324.2700
2021-12-06,300.3700
2021-12-03,306.9300
2021-12-02,321.2600
2021-12-01,314.3500
2021-11-30,326.7600
2021-11-29,333.7600
2021-11-26,315.0300
2021-11-24,326.7400
2021-11-23,317.4600
2021-11-22,319.5600
2021-11-19,329.8500
2021-11-18,316.7500
2021-11-17,292.6100
2021-11-16,302.0300
2021-11-15,300.2500
2021-11-12,303.9000
2021-11-11,303.9000
2021-11-10,294.5900
2021-11-09,306.5700
2021-11-08,308.0400
2021-11-05,297.5200
2021-11-04,298.0100
2021-11-03,265.9800
2021-11-02,264.0100
2021-11-01,258.2700
2021-10-29,255.6700
2021-10-28,249.4100
2021-10-27,244.5100
2021-10-26,247.1700
2021-10-25,231.6600
2021-10-22,227.2600
2021-10-21,226.9200
2021-10-20,221.0300
2021-10-19,222.9000
2021-10-18,222.2200
2021-10-15,218.6200
2021-10-14,217.4600
2021-10-13,209.3900
2021-10-12,206.7100
2021-10-11,206.9500
2021-10-08,208.3100
2021-10-07,210.7500
2021-10-06,207.0000
2021-10-05,204.5100
2021-10-04,197.3200
2021-10-01,207.4200
2021-09-30,207.1600
2021-09-29,205.1700
2021-09-28,206.9900
2021-09-27,216.6000
2021-09-24,220.8100
2021-09-23,224.8200
2021-09-22,219.4100
2021-09-21,212.4600
2021-09-20,211.1300
2021-09-17,219.0000
2021-09-16,222.4200
2021-09-15,223.4100
2021-09-14,222.4200
2021-09-13,221.5200
2021-09-10,224.7800
2021-09-09,221.7700
2021-09-08,223.3900
2021-09-07,226.6200
2021-09-03,228.4300
2021-09-02,223.9600
2021-09-01,224.4100
2021-08-31,223.8500
2021-08-30,226.8800
2021-08-27,226.3600
2021-08-26,220.6800
2021-08-25,222.1300
2021-08-24,217.9300
2021-08-23,219.5800
2021-08-20,208.1600
2021-08-19,197.9800
2021-08-18,190.4000
2021-08-17,194.5800
2021-08-16,199.5000
2021-08-13,201.8800
2021-08-12,199.0500
2021-08-11,196.9900
2021-08-10,199.3600
2021-08-09,202.9500
2021-08-06,203.6600
2021-08-05,206.3700
2021-08-04,202.7400
2021-08-03,198.1500
2021-08-02,197.5000
2021-07-30,194.9900
2021-07-29,196.6200
2021-07-28,195.0300
2021-07-27,192.0800
2021-07-26,192.9400
2021-07-23,195.5800
2021-07-22,195.9400
2021-07-21,194.1000
2021-07-20,186.1200
2021-07-19,751.1900
2021-07-16,726.4400
2021-07-15,758.6500
2021-07-14,793.6600
2021-07-13,810.0000
2021-07-12,820.5000
2021-07-09,802.0100
2021-07-08,796.1100
2021-07-07,814.8700
2021-07-06,827.9400
2021-07-02,819.4800
2021-07-01,808.4800
2021-06-30,800.1000
2021-06-29,801.0700
2021-06-28,799.4000
2021-06-25,761.2400
2021-06-24,768.2200
2021-06-23,762.2900
2021-06-22,755.4700
2021-06-21,737.0900
2021-06-18,745.5500
2021-06-17,746.2900
2021-06-16,712.4100
2021-06-15,711.5400
2021-06-14,720.7500
2021-06-11,713.0100
2021-06-10,697.0000
2021-06-09,694.3300
2021-06-08,698.2800
2021-06-07,704.7600
2021-06-04,703.1300
2021-06-03,678.7900
2021-06-02,671.1300
2021-06-01,650.5800
2021-05-28,649.7800
2021-05-27,619.5200
2021-05-26,628.0000
2021-05-25,625.9100
2021-05-24,624.4800
2021-05-21,599.6700
2021-05-20,584.5000
2021-05-19,562.6300
2021-05-18,560.6300
2021-05-17,566.6200
2021-05-14,569.7200
2021-05-13,546.6100
2021-05-12,550.3400
2021-05-11,572.2500
2021-05-10,570.6300
2021-05-07,592.4900
2021-05-06,580.9200
2021-05-05,578.3400
2021-05-04,574.0500
2021-05-03,593.4700
2021-04-30,600.3800
2021-04-29,612.9900
2021-04-28,611.0700
2021-04-27,615.2700
2021-04-26,619.1200
2021-04-23,610.6100
2021-04-22,594.0100
2021-04-21,614.4200
2021-04-20,606.8500
2021-04-19,614.4700
2021-04-16,636.5000
2021-04-15,645.4900
2021-04-14,611.0800
2021-04-13,627.1800
2021-04-12,608.3600
2021-04-09,576.0000
2021-04-08,572.6800
2021-04-07,565.7400
2021-04-06,554.4600
2021-04-05,559.5000
2021-04-01,552.4700
2021-03-31,533.9300
2021-03-30,514.8700
2021-03-29,517.9300
2021-03-26,513.5700
2021-03-25,501.4100
2021-03-24,505.7200
2021-03-23,522.8300
2021-03-22,527.4500
2021-03-19,513.8300
2021-03-18,508.9000
2021-03-17,533.6500
2021-03-16,531.6500
2021-03-15,527.6500
2021-03-12,514.2400
2021-03-11,519.7400
2021-03-10,498.7300
2021-03-09,500.8100
2021-03-08,463.7300
2021-03-05,498.4600
2021-03-04,494.8100
2021-03-03,512.1900
2021-03-02,536.2500
2021-03-01,553.6700
2021-02-26,548.5800
2021-02-25,532.3000
2021-02-24,579.9600
2021-02-23,565.6800
2021-02-22,574.2300
2021-02-19,597.0600
2021-02-18,593.1600
2021-02-17,596.2400
2021-02-16,613.2100
2021-02-12,598.4500
2021-02-11,610.0300
2021-02-10,590.5700
2021-02-09,570.5300
2021-02-08,577.5500
2021-02-05,543.6400
2021-02-04,546.5700
2021-02-03,541.2200
2021-02-02,542.2700
2021-02-01,529.4800
2021-01-29,519.5900
2021-01-28,522.0400
2021-01-27,516.7100
2021-01-26,537.4100
2021-01-25,546.1300
2021-01-22,548.5000
2021-01-21,554.7000
2021-01-20,534.6300
2021-01-19,521.0100
2021-01-15,514.3800
2021-01-14,528.0100
2021-01-13,541.2700
2021-01-12,539.3900
2021-01-11,544.8600
2021-01-08,531.0700
2021-01-07,533.7600
2021-01-06,504.5800
2021-01-05,536.1900
2021-01-04,524.5400
2020-12-31,522.2000
2020-12-30,525.8300
2020-12-29,517.7300
2020-12-28,516.0000
2020-12-24,519.7500
2020-12-23,520.3700
2020-12-22,531.1300
2020-12-21,533.2900
2020-12-18,530.8800
2020-12-17,533.6500
2020-12-16,529.7000
2020-12-15,534.4200
2020-12-14,532.3500
2020-12-11,520.5300
2020-12-10,518.8900
2020-12-09,517.2300
2020-12-08,534.0000
2020-12-07,544.2700
2020-12-04,542.3300
2020-12-03,535.8400
2020-12-02,541.7800
2020-12-01,535.6000
2020-11-30,536.0600
2020-11-27,530.4500
2020-11-25,529.3900
2020-11-24,518.3100
2020-11-23,525.6000
2020-11-20,523.5100
2020-11-19,537.6100
2020-11-18,537.1500
2020-11-17,536.8900
2020-11-16,540.6100
2020-11-13,531.8800
2020-11-12,538.2700
2020-11-11,536.7200
2020-11-10,510.8000
2020-11-09,545.2300
2020-11-06,582.4800
2020-11-05,566.4000
2020-11-04,551.7700
2020-11-03,520.7800
2020-11-02,503.2300
2020-10-30,501.3600
2020-10-29,520.9600
2020-10-28,505.0800
2020-10-27,535.8700
2020-10-26,525.6500
2020-10-23,543.6100
2020-10-22,534.4400
2020-10-21,540.9900
2020-10-20,545.8200
2020-10-19,539.9100
2020-10-16,552.4600
2020-10-15,558.8000
2020-10-14,563.8100
2020-10-13,569.9300
2020-10-12,569.0400
2020-10-09,550.5100
2020-10-08,553.5500
2020-10-07,558.5600
2020-10-06,549.4600
2020-10-05,545.7000
2020-10-02,522.4900
2020-10-01,544.5800
2020-09-30,541.2200
2020-09-29,529.0300
2020-09-28,521.4000
2020-09-25,514.9500
2020-09-24,493.9200
2020-09-23,484.9500
2020-09-22,505.5100
2020-09-21,500.6900
2020-09-18,487.5700
2020-09-17,498.5400
2020-09-16,500.5800
2020-09-15,519.6400
2020-09-14,514.8900
2020-09-11,486.5800
2020-09-10,492.4700
2020-09-09,508.6000
2020-09-08,476.5200
2020-09-04,504.9000
2020-09-03,520.6200
2020-09-02,573.8600
2020-09-01,552.8400
2020-08-31,534.9800
2020-08-28,525.9100
2020-08-27,505.1300
2020-08-26,510.9200
2020-08-25,510.0000
2020-08-24,508.8100
2020-08-21,507.3400
2020-08-20,485.6400
2020-08-19,485.5400
2020-08-18,490.4300
2020-08-17,493.4800
2020-08-14,462.5600
2020-08-13,457.7200
2020-08-12,457.6100
2020-08-11,434.0000
2020-08-10,446.6000
2020-08-07,447.9800
2020-08-06,453.4200
2020-08-05,451.4700
2020-08-04,449.1100
2020-08-03,440.4100
2020-07-31,424.5900
2020-07-30,424.5600
2020-07-29,418.6200
2020-07-28,408.6200
2020-07-27,416.8600
2020-07-24,407.7800
2020-07-23,405.1900
2020-07-22,417.5500
2020-07-21,413.1400
2020-07-20,420.4300
2020-07-17,408.0600
2020-07-16,405.3900
2020-07-15,409.0900
2020-07-14,415.0800
2020-07-13,402.0900
2020-07-10,419.1700
2020-07-09,420.3600
2020-07-08,408.6400
2020-07-07,394.8700
2020-07-06,393.5700
2020-07-02,384.4900
2020-07-01,381.2000
2020-06-30,379.9100
2020-06-29,368.0000
2020-06-26,366.2000
2020-06-25,379.6000
2020-06-24,369.4200
2020-06-23,378.0000
2020-06-22,381.0700
2020-06-19,370.4500
2020-06-18,368.7200
2020-06-17,369.4400
2020-06-16,362.7400
2020-06-15,366.9500
2020-06-12,357.3000
2020-06-11,351.8500
2020-06-10,374.6700
2020-06-09,361.8400
2020-06-08,352.2000
2020-06-05,356.8000
2020-06-04,350.6600
2020-06-03,350.7800
2020-06-02,353.0100
2020-06-01,352.2500
2020-05-29,355.0200
2020-05-28,339.4800
2020-05-27,341.0100
2020-05-26,348.7100
2020-05-22,361.0500
2020-05-21,351.0100
2020-05-20,358.8000
2020-05-19,352.2200
2020-05-18,350.0100
2020-05-15,339.6300
2020-05-14,321.2200
2020-05-13,311.2000
2020-05-12,312.1000
2020-05-11,322.6200
2020-05-08,312.5000
2020-05-07,304.8700
2020-05-06,297.7900
2020-05-05,293.7400
2020-05-04,291.2900
2020-05-01,282.7800
2020-04-30,292.2800
2020-04-29,298.4600
2020-04-28,291.3600
2020-04-27,297.0800
2020-04-24,289.5900
2020-04-23,284.0100
2020-04-22,286.1500
2020-04-21,269.5100
2020-04-20,287.0500
2020-04-17,292.3200
2020-04-16,294.7000
2020-04-15,280.8400
2020-04-14,283.9500
2020-04-13,269.8500
2020-04-09,262.9500
2020-04-08,266.9500
2020-04-07,259.0300
2020-04-06,268.4000
2020-04-03,243.9100
2020-04-02,255.4700
2020-04-01,243.0700
2020-03-31,263.6000
2020-03-30,265.5900
2020-03-27,252.7300
2020-03-26,257.2400
2020-03-25,245.6200
2020-03-24,249.1800
2020-03-23,212.6900
2020-03-20,205.7500
2020-03-19,212.9700
2020-03-18,202.8200
2020-03-17,217.2700
2020-03-16,196.4000
2020-03-13,240.8400
2020-03-12,216.3100
2020-03-11,246.4700
2020-03-10,261.0800
2020-03-09,245.4400
2020-03-06,266.0400
2020-03-05,273.2900
2020-03-04,284.5100
2020-03-03,265.8900
2020-03-02,276.4300
2020-02-28,270.0700
2020-02-27,252.6000
2020-02-26,267.6500
2020-02-25,262.0500
2020-02-24,273.2800
2020-02-21,294.0700
2020-02-20,308.7000
2020-02-19,314.7000
2020-02-18,296.5700
2020-02-14,289.7900
2020-02-13,270.7800
2020-02-12,272.5400
2020-02-11,267.8900
2020-02-10,262.9700
2020-02-07,251.5900
2020-02-06,254.2500
2020-02-05,250.7600
2020-02-04,247.1300
2020-02-03,240.3300
2020-01-31,236.4300
2020-01-30,245.8100
2020-01-29,245.5400
2020-01-28,247.9700
2020-01-27,240.2000
2020-01-24,250.4800
2020-01-23,252.8600
2020-01-22,250.1100
2020-01-21,247.9400
2020-01-17,249.2800
2020-01-16,248.9300
2020-01-15,245.5700
2020-01-14,247.2800
2020-01-13,251.9800
2020-01-10,244.3200
2020-01-09,243.0200
2020-01-08,240.3800
2020-01-07,239.9300
2020-01-06,237.0600
2020-01-03,236.0700
2020-01-02,239.9100
2019-12-31,235.3000
2019-12-30,232.3200
2019-12-27,236.8700
2019-12-26,239.1900
2019-12-24,238.6200
2019-12-23,238.8200
2019-12-20,239.3700
2019-12-19,235.4600
2019-12-18,229.5100
2019-12-17,228.2900
2019-12-16,225.1500
2019-12-13,223.9900
2019-12-12,224.0700
2019-12-11,217.3400
2019-12-10,213.9800
2019-12-09,212.1700
2019-12-06,212.1700
2019-12-05,208.7400
2019-12-04,209.4200
2019-12-03,207.6600
2019-12-02,209.2500
2019-11-29,216.7400
2019-11-27,218.2400
2019-11-26,217.0000
2019-11-25,221.2100
2019-11-22,210.8900
2019-11-21,210.1800
2019-11-20,211.1800
2019-11-19,207.9900
2019-11-18,212.2800
2019-11-15,204.1900
2019-11-14,209.7900
2019-11-13,208.5700
2019-11-12,209.6100
2019-11-11,208.1800
2019-11-08,207.7800
2019-11-07,208.3400
2019-11-06,207.6300
2019-11-05,209.6100
2019-11-04,210.5000
2019-11-01,202.5900
2019-10-31,201.0200
2019-10-30,203.0000
2019-10-29,202.9200
2019-10-28,206.7900
2019-10-25,204.5400
2019-10-24,196.8600
2019-10-23,195.0900
2019-10-22,195.6100
2019-10-21,196.0100
2019-10-18,190.4900
2019-10-17,194.2900
2019-10-16,194.2100
2019-10-15,196.3700
2019-10-14,186.5300
2019-10-11,185.9900
2019-10-10,183.0300
2019-10-09,180.7100
2019-10-08,177.2300
2019-10-07,184.3300
2019-10-04,181.9700
2019-10-03,181.3100
2019-10-02,173.0400
2019-10-01,174.0000
2019-09-30,174.0700
2019-09-27,171.7600
2019-09-26,177.3400
2019-09-25,178.2300
2019-09-24,172.5300
2019-09-23,174.8400
2019-09-20,172.6900
2019-09-19,176.9400
2019-09-18,179.9800
2019-09-17,181.0700
2019-09-16,180.2100
2019-09-13,181.9400
2019-09-12,184.2700
2019-09-11,184.3300
2019-09-10,183.1800
2019-09-09,180.5000
2019-09-06,178.6500
2019-09-05,179.7400
2019-09-04,168.7600
2019-09-03,164.1700
2019-08-30,167.5100
2019-08-29,167.0000
2019-08-28,161.2200
2019-08-27,161.8000
2019-08-26,165.4500
2019-08-23,162.4400
2019-08-22,171.4800
2019-08-21,171.2300
2019-08-20,167.8700
2019-08-19,170.7800
2019-08-16,159.5600
2019-08-15,148.7700
2019-08-14,150.0700
2019-08-13,156.0500
2019-08-12,151.4500
2019-08-09,154.1800
2019-08-08,158.2600
2019-08-07,153.8900
2019-08-06,152.3500
2019-08-05,150.7900
2019-08-02,161.1900
2019-08-01,164.9200
2019-07-31,168.7200
2019-07-30,175.4500
2019-07-29,174.8200
2019-07-26,175.0700
2019-07-25,173.3800
2019-07-24,178.6600
2019-07-23,175.6600
2019-07-22,171.3200
2019-07-19,168.4400
2019-07-18,170.1800
2019-07-17,169.7100
2019-07-16,167.0800
2019-07-15,167.2700
2019-07-12,167.6100
2019-07-11,166.2800
2019-07-10,160.0600
2019-07-09,157.3100
2019-07-08,157.2100
2019-07-05,160.2300
2019-07-03,162.7500
2019-07-02,162.2300
2019-07-01,166.1700
2019-06-28,164.2300
2019-06-27,163.2300
2019-06-26,159.2600
2019-06-25,151.4800
2019-06-24,152.6600
2019-06-21,151.7600
2019-06-20,154.1000
2019-06-19,153.1200
2019-06-18,152.8800
2019-06-17,145.0300
2019-06-14,144.6400
2019-06-13,148.2600
2019-06-12,146.2000
2019-06-11,150.7500
2019-06-10,148.4300
2019-06-07,145.5000
2019-06-06,143.7800
2019-06-05,141.2800
2019-06-04,143.0000
2019-06-03,133.7800
2019-05-31,135.4600
2019-05-30,139.1100
2019-05-29,140.3400
2019-05-28,143.3300
2019-05-24,145.1500
2019-05-23,147.3200
2019-05-22,152.2000
2019-05-21,155.0600
2019-05-20,151.7500
2019-05-17,156.5300
2019-05-16,160.1900
2019-05-15,159.5800
2019-05-14,162.0400
2019-05-13,158.4500
2019-05-10,168.8200
2019-05-09,170.1900
2019-05-08,173.9200
2019-05-07,173.1100
2019-05-06,179.8500
2019-05-03,183.0100
2019-05-02,183.1900
2019-05-01,180.4700
2019-04-30,181.0000
2019-04-29,179.3300
2019-04-26,178.0900
2019-04-25,186.9100
2019-04-24,191.1700
2019-04-23,190.6700
2019-04-22,188.4700
2019-04-18,186.3000
2019-04-17,187.2900
2019-04-16,188.2100
2019-04-15,184.7000
2019-04-12,190.0100
2019-04-11,191.5400
2019-04-10,192.1000
2019-04-09,189.2600
2019-04-08,191.7900
2019-04-05,190.9500
2019-04-04,188.2600
2019-04-03,188.6200
2019-04-02,183.0000
2019-04-01,182.2800
2019-03-29,179.5600
2019-03-28,177.2500
2019-03-27,176.5000
2019-03-26,176.8700
2019-03-25,173.7800
2019-03-22,177.5000
2019-03-21,183.9400
2019-03-20,174.4000
2019-03-19,175.7100
2019-03-18,168.9500
2019-03-15,169.8100
2019-03-14,165.5600
2019-03-13,168.6200
2019-03-12,162.5200
2019-03-11,161.1400
2019-03-08,150.6400
2019-03-07,149.2600
2019-03-06,152.0500
2019-03-05,156.5200
2019-03-04,156.7800
2019-03-01,156.4500
2019-02-28,154.2600
2019-02-27,155.4100
2019-02-26,157.1000
2019-02-25,158.6900
2019-02-22,159.1900
2019-02-21,155.7700
2019-02-20,158.5500
2019-02-19,156.6400
2019-02-15,157.3400
2019-02-14,154.5300
2019-02-13,152.8800
2019-02-12,151.1700
2019-02-11,146.4500
2019-02-08,148.1700
2019-02-07,147.4200
2019-02-06,153.0000
2019-02-05,149.9500
2019-02-04,149.1800
2019-02-01,144.7300
2019-01-31,143.7500
2019-01-30,137.3900
2019-01-29,131.6000
2019-01-28,138.0100
2019-01-25,160.1500
2019-01-24,157.8400
2019-01-23,149.2900
2019-01-22,148.7700
2019-01-18,156.9300
2019-01-17,151.7200
2019-01-16,148.8400
2019-01-15,149.8700
2019-01-14,150.4400
2019-01-11,148.8300
2019-01-10,145.2300
2019-01-09,142.5800
2019-01-08,139.8300
2019-01-07,143.4000
2019-01-04,136.1900
2019-01-03,127.9900
2019-01-02,136.2200
2018-12-31,133.5000
2018-12-28,133.6500
2018-12-27,131.1700
2018-12-26,133.1000
2018-12-24,127.0800
2018-12-21,129.5700
2018-12-20,135.1000
2018-12-19,138.5100
2018-12-18,146.9400
2018-12-17,143.5800
2018-12-14,146.4500
2018-12-13,148.8900
2018-12-12,148.9000
2018-12-11,148.1900
2018-12-10,151.8600
2018-12-07,147.6100
2018-12-06,158.2900
2018-12-04,157.1100
2018-12-03,170.0400
2018-11-30,163.4300
2018-11-29,157.3600
2018-11-28,160.0700
2018-11-27,153.7300
2018-11-26,153.0500
2018-11-23,145.0000
2018-11-21,144.7100
2018-11-20,149.0800
2018-11-19,144.7000
2018-11-16,164.4300
2018-11-15,202.3900
2018-11-14,197.1900
2018-11-13,199.3100
2018-11-12,189.5400
2018-11-09,205.6700
2018-11-08,205.9900
2018-11-07,213.7900
2018-11-06,211.0600
2018-11-05,211.7700
2018-11-02,214.9200
2018-11-01,218.1100
2018-10-31,210.8300
2018-10-30,203.0000
2018-10-29,185.6200
2018-10-26,198.2900
2018-10-25,207.8400
2018-10-24,199.4100
2018-10-23,221.0600
2018-10-22,231.2200
2018-10-19,229.1700
2018-10-18,239.5300
2018-10-17,243.0600
2018-10-16,245.8300
2018-10-15,235.3800
2018-10-12,246.5400
2018-10-11,235.1300
2018-10-10,245.6900
2018-10-09,265.5400
2018-10-08,265.7700
2018-10-05,269.8600
2018-10-04,279.2900
2018-10-03,286.7300
2018-10-02,286.4800
2018-10-01,289.3600
2018-09-28,281.0200
2018-09-27,267.4000
2018-09-26,266.9200
2018-09-25,268.4100
2018-09-24,265.7000
2018-09-21,263.4500
2018-09-20,266.2800
2018-09-19,271.9800
2018-09-18,271.0200
2018-09-17,273.9300
2018-09-14,276.4300
2018-09-13,271.3400
2018-09-12,268.2000
2018-09-11,272.8000
2018-09-10,274.7300
2018-09-07,271.8600
2018-09-06,272.7200
2018-09-05,278.4200
2018-09-04,283.7000
2018-08-31,280.6800
2018-08-30,277.8100
2018-08-29,278.4900
2018-08-28,274.3800
2018-08-27,275.9000
2018-08-24,272.2200
2018-08-23,266.8400
2018-08-22,262.8200
2018-08-21,253.3200
2018-08-20,247.8400
2018-08-17,244.8200
2018-08-16,257.4400
2018-08-15,259.0800
2018-08-14,261.4300
2018-08-13,256.1200
2018-08-10,254.7900
2018-08-09,256.4600
2018-08-08,258.4200
2018-08-07,256.9500
2018-08-06,254.0300
2018-08-03,252.1000
2018-08-02,250.6200
2018-08-01,246.4700
2018-07-31,244.8600
2018-07-30,244.1300
2018-07-27,252.0200
2018-07-26,254.8400
2018-07-25,251.8700
2018-07-24,248.7100
2018-07-23,249.4100
2018-07-20,250.8900
2018-07-19,252.0300
2018-07-18,251.7000
2018-07-17,253.6900
2018-07-16,248.2000
2018-07-13,249.3200
2018-07-12,251.2300
2018-07-11,247.5300
2018-07-10,253.2500
2018-07-09,249.2500
2018-07-06,247.3300
2018-07-05,242.7300
2018-07-03,236.8400
2018-07-02,242.2400
2018-06-29,236.9000
2018-06-28,240.8600
2018-06-27,235.7200
2018-06-26,241.9900
2018-06-25,239.1200
2018-06-22,250.9500
2018-06-21,257.1100
2018-06-20,262.3100
2018-06-19,260.1700
2018-06-18,265.0900
2018-06-15,265.2600
2018-06-14,266.9100
2018-06-13,262.4000
2018-06-12,262.5800
2018-06-11,260.6200
2018-06-08,262.2800
2018-06-07,262.9000
2018-06-06,265.1500
2018-06-05,265.0700
2018-06-04,264.8500
2018-06-01,257.6200
2018-05-31,252.1900
2018-05-30,252.9900
2018-05-29,248.5900
2018-05-25,249.2800
2018-05-24,247.6900
2018-05-23,247.5400
2018-05-22,242.7000
2018-05-21,244.2400
2018-05-18,245.9400
2018-05-17,247.7100
2018-05-16,246.0100
2018-05-15,245.5600
2018-05-14,255.3600
2018-05-11,254.5300
2018-05-10,260.1300
2018-05-09,255.7800
2018-05-08,250.4000
2018-05-07,248.6800
2018-05-04,239.0600
2018-05-03,232.9900
2018-05-02,226.3100
2018-05-01,227.1400
2018-04-30,224.9000
2018-04-27,226.3300
2018-04-26,225.2200
2018-04-25,216.6600
2018-04-24,221.2000
2018-04-23,223.8800
2018-04-20,228.7100
2018-04-19,229.0400
2018-04-18,236.3700
2018-04-17,237.5400
2018-04-16,231.4900
2018-04-13,231.5000
2018-04-12,234.6000
2018-04-11,226.2400
2018-04-10,227.9100
2018-04-09,215.4100
2018-04-06,214.2500
2018-04-05,221.3800
2018-04-04,226.2400
2018-04-03,225.3500
2018-04-02,221.0500
2018-03-29,231.5900
2018-03-28,221.3500
2018-03-27,225.5200
2018-03-26,244.4800
2018-03-23,232.9700
2018-03-22,241.8500
2018-03-21,248.5600
2018-03-20,249.5800
2018-03-19,241.0000
2018-03-16,250.4800
2018-03-15,249.3400
2018-03-14,248.7400
2018-03-13,247.7100
2018-03-12,249.7600
2018-03-09,245.3300
2018-03-08,241.1800
2018-03-07,241.8400
2018-03-06,242.1600
2018-03-05,235.6500
2018-03-02,236.5400
2018-03-01,232.2100
2018-02-28,242.0000
2018-02-27,246.0600
2018-02-26,246.5800
2018-02-23,245.9300
2018-02-22,242.1500
2018-02-21,241.5100
2018-02-20,249.0800
2018-02-16,243.8400
2018-02-15,246.5000
2018-02-14,241.4200
2018-02-13,232.6300
2018-02-12,228.0300
2018-02-09,232.0800
2018-02-08,217.5200
2018-02-07,228.8000
2018-02-06,225.5800
2018-02-05,213.7000
2018-02-02,233.5200
2018-02-01,240.5000
2018-01-31,245.8000
2018-01-30,242.7200
2018-01-29,246.8500
2018-01-26,243.3300
2018-01-25,236.3500
2018-01-24,235.8000
2018-01-23,238.9100
2018-01-22,233.6900
2018-01-19,230.1100
2018-01-18,224.4400
2018-01-17,224.7200
2018-01-16,220.1100
2018-01-12,222.9800
2018-01-11,224.0800
2018-01-10,223.6800
2018-01-09,221.9400
2018-01-08,222.0000
2018-01-05,215.4000
2018-01-04,213.5900
2018-01-03,212.4700
2018-01-02,199.3500
2017-12-29,193.5000
2017-12-28,197.4000
2017-12-27,197.1700
2017-12-26,197.4400
2017-12-22,195.2700
2017-12-21,195.8900
2017-12-20,196.8000
2017-12-19,196.1100
2017-12-18,197.9000
2017-12-15,191.5600
2017-12-14,186.4700
2017-12-13,186.1800
2017-12-12,190.8400
2017-12-11,194.6600
2017-12-08,191.4900
2017-12-07,191.9900
2017-12-06,189.2600
2017-12-05,187.7400
2017-12-04,186.6600
2017-12-01,197.6800
2017-11-30,200.7100
2017-11-29,196.4200
2017-11-28,210.7100
2017-11-27,214.1400
2017-11-24,216.9600
2017-11-22,214.9300
2017-11-21,216.0500
2017-11-20,214.0800
2017-11-17,211.3600
2017-11-16,211.6100
2017-11-15,209.9800
2017-11-14,214.1800
2017-11-13,212.6300
2017-11-10,216.1400
2017-11-09,205.3200
2017-11-08,209.1600
2017-11-07,212.0300
2017-11-06,209.6300
2017-11-03,208.6900
2017-11-02,205.9400
2017-11-01,207.2000
2017-10-31,206.8100
2017-10-30,203.8400
2017-10-27,201.8600
2017-10-26,195.6900
2017-10-25,193.6600
2017-10-24,198.6800
2017-10-23,196.6200
2017-10-20,196.9000
2017-10-19,197.8000
2017-10-18,197.5800
2017-10-17,197.7500
2017-10-16,197.9300
2017-10-13,194.5900
2017-10-12,191.0300
2017-10-11,190.9400
2017-10-10,188.9300
2017-10-09,185.3900
2017-10-06,181.3000
2017-10-05,180.7700
2017-10-04,180.8700
2017-10-03,179.3700
2017-10-02,179.0000
2017-09-29,178.7700
2017-09-28,175.6800
2017-09-27,175.7300
2017-09-26,171.9600
2017-09-25,171.0000
2017-09-22,179.0000
2017-09-21,180.7600
2017-09-20,185.8400
2017-09-19,187.3500
2017-09-18,187.5500
2017-09-15,180.1100
2017-09-14,169.4000
2017-09-13,170.3700
2017-09-12,169.6100
2017-09-11,169.0000
2017-09-08,163.6900
2017-09-07,166.5800
2017-09-06,165.8100
2017-09-05,165.9100
2017-09-01,170.4600
2017-08-31,169.4400
2017-08-30,165.6800
2017-08-29,164.7000
2017-08-28,164.9700
2017-08-25,163.8100
2017-08-24,165.1900
2017-08-23,165.8000
2017-08-22,162.5500
2017-08-21,159.1500
2017-08-18,161.5000
2017-08-17,161.4700
2017-08-16,165.1500
2017-08-15,166.9800
2017-08-14,168.4000
2017-08-11,155.9600
2017-08-10,164.7400
2017-08-09,172.1100
2017-08-08,170.3000
2017-08-07,172.3500
2017-08-04,167.2100
2017-08-03,166.4800
2017-08-02,164.3900
2017-08-01,164.4900
2017-07-31,162.5100
2017-07-28,164.3900
2017-07-27,161.7400
2017-07-26,167.2600
2017-07-25,165.3500
2017-07-24,166.1500
2017-07-21,168.1000
2017-07-20,167.5000
2017-07-19,165.1000
2017-07-18,165.9600
2017-07-17,164.2500
2017-07-14,164.9500
2017-07-13,160.6300
2017-07-12,162.5100
2017-07-11,155.8800
2017-07-10,153.7000
2017-07-07,146.7600
2017-07-06,143.4800
2017-07-05,143.0500
2017-07-03,139.3300
2017-06-30,144.5600
2017-06-29,146.6800
2017-06-28,151.7500
2017-06-27,146.5800
2017-06-26,152.1500
2017-06-23,153.8300
2017-06-22,158.3700
2017-06-21,159.4700
2017-06-20,157.0900
2017-06-19,157.3200
2017-06-16,151.6200
2017-06-15,152.3700
2017-06-14,151.7200
2017-06-13,151.4000
2017-06-12,149.9700
2017-06-09,149.6000
2017-06-08,159.9400
2017-06-07,149.1200
2017-06-06,147.3400
2017-06-05,148.0100
2017-06-02,143.6400
2017-06-01,144.3600
2017-05-31,144.3500
2017-05-30,144.8700
2017-05-26,141.8400
2017-05-25,138.2600
2017-05-24,138.5700
2017-05-23,137.0300
2017-05-22,138.9000
2017-05-19,136.0000
2017-05-18,133.0700
2017-05-17,127.7200
2017-05-16,136.8100
2017-05-15,134.3100
2017-05-12,127.8900
2017-05-11,126.5000
2017-05-10,121.2900
2017-05-09,102.9400
2017-05-08,102.7700
2017-05-05,103.8600
2017-05-04,103.8500
2017-05-03,104.2500
2017-05-02,103.4800
2017-05-01,106.6400
2017-04-28,104.3000
2017-04-27,105.6400
2017-04-26,104.0200
2017-04-25,104.7400
2017-04-24,102.9500
2017-04-21,101.6800
2017-04-20,101.2600
2017-04-19,99.6800
2017-04-18,99.2900
2017-04-17,99.2300
2017-04-13,95.4900
2017-04-12,97.3100
2017-04-11,98.1200
2017-04-10,97.7700
2017-04-07,100.3300
2017-04-06,100.7600
2017-04-05,100.0300
2017-04-04,100.7800
2017-04-03,108.3800
2017-03-31,108.9300
2017-03-30,109.4000
2017-03-29,107.3400
2017-03-28,107.6900
2017-03-27,108.2500
2017-03-24,107.4700
2017-03-23,107.0900
2017-03-22,108.0700
2017-03-21,105.9100
2017-03-20,109.4500
2017-03-17,106.0700
2017-03-16,103.8100
2017-03-15,102.5500
2017-03-14,101.7800
2017-03-13,101.8500
2017-03-10,99.1200
2017-03-09,98.5400
2017-03-08,98.5600
2017-03-07,98.7400
2017-03-06,97.6700
2017-03-03,98.4300
2017-03-02,99.0000
2017-03-01,102.7900
2017-02-28,101.4800
2017-02-27,104.4100
2017-02-24,101.4600
2017-02-23,100.4900
2017-02-22,110.7600
2017-02-21,111.0700
2017-02-17,107.2300
2017-02-16,107.2500
2017-02-15,109.0000
2017-02-14,108.7800
2017-02-13,108.3800
2017-02-10,113.6200
2017-02-09,116.3800
2017-02-08,118.6100
2017-02-07,119.1300
2017-02-06,117.3100
2017-02-03,114.3800
2017-02-02,115.3900
2017-02-01,113.9500
2017-01-31,109.1800
2017-01-30,110.0200
2017-01-27,111.7700
2017-01-26,109.6500
2017-01-25,107.7900
2017-01-24,107.3300
2017-01-23,105.0900
2017-01-20,104.0100
2017-01-19,105.1600
2017-01-18,102.9500
2017-01-17,101.1100
2017-01-13,103.4300
2017-01-12,103.4400
2017-01-11,105.1600
2017-01-10,106.4700
2017-01-09,107.2800
2017-01-06,103.1000
2017-01-05,101.7400
2017-01-04,104.3900
2017-01-03,102.0100
2016-12-30,106.7400
2016-12-29,111.4300
2016-12-28,109.2500
2016-12-27,117.3200
2016-12-23,109.7800
2016-12-22,107.1100
2016-12-21,105.8300
2016-12-20,105.1700
2016-12-19,101.6300
2016-12-16,100.4100
2016-12-15,98.7100
2016-12-14,96.4500
2016-12-13,91.1700
2016-12-12,89.5900
2016-12-09,91.8200
2016-12-08,93.4800
2016-12-07,95.0700
2016-12-06,93.3900
2016-12-05,91.8800
2016-12-02,88.4500
2016-12-01,87.6400
2016-11-30,92.2000
2016-11-29,93.2500
2016-11-28,94.1100
2016-11-25,94.1600
2016-11-23,93.9700
2016-11-22,93.6500
2016-11-21,92.9800
2016-11-18,93.3600
2016-11-17,92.3900
2016-11-16,91.6300
2016-11-15,86.1900
2016-11-14,83.6400
2016-11-11,87.9700
2016-11-10,67.7700
2016-11-09,69.9600
2016-11-08,71.1600
2016-11-07,71.2700
2016-11-04,67.5700
2016-11-03,67.9600
2016-11-02,68.7600
2016-11-01,69.0500
2016-10-31,71.1600
2016-10-28,70.5600
2016-10-27,70.6800
2016-10-26,72.1600
2016-10-25,71.8700
2016-10-24,70.7100
2016-10-21,67.5400
2016-10-20,67.7300
2016-10-19,66.4700
2016-10-18,66.6100
2016-10-17,65.6100
2016-10-14,65.9900
2016-10-13,65.3500
2016-10-12,66.4300
2016-10-11,66.1300
2016-10-10,67.1000
2016-10-07,66.8500
2016-10-06,67.3400
2016-10-05,68.2300
2016-10-04,68.3000
2016-10-03,68.4500
2016-09-30,68.5200
2016-09-29,67.4000
2016-09-28,66.7800
2016-09-27,66.5400
2016-09-26,64.3400
2016-09-23,64.9500
2016-09-22,65.0200
2016-09-21,64.8600
2016-09-20,63.0900
2016-09-19,63.6700
2016-09-16,62.8400
2016-09-15,62.6900
2016-09-14,60.4000
2016-09-13,59.8700
2016-09-12,60.7500
2016-09-09,59.5200
2016-09-08,62.6400
2016-09-07,62.1900
2016-09-06,63.1200
2016-09-02,62.5300
2016-09-01,63.1500
2016-08-31,61.3400
2016-08-30,61.6300
2016-08-29,61.9900
2016-08-26,62.0300
2016-08-25,61.5300
2016-08-24,61.9400
2016-08-23,62.9100
2016-08-22,62.5200
2016-08-19,62.2600
2016-08-18,62.1000
2016-08-17,61.1500
2016-08-16,62.6000
2016-08-15,62.9800
2016-08-12,63.0400
2016-08-11,59.7000
2016-08-10,58.5100
2016-08-09,58.8900
2016-08-08,58.7400
2016-08-05,58.2000
2016-08-04,57.2300
2016-08-03,56.1900
2016-08-02,56.0400
2016-08-01,56.7300
2016-07-29,57.1000
2016-07-28,56.1800
2016-07-27,56.0600
2016-07-26,56.6300
2016-07-25,55.6800
2016-07-22,54.6700
2016-07-21,53.2200
2016-07-20,54.2200
2016-07-19,53.5200
2016-07-18,52.9700
2016-07-15,52.7000
2016-07-14,53.3200
2016-07-13,52.7800
2016-07-12,52.8000
2016-07-11,52.0200
2016-07-08,50.8500
2016-07-07,48.8900
2016-07-06,47.6500
2016-07-05,47.3500
2016-07-01,46.6600
2016-06-30,47.0100
2016-06-29,46.6500
2016-06-28,45.9000
2016-06-27,45.2400
2016-06-24,45.7300
2016-06-23,48.4900
2016-06-22,47.2300
2016-06-21,47.2700
2016-06-20,47.5600
2016-06-17,46.7200
2016-06-16,47.5500
2016-06-15,47.3600
2016-06-14,46.8800
2016-06-13,46.7900
2016-06-10,46.2000
2016-06-09,47.3800
2016-06-08,46.1800
2016-06-07,46.3300
2016-06-06,46.2400
2016-06-03,46.4800
2016-06-02,47.1400
2016-06-01,46.8100
2016-05-31,46.7200
2016-05-27,45.9000
2016-05-26,45.6500
2016-05-25,45.1700
2016-05-24,45.3600
2016-05-23,44.4000
2016-05-20,44.3300
2016-05-19,43.5500
2016-05-18,43.3600
2016-05-17,42.2800
2016-05-16,42.1900
2016-05-13,40.9800
2016-05-12,35.5700
2016-05-11,36.0600
2016-05-10,35.9600
2016-05-09,35.2800
2016-05-06,35.3300
2016-05-05,34.9700
2016-05-04,34.7600
2016-05-03,35.5700
2016-05-02,36.0000
2016-04-29,35.5300
2016-04-28,36.2000
2016-04-27,37.3100
2016-04-26,36.4800
2016-04-25,36.4500
2016-04-22,36.2700
2016-04-21,36.4100
2016-04-20,36.4500
2016-04-19,36.3100
2016-04-18,36.9700
2016-04-15,37.1300
2016-04-14,36.8400
2016-04-13,36.7400
2016-04-12,35.8400
2016-04-11,35.8800
2016-04-08,35.6600
2016-04-07,35.4300
2016-04-06,35.8000
2016-04-05,35.7500
2016-04-04,35.8000
2016-04-01,36.1500
2016-03-31,35.6300
2016-03-30,35.7600
2016-03-29,35.3900
2016-03-28,34.8300
2016-03-24,34.4800
2016-03-23,34.4300
2016-03-22,33.8500
2016-03-21,33.9100
2016-03-18,33.8100
2016-03-17,32.8200
2016-03-16,33.1000
2016-03-15,32.1400
2016-03-14,32.3000
2016-03-11,32.2200
2016-03-10,31.6800
2016-03-09,31.7300
2016-03-08,31.7500
2016-03-07,32.3400
2016-03-04,32.5500
2016-03-03,32.6500
2016-03-02,32.9400
2016-03-01,32.7500
2016-02-29,31.3600
2016-02-26,31.6800
2016-02-25,31.8900
2016-02-24,31.8200
2016-02-23,31.6000
2016-02-22,31.5200
2016-02-19,30.4400
2016-02-18,30.0400
2016-02-17,27.6600
2016-02-16,26.9900
2016-02-12,25.7300
2016-02-11,25.3000
2016-02-10,25.4300
2016-02-09,25.4900
2016-02-08,25.2200
2016-02-05,26.4300
2016-02-04,28.2100
2016-02-03,28.2000
2016-02-02,28.0600
2016-02-01,29.3000
2016-01-29,29.2900
2016-01-28,28.0500
2016-01-27,28.3600
2016-01-26,28.7000
2016-01-25,28.4200
2016-01-22,28.4500
2016-01-21,27.8000
2016-01-20,27.4800
2016-01-19,27.3300
2016-01-15,27.1100
2016-01-14,28.6700
2016-01-13,29.2600
2016-01-12,30.1800
2016-01-11,29.6800
2016-01-08,29.6300
2016-01-07,30.2800
2016-01-06,31.5300
2016-01-05,32.8900
2016-01-04,32.3700
2015-12-31,32.9600
2015-12-30,33.3900
2015-12-29,33.6800
2015-12-28,33.1400
2015-12-24,33.1700
2015-12-23,33.0550
2015-12-22,32.9300
2015-12-21,32.8950
2015-12-18,32.1400
2015-12-17,32.6700
2015-12-16,33.1700
2015-12-15,32.9700
2015-12-14,32.5700
2015-12-11,32.4900
2015-12-10,32.9800
2015-12-09,32.7100
2015-12-08,33.5600
2015-12-07,33.1100
2015-12-04,33.7500
2015-12-03,32.4300
2015-12-02,32.5000
2015-12-01,32.7500
2015-11-30,31.7200
2015-11-27,31.3900
2015-11-25,31.1300
2015-11-24,31.1700
2015-11-23,30.9200
2015-11-20,31.3900
2015-11-19,31.1200
2015-11-18,31.0300
2015-11-17,30.4000
2015-11-16,30.4000
2015-11-13,29.8000
2015-11-12,30.4000
2015-11-11,30.5100
2015-11-10,30.8100
2015-11-09,31.4100
2015-11-06,31.5500
2015-11-05,27.7100
2015-11-04,28.0300
2015-11-03,28.5000
2015-11-02,28.7000
2015-10-30,28.3700
2015-10-29,27.6800
2015-10-28,28.6700
2015-10-27,28.4400
2015-10-26,28.4600
2015-10-23,28.5900
2015-10-22,28.4000
2015-10-21,27.4100
2015-10-20,27.7700
2015-10-19,27.8100
2015-10-16,27.8600
2015-10-15,27.4300
2015-10-14,27.3600
2015-10-13,26.4000
2015-10-12,26.3500
2015-10-09,26.0700
2015-10-08,26.1700
2015-10-07,26.0200
2015-10-06,25.7500
2015-10-05,25.4200
2015-10-02,24.8000
2015-10-01,24.1700
2015-09-30,24.6400
2015-09-29,23.7100
2015-09-28,23.3000
2015-09-25,23.6100
2015-09-24,23.4400
2015-09-23,23.0000
2015-09-22,22.8900
2015-09-21,23.5300
2015-09-18,23.2900
2015-09-17,23.3100
2015-09-16,23.1000
2015-09-15,22.9400
2015-09-14,22.6900
2015-09-11,22.6500
2015-09-10,22.5800
2015-09-09,22.2300
2015-09-08,22.6800
2015-09-04,21.7500
2015-09-03,22.2700
2015-09-02,22.2100
2015-09-01,21.5600
2015-08-31,22.4800
2015-08-28,22.7300
2015-08-27,22.6300
2015-08-26,21.8100
2015-08-25,20.2800
2015-08-24,20.7100
2015-08-21,21.4700
2015-08-20,22.1600
2015-08-19,22.9900
2015-08-18,23.0800
2015-08-17,23.3900
2015-08-14,23.5400
2015-08-13,23.5200
2015-08-12,23.7200
2015-08-11,23.6600
2015-08-10,23.7800
2015-08-07,22.9800
2015-08-06,20.4500
2015-08-05,20.5800
2015-08-04,20.3700
2015-08-03,20.2900
2015-07-31,19.9500
2015-07-30,20.0200
2015-07-29,19.9700
2015-07-28,19.7300
2015-07-27,19.3100
2015-07-24,19.4200
2015-07-23,19.6500
2015-07-22,19.4050
2015-07-21,19.7900
2015-07-20,19.7000
2015-07-17,20.0700
2015-07-16,20.1900
2015-07-15,19.7500
2015-07-14,19.8900
2015-07-13,19.8800
2015-07-10,19.7500
2015-07-09,19.4100
2015-07-08,19.6500
2015-07-07,19.7900
2015-07-06,20.1700
2015-07-02,20.4200
2015-07-01,20.4000
2015-06-30,20.1100
2015-06-29,20.1200
2015-06-26,20.7400
2015-06-25,21.1700
2015-06-24,21.0100
2015-06-23,21.2200
2015-06-22,21.7750
2015-06-19,21.8700
2015-06-18,21.9400
2015-06-17,21.5800
2015-06-16,21.3300
2015-06-15,21.0700
2015-06-12,21.1100
2015-06-11,21.7000
2015-06-10,21.4700
2015-06-09,21.8600
2015-06-08,21.7500
2015-06-05,22.2600
2015-06-04,22.0900
2015-06-03,21.7000
2015-06-02,21.9350
2015-06-01,22.3800
2015-05-29,22.1300
2015-05-28,22.1400
2015-05-27,21.8400
2015-05-26,20.7300
2015-05-22,20.8600
2015-05-21,20.8900
2015-05-20,21.0400
2015-05-19,21.0400
2015-05-18,21.2700
2015-05-15,21.3000
2015-05-14,21.2900
2015-05-13,20.9500
2015-05-12,20.8300
2015-05-11,20.6300
2015-05-08,20.8250
2015-05-07,22.4900
2015-05-06,22.1000
2015-05-05,22.0300
2015-05-04,22.6100
2015-05-01,22.7500
2015-04-30,22.1950
2015-04-29,22.1400
2015-04-28,22.3050
2015-04-27,22.2000
2015-04-24,22.0300
2015-04-23,22.2200
2015-04-22,22.3100
2015-04-21,22.0550
2015-04-20,22.0900
2015-04-17,22.2000
2015-04-16,22.4900
2015-04-15,22.6300
2015-04-14,22.3600
2015-04-13,22.5500
2015-04-10,22.7600
2015-04-09,22.5250
2015-04-08,22.0200
2015-04-07,21.8600
2015-04-06,21.6650
2015-04-02,21.0600
2015-04-01,21.0100
2015-03-31,20.9250
2015-03-30,21.4700
2015-03-27,21.3800
2015-03-26,20.9650
2015-03-25,21.0400
2015-03-24,22.4000
2015-03-23,22.7100
2015-03-20,23.4700
2015-03-19,23.2150
2015-03-18,22.8700
2015-03-17,23.2500
2015-03-16,22.9700
2015-03-13,22.7000
2015-03-12,22.6700
2015-03-11,22.8800
2015-03-10,22.9950
2015-03-09,22.6100
2015-03-06,22.5500
2015-03-05,22.8600
2015-03-04,22.4300
2015-03-03,22.1800
2015-03-02,22.5950
2015-02-27,22.0600
2015-02-26,22.2000
2015-02-25,22.1400
2015-02-24,22.3100
2015-02-23,22.1600
2015-02-20,22.3350
2015-02-19,22.1750
2015-02-18,22.1200
2015-02-17,22.3750
2015-02-13,22.3100
2015-02-12,22.3000
2015-02-11,20.8100
2015-02-10,20.9500
2015-02-09,20.3800
2015-02-06,20.4000
2015-02-05,20.4850
2015-02-04,20.1600
2015-02-03,20.1100
2015-02-02,19.6200
2015-01-30,19.2050
2015-01-29,19.7800
2015-01-28,19.3100
2015-01-27,19.6300
2015-01-26,20.6150
2015-01-23,20.7100
2015-01-22,20.6500
2015-01-21,20.3000
2015-01-20,20.0200
2015-01-16,19.9600
2015-01-15,19.6000
2015-01-14,19.7400
2015-01-13,19.6550
2015-01-12,19.6900
2015-01-09,19.9400
2015-01-08,19.8600
2015-01-07,19.1350
2015-01-06,19.1900
2015-01-05,19.7900
2015-01-02,20.1300
2014-12-31,20.0500
2014-12-30,20.3700
2014-12-29,20.5600
2014-12-26,20.5900
2014-12-24,20.5700
2014-12-23,20.6500
2014-12-22,20.7800
2014-12-19,20.4200
2014-12-18,20.2200
2014-12-17,20.1400
2014-12-16,19.3450
2014-12-15,19.5700
2014-12-12,19.6300
2014-12-11,20.2600
2014-12-10,20.2700
2014-12-09,20.7300
2014-12-08,20.8000
2014-12-05,21.0700
2014-12-04,20.9500
2014-12-03,21.1400
2014-12-02,20.6100
2014-12-01,20.5800
2014-11-28,20.9700
2014-11-26,20.9150
2014-11-25,20.5700
2014-11-24,20.5800
2014-11-21,20.4550
2014-11-20,20.3400
2014-11-19,20.0100
2014-11-18,20.1700
2014-11-17,19.6950
2014-11-14,19.7850
2014-11-13,19.5500
2014-11-12,19.6450
2014-11-11,19.7800
2014-11-10,20.0200
2014-11-07,19.7900
2014-11-06,20.2200
2014-11-05,20.1300
2014-11-04,20.1300
2014-11-03,19.8700
2014-10-31,19.5400
2014-10-30,18.6900
2014-10-29,18.8050
2014-10-28,18.9300
2014-10-27,18.4900
2014-10-24,18.4800
2014-10-23,18.2850
2014-10-22,17.8900
2014-10-21,18.3200
2014-10-20,17.5700
2014-10-17,17.4200
2014-10-16,17.4500
2014-10-15,17.4400
2014-10-14,17.1750
2014-10-13,16.7850
2014-10-10,16.8450
2014-10-09,17.9100
2014-10-08,18.2600
2014-10-07,17.9250
2014-10-06,18.1200
2014-10-03,18.2300
2014-10-02,18.1900
2014-10-01,18.2700
2014-09-30,18.4500
2014-09-29,18.5150
2014-09-26,18.5450
2014-09-25,18.5100
2014-09-24,18.9200
2014-09-23,18.8100
2014-09-22,18.8900
2014-09-19,19.0800
2014-09-18,19.4400
2014-09-17,19.1500
2014-09-16,19.1350
2014-09-15,18.8600
2014-09-12,19.1200
2014-09-11,19.4100
2014-09-10,19.6100
2014-09-09,19.5400
2014-09-08,19.7900
2014-09-05,19.9700
2014-09-04,20.0300
2014-09-03,19.6850
2014-09-02,19.4950
2014-08-29,19.4500
2014-08-28,19.3900
2014-08-27,19.2300
2014-08-26,19.4550
2014-08-25,19.1100
2014-08-22,19.0800
2014-08-21,19.0700
2014-08-20,19.2500
2014-08-19,19.3700
2014-08-18,19.3000
2014-08-15,19.0400
2014-08-14,18.8000
2014-08-13,19.0100
2014-08-12,18.9000
2014-08-11,18.9000
2014-08-08,19.0000
2014-08-07,17.4600
2014-08-06,17.6400
2014-08-05,17.6600
2014-08-04,17.6500
2014-08-01,17.6900
2014-07-31,17.5000
2014-07-30,18.0800
2014-07-29,17.7800
2014-07-28,17.7200
2014-07-25,17.7900
2014-07-24,18.1100
2014-07-23,18.0800
2014-07-22,18.4700
2014-07-21,18.5500
2014-07-18,18.4400
2014-07-17,19.3000
2014-07-16,19.3500
2014-07-15,19.3700
2014-07-14,19.2900
2014-07-11,19.0500
2014-07-10,19.0050
2014-07-09,19.1100
2014-07-08,18.5500
2014-07-07,18.7000
2014-07-03,18.8500
2014-07-02,18.6825
2014-07-01,18.7500
2014-06-30,18.5400
2014-06-27,18.3800
2014-06-26,18.3600
2014-06-25,18.6100
2014-06-24,18.4200
2014-06-23,18.7100
2014-06-20,18.9300
2014-06-19,19.1380
2014-06-18,19.5900
2014-06-17,19.6100
2014-06-16,19.4800
2014-06-13,19.5400
2014-06-12,19.5200
2014-06-11,19.4000
2014-06-10,19.1500
2014-06-09,19.0500
2014-06-06,19.0300
2014-06-05,18.9600
2014-06-04,18.8800
2014-06-03,18.8600
2014-06-02,18.9400
2014-05-30,19.0000
2014-05-29,18.9500
2014-05-28,18.9800
2014-05-27,18.8200
2014-05-23,18.4900
2014-05-22,18.3200
2014-05-21,18.2400
2014-05-20,18.2400
2014-05-19,18.5400
2014-05-16,17.9600
2014-05-15,18.0000
2014-05-14,18.1000
2014-05-13,18.2800
2014-05-12,18.5800
2014-05-09,18.0500
2014-05-08,18.5000
2014-05-07,18.2750
2014-05-06,18.2500
2014-05-05,18.6300
2014-05-02,18.4300
2014-05-01,18.5700
2014-04-30,18.4700
2014-04-29,18.6900
2014-04-28,18.6500
2014-04-25,18.7300
2014-04-24,19.2600
2014-04-23,19.0900
2014-04-22,18.8700
2014-04-21,18.7100
2014-04-17,18.5600
2014-04-16,18.4900
2014-04-15,18.4500
2014-04-14,18.3200
2014-04-11,18.1200
2014-04-10,18.3800
2014-04-09,18.8400
2014-04-08,18.8600
2014-04-07,18.2100
2014-04-04,18.1500
2014-04-03,18.7300
2014-04-02,18.5300
2014-04-01,18.6500
2014-03-31,17.9100
2014-03-28,17.9000
2014-03-27,17.7900
2014-03-26,18.0300
2014-03-25,18.4500
2014-03-24,18.4500
2014-03-21,18.5400
2014-03-20,18.5700
2014-03-19,18.5550
2014-03-18,18.2400
2014-03-17,17.8200
2014-03-14,17.8200
2014-03-13,17.7400
2014-03-12,18.3200
2014-03-11,18.2700
2014-03-10,18.0900
2014-03-07,18.3600
2014-03-06,18.3800
2014-03-05,18.6400
2014-03-04,18.4800
2014-03-03,18.2900
2014-02-28,18.3800
2014-02-27,18.5000
2014-02-26,18.7100
2014-02-25,18.7400
2014-02-24,18.9100
2014-02-21,18.6400
2014-02-20,18.7800
2014-02-19,18.1400
2014-02-18,17.9000
2014-02-14,17.9100
2014-02-13,17.3600
2014-02-12,16.8300
2014-02-11,16.2500
2014-02-10,15.9200
2014-02-07,15.8700
2014-02-06,15.6400
2014-02-05,15.4400
2014-02-04,15.5800
2014-02-03,15.4900
2014-01-31,15.7000
2014-01-30,15.7200
2014-01-29,15.4600
2014-01-28,15.6100
2014-01-27,15.4600
2014-01-24,15.5600
2014-01-23,15.9700
2014-01-22,16.0300
2014-01-21,16.0500
2014-01-17,15.9900
2014-01-16,16.0600
2014-01-15,16.0100
2014-01-14,15.8400
2014-01-13,15.3600
2014-01-10,15.7300
2014-01-09,15.7500
2014-01-08,16.3600
2014-01-07,16.1400
2014-01-06,15.8800
2014-01-03,15.6700
2014-01-02,15.8600
2013-12-31,16.0200
2013-12-30,15.9700
2013-12-27,15.7600
2013-12-26,15.6700
2013-12-24,15.8200
2013-12-23,15.7800
2013-12-20,15.6850
2013-12-19,15.3800
2013-12-18,15.3200
2013-12-17,15.1100
2013-12-16,15.0400
2013-12-13,15.0200
2013-12-12,15.1100
2013-12-11,15.4100
2013-12-10,15.5600
2013-12-09,15.2050
2013-12-06,15.4700
2013-12-05,15.7000
2013-12-04,15.9600
2013-12-03,15.7400
2013-12-02,15.7500
2013-11-29,15.6000
2013-11-27,15.7000
2013-11-26,15.6400
2013-11-25,15.5100
2013-11-22,15.1800
2013-11-21,15.3300
2013-11-20,15.2100
2013-11-19,15.4400
2013-11-18,15.7800
2013-11-15,16.1700
2013-11-14,16.2200
2013-11-13,16.1500
2013-11-12,15.7150
2013-11-11,15.6900
2013-11-08,15.5600
2013-11-07,14.5450
2013-11-06,14.9000
2013-11-05,14.8000
2013-11-04,14.8200
2013-11-01,15.2550
2013-10-31,15.1890
2013-10-30,15.2200
2013-10-29,15.2300
2013-10-28,15.2100
2013-10-25,15.2400
2013-10-24,15.3850
2013-10-23,15.5010
2013-10-22,15.7700
2013-10-21,15.8500
2013-10-18,15.8100
2013-10-17,15.6300
2013-10-16,15.6000
2013-10-15,15.4100
2013-10-14,15.4900
2013-10-11,15.2600
2013-10-10,15.3850
2013-10-09,15.2200
2013-10-08,15.4600
2013-10-07,15.5900
2013-10-04,15.5900
2013-10-03,15.3800
2013-10-02,15.5400
2013-10-01,15.5500
2013-09-30,15.5600
2013-09-27,15.5800
2013-09-26,15.6700
2013-09-25,15.7250
2013-09-24,15.7000
2013-09-23,15.6400
2013-09-20,15.7950
2013-09-19,15.9250
2013-09-18,15.9990
2013-09-17,15.8600
2013-09-16,15.8100
2013-09-13,15.8000
2013-09-12,15.7000
2013-09-11,15.7100
2013-09-10,15.4500
2013-09-09,15.1250
2013-09-06,14.8800
2013-09-05,14.9400
2013-09-04,14.9000
2013-09-03,14.7600
2013-08-30,14.7500
2013-08-29,14.7700
2013-08-28,14.8000
2013-08-27,14.8050
2013-08-26,14.9950
2013-08-23,14.9600
2013-08-22,14.9600
2013-08-21,14.8800
2013-08-20,14.9500
2013-08-19,14.9500
2013-08-16,15.1890
2013-08-15,15.1250
2013-08-14,15.0300
2013-08-13,14.4200
2013-08-12,14.3700
2013-08-09,14.4900
2013-08-08,14.6990
2013-08-07,14.6000
2013-08-06,14.6100
2013-08-05,14.8300
2013-08-02,14.7600
2013-08-01,14.6400
2013-07-31,14.4350
2013-07-30,14.4100
2013-07-29,14.1700
2013-07-26,14.2000
2013-07-25,14.2600
2013-07-24,14.2100
2013-07-23,14.2100
2013-07-22,14.2300
2013-07-19,14.2400
2013-07-18,14.5500
2013-07-17,14.6100
2013-07-16,14.6900
2013-07-15,14.6100
2013-07-12,14.6400
2013-07-11,14.6300
2013-07-10,14.4300
2013-07-09,14.2410
2013-07-08,14.1650
2013-07-05,14.2400
2013-07-03,14.1300
2013-07-02,14.0900
2013-07-01,14.1000
2013-06-28,14.0400
2013-06-27,14.0100
2013-06-26,14.1400
2013-06-25,14.2200
2013-06-24,14.1200
2013-06-21,14.4150
2013-06-20,14.4400
2013-06-19,14.8400
2013-06-18,14.4000
2013-06-17,14.4900
2013-06-14,14.3500
2013-06-13,14.3700
2013-06-12,14.0500
2013-06-11,14.1700
2013-06-10,14.4400
2013-06-07,14.4450
2013-06-06,14.2500
2013-06-05,14.1600
2013-06-04,14.4700
2013-06-03,14.4500
2013-05-31,14.4700
2013-05-30,14.6300
2013-05-29,14.4400
2013-05-28,14.5300
2013-05-24,14.5400
2013-05-23,14.6300
2013-05-22,14.4000
2013-05-21,14.9200
2013-05-20,14.8400
2013-05-17,14.8700
2013-05-16,14.6300
2013-05-15,14.6950
2013-05-14,14.4500
2013-05-13,14.2400
2013-05-10,14.5400
2013-05-09,13.9100
2013-05-08,13.8990
2013-05-07,13.6500
2013-05-06,13.8300
2013-05-03,13.8700
2013-05-02,13.8100
2013-05-01,13.6500
2013-04-30,13.7700
2013-04-29,13.5700
2013-04-26,13.4100
2013-04-25,13.4700
2013-04-24,13.3600
2013-04-23,12.9200
2013-04-22,12.5900
2013-04-19,12.5700
2013-04-18,12.5400
2013-04-17,12.7850
2013-04-16,12.9600
2013-04-15,12.8200
2013-04-12,13.0900
2013-04-11,12.7700
2013-04-10,12.8300
2013-04-09,12.6300
2013-04-08,12.4300
2013-04-05,12.4600
2013-04-04,12.2450
2013-04-03,12.1260
2013-04-02,12.2750
2013-04-01,12.4100
2013-03-28,12.8300
2013-03-27,12.6500
2013-03-26,12.5000
2013-03-25,12.4100
2013-03-22,12.4800
2013-03-21,12.4200
2013-03-20,12.6200
2013-03-19,12.4700
2013-03-18,12.5500
2013-03-15,12.6400
2013-03-14,12.7500
2013-03-13,12.7400
2013-03-12,12.7400
2013-03-11,12.6950
2013-03-08,12.8200
2013-03-07,12.7600
2013-03-06,12.7900
2013-03-05,12.8000
2013-03-04,12.6550
2013-03-01,12.7100
2013-02-28,12.6600
2013-02-27,12.6000
2013-02-26,12.3700
2013-02-25,12.3000
2013-02-22,12.5200
2013-02-21,12.2900
2013-02-20,12.3800
2013-02-19,12.5550
2013-02-15,12.7310
2013-02-14,12.7300
2013-02-13,12.3700
2013-02-12,12.4300
2013-02-11,12.5100
2013-02-08,12.3700
2013-02-07,12.2900
2013-02-06,12.3400
2013-02-05,12.4400
2013-02-04,12.1600
2013-02-01,12.3700
2013-01-31,12.2600
2013-01-30,12.3200
2013-01-29,12.3400
2013-01-28,12.6100
2013-01-25,12.4100
2013-01-24,12.1900
2013-01-23,12.1300
2013-01-22,12.1100
2013-01-18,12.1700
2013-01-17,12.2500
2013-01-16,12.0900
2013-01-15,11.9800
2013-01-14,12.2000
2013-01-11,12.2100
2013-01-10,12.2300
2013-01-09,12.2100
2013-01-08,12.4915
2013-01-07,12.7700
2013-01-04,13.1500
2013-01-03,12.7300
2013-01-02,12.7200
2012-12-31,12.2600
2012-12-28,12.1000
2012-12-27,12.1600
2012-12-26,12.2400
2012-12-24,12.2500
2012-12-21,12.3500
2012-12-20,12.6400
2012-12-19,12.6500
2012-12-18,12.5600
2012-12-17,12.5350
2012-12-14,12.5900
2012-12-13,12.5300
2012-12-12,12.5200
2012-12-11,12.6500
2012-12-10,12.3600
2012-12-07,11.9550
2012-12-06,11.9800
2012-12-05,11.9602
2012-12-04,12.0950
2012-12-03,11.7500
2012-11-30,11.9700
2012-11-29,12.0400
2012-11-28,12.2600
2012-11-27,12.1550
2012-11-26,12.1050
2012-11-23,11.9000
2012-11-21,11.8200
2012-11-20,11.4900
2012-11-19,11.6983
2012-11-16,11.3800
2012-11-15,11.5900
2012-11-14,11.5400
2012-11-13,11.8300
2012-11-12,11.9150
2012-11-09,12.1900
2012-11-08,12.6800
2012-11-07,12.6098
2012-11-06,13.0100
2012-11-05,13.0200
2012-11-02,12.4900
2012-11-01,12.5500
2012-10-31,11.9750
2012-10-26,12.0500
2012-10-25,12.1800
2012-10-24,12.1700
2012-10-23,12.3300
2012-10-22,11.9700
2012-10-19,12.1050
2012-10-18,12.8600
2012-10-17,13.0600
2012-10-16,13.1598
2012-10-15,12.7900
2012-10-12,12.6300
2012-10-11,12.7400
2012-10-10,12.6700
2012-10-09,12.8900
2012-10-08,13.1700
2012-10-05,13.3000
2012-10-04,13.6200
2012-10-03,13.0350
2012-10-02,13.1700
2012-10-01,13.1150
2012-09-28,13.3400
2012-09-27,13.2750
2012-09-26,13.1800
2012-09-25,13.4100
2012-09-24,13.6600
2012-09-21,13.6650
2012-09-20,13.6100
2012-09-19,13.7100
2012-09-18,13.5500
2012-09-17,13.4600
2012-09-14,13.8400
2012-09-13,13.6750
2012-09-12,13.5900
2012-09-11,13.4400
2012-09-10,13.2800
2012-09-07,13.4000
2012-09-06,13.7300
2012-09-05,13.3200
2012-09-04,13.2750
2012-08-31,14.0300
2012-08-30,14.0500
2012-08-29,14.3200
2012-08-28,14.2900
2012-08-27,14.3500
2012-08-24,14.6000
2012-08-23,14.3050
2012-08-22,14.6400
2012-08-21,14.6100
2012-08-20,14.6500
2012-08-17,14.6500
2012-08-16,14.7800
2012-08-15,14.4800
2012-08-14,14.5900
2012-08-13,14.8100
2012-08-10,14.6210
2012-08-09,14.7100
2012-08-08,14.2300
2012-08-07,14.1500
2012-08-06,14.0100
2012-08-03,13.7200
2012-08-02,13.4400
2012-08-01,13.3900
2012-07-31,13.5400
2012-07-30,13.3300
2012-07-27,13.4750
2012-07-26,13.1500
2012-07-25,13.0900
2012-07-24,12.8400
2012-07-23,12.9800
2012-07-20,12.8050
2012-07-19,13.1850
2012-07-18,13.0600
2012-07-17,12.3700
2012-07-16,12.5950
2012-07-13,12.5550
2012-07-12,12.4000
2012-07-11,12.6100
2012-07-10,12.8200
2012-07-09,13.2200
2012-07-06,13.4000
2012-07-05,13.6600
2012-07-03,13.8000
2012-07-02,13.4450
2012-06-29,13.8200
2012-06-28,13.2400
2012-06-27,13.1400
2012-06-26,12.7300
2012-06-25,12.5900
2012-06-22,12.9950
2012-06-21,12.8350
2012-06-20,13.4500
2012-06-19,13.2350
2012-06-18,12.4000
2012-06-15,12.2900
2012-06-14,12.0300
2012-06-13,12.1800
2012-06-12,12.5100
2012-06-11,12.2600
2012-06-08,12.1200
2012-06-07,11.8900
2012-06-06,12.3900
2012-06-05,12.0650
2012-06-04,11.7300
2012-06-01,11.9800
2012-05-31,12.4300
2012-05-30,12.5700
2012-05-29,12.7200
2012-05-25,12.4000
2012-05-24,12.1100
2012-05-23,12.4400
2012-05-22,12.1400
2012-05-21,12.2900
2012-05-18,12.0800
2012-05-17,12.6500
2012-05-16,12.7350
2012-05-15,13.0000
2012-05-14,13.1300
2012-05-11,13.2100
2012-05-10,12.4200
2012-05-09,12.5100
2012-05-08,12.4600
2012-05-07,12.4700
2012-05-04,12.2600
2012-05-03,12.6300
2012-05-02,12.8500
2012-05-01,13.2300
2012-04-30,13.0000
2012-04-27,12.9800
2012-04-26,13.0900
2012-04-25,13.0800
2012-04-24,12.8200
2012-04-23,13.2300
2012-04-20,13.3900
2012-04-19,13.6550
2012-04-18,13.8700
2012-04-17,14.0200
2012-04-16,13.9900
2012-04-13,14.1600
2012-04-12,14.6800
2012-04-11,14.3400
2012-04-10,14.1600
2012-04-09,14.4400
2012-04-05,14.6300
2012-04-04,14.6500
2012-04-03,15.0800
2012-04-02,15.3300
2012-03-30,15.3950
2012-03-29,15.2300
2012-03-28,15.1600
2012-03-27,14.8200
2012-03-26,14.7200
2012-03-23,14.5450
2012-03-22,14.4400
2012-03-21,14.4600
2012-03-20,14.4000
2012-03-19,14.6400
2012-03-16,14.6000
2012-03-15,14.5800
2012-03-14,14.3650
2012-03-13,14.7900
2012-03-12,14.5850
2012-03-09,14.8200
2012-03-08,14.8550
2012-03-07,14.8100
2012-03-06,14.7200
2012-03-05,14.8600
2012-03-02,15.3800
2012-03-01,15.2500
2012-02-29,15.1500
2012-02-28,15.3300
2012-02-27,15.4700
2012-02-24,15.7900
2012-02-23,15.9100
2012-02-22,15.8200
2012-02-21,15.9250
2012-02-17,15.8500
2012-02-16,16.4500
2012-02-15,16.1700
2012-02-14,16.2400
2012-02-13,16.1500
2012-02-10,15.8950
2012-02-09,16.3000
2012-02-08,16.3100
2012-02-07,15.7400
2012-02-06,15.6950
2012-02-03,15.8200
2012-02-02,15.4850
2012-02-01,14.9300
2012-01-31,14.7700
2012-01-30,14.8000
2012-01-27,14.9100
2012-01-26,14.7100
2012-01-25,14.8500
2012-01-24,14.9400
2012-01-23,14.6100
2012-01-20,14.2200
2012-01-19,14.3500
2012-01-18,13.9800
2012-01-17,13.5200
2012-01-13,13.7300
2012-01-12,14.1000
2012-01-11,14.1900
2012-01-10,14.4800
2012-01-09,14.5400
2012-01-06,14.5400
2012-01-05,14.7100
2012-01-04,14.2000
2012-01-03,14.0400
2011-12-30,13.8600
2011-12-29,13.9700
2011-12-28,13.7100
2011-12-27,14.0600
2011-12-23,14.1700
2011-12-22,14.3050
2011-12-21,13.7200
2011-12-20,13.9000
2011-12-19,13.1550
2011-12-16,13.5100
2011-12-15,13.4600
2011-12-14,13.5800
2011-12-13,14.1300
2011-12-12,14.5300
2011-12-09,14.9000
2011-12-08,14.6900
2011-12-07,15.1700
2011-12-06,15.2600
2011-12-05,15.4800
2011-12-02,15.7200
2011-12-01,15.8200
2011-11-30,15.6300
2011-11-29,14.9100
2011-11-28,14.8300
2011-11-25,14.0400
2011-11-23,14.4400
2011-11-22,15.0800
2011-11-21,14.6300
2011-11-18,13.9300
2011-11-17,14.0600
2011-11-16,14.5800
2011-11-15,14.8800
2011-11-14,14.6900
2011-11-11,14.9800
2011-11-10,14.4700
2011-11-09,14.3200
2011-11-08,15.0800
2011-11-07,14.7400
2011-11-04,14.8200
2011-11-03,14.6500
2011-11-02,13.8150
2011-11-01,14.0600
2011-10-31,14.8000
2011-10-28,15.6000
2011-10-27,15.2500
2011-10-26,14.6200
2011-10-25,14.4500
2011-10-24,15.0200
2011-10-21,14.4800
2011-10-20,14.4100
2011-10-19,15.1700
2011-10-18,15.4800
2011-10-17,14.9400
2011-10-14,15.7200
2011-10-13,15.4600
2011-10-12,14.6100
2011-10-11,14.6200
2011-10-10,14.7800
2011-10-07,14.1500
2011-10-06,13.8900
2011-10-05,13.3600
2011-10-04,12.9000
2011-10-03,11.8100
2011-09-30,12.5100
2011-09-29,13.0900
2011-09-28,13.4200
2011-09-27,13.8400
2011-09-26,13.8200
2011-09-23,13.7900
2011-09-22,13.5100
2011-09-21,14.4650
2011-09-20,14.7500
2011-09-19,15.1400
2011-09-16,15.4600
2011-09-15,15.4950
2011-09-14,15.2800
2011-09-13,14.5300
2011-09-12,14.2100
2011-09-09,13.8800
2011-09-08,14.1800
2011-09-07,14.2500
2011-09-06,13.1800
2011-09-02,12.9200
2011-09-01,13.2800
2011-08-31,13.3100
2011-08-30,13.6800
2011-08-29,13.3600
2011-08-26,13.0100
2011-08-25,12.4800
2011-08-24,13.0400
2011-08-23,13.2300
2011-08-22,11.9400
2011-08-19,11.7300
2011-08-18,11.9400
2011-08-17,12.8100
2011-08-16,12.9900
2011-08-15,13.3700
2011-08-12,12.8800
2011-08-11,13.4100
2011-08-10,12.3400
2011-08-09,12.9300
2011-08-08,11.9300
2011-08-05,12.9500
2011-08-04,13.4000
2011-08-03,14.8100
2011-08-02,14.4200
2011-08-01,14.5700
2011-07-29,13.8300
2011-07-28,13.8300
2011-07-27,13.8550
2011-07-26,14.4000
2011-07-25,14.7600
2011-07-22,15.0000
2011-07-21,14.7000
2011-07-20,14.0400
2011-07-19,14.2210
2011-07-18,13.7950
2011-07-15,14.1000
2011-07-14,14.0800
2011-07-13,14.6600
2011-07-12,14.6900
2011-07-11,14.8900
2011-07-08,15.4300
2011-07-07,15.7250
2011-07-06,15.6700
2011-07-05,15.8800
2011-07-01,16.1450
2011-06-30,15.9350
2011-06-29,15.7400
2011-06-28,15.5000
2011-06-27,15.4100
2011-06-24,15.7400
2011-06-23,16.2100
2011-06-22,15.7400
2011-06-21,15.9600
2011-06-20,15.6200
2011-06-17,15.8050
2011-06-16,16.1900
2011-06-15,16.7700
2011-06-14,17.1400
2011-06-13,16.9950
2011-06-10,17.1200
2011-06-09,17.3700
2011-06-08,17.5700
2011-06-07,18.0600
2011-06-06,18.0700
2011-06-03,18.4600
2011-06-02,19.0450
2011-06-01,19.1400
2011-05-31,20.0400
2011-05-27,19.5000
2011-05-26,18.8200
2011-05-25,18.3600
2011-05-24,18.1410
2011-05-23,18.0700
2011-05-20,18.0900
2011-05-19,17.7800
2011-05-18,18.0400
2011-05-17,17.6300
2011-05-16,17.7010
2011-05-13,18.2600
2011-05-12,20.5000
2011-05-11,19.8700
2011-05-10,19.7800
2011-05-09,19.7500
2011-05-06,19.3200
2011-05-05,18.6600
2011-05-04,18.6500
2011-05-03,18.7900
2011-05-02,19.7300
2011-04-29,20.0000
2011-04-28,19.5100
2011-04-27,19.3000
2011-04-26,19.3000
2011-04-25,18.8100
2011-04-21,18.5200
2011-04-20,18.5700
2011-04-19,18.0200
2011-04-18,18.0900
2011-04-15,18.7100
2011-04-14,18.5100
2011-04-13,17.7600
2011-04-12,17.3700
2011-04-11,17.3200
2011-04-08,17.5500
2011-04-07,18.1000
2011-04-06,17.4600
2011-04-05,17.5800
2011-04-04,17.5500
2011-04-01,18.2000
2011-03-31,18.4600
2011-03-30,18.4500
2011-03-29,19.1700
2011-03-28,19.3200
2011-03-25,18.6300
2011-03-24,19.2300
2011-03-23,17.8100
2011-03-22,17.4450
2011-03-21,17.7600
2011-03-18,17.6200
2011-03-17,17.8600
2011-03-16,17.5300
2011-03-15,17.6600
2011-03-14,18.2000
2011-03-11,18.0500
2011-03-10,17.9200
2011-03-09,19.1400
2011-03-08,19.5500
2011-03-07,20.4700
2011-03-04,20.7550
2011-03-03,20.8700
2011-03-02,20.7500
2011-03-01,21.6500
2011-02-28,22.6600
2011-02-25,23.1200
2011-02-24,22.6500
2011-02-23,22.1100
2011-02-22,23.2100
2011-02-18,25.6300
2011-02-17,25.6800
2011-02-16,23.3800
2011-02-15,22.5500
2011-02-14,23.1100
2011-02-11,23.4700
2011-02-10,22.8200
2011-02-09,23.2900
2011-02-08,23.8720
2011-02-07,24.6010
2011-02-04,25.6700
2011-02-03,25.0950
2011-02-02,25.5800
2011-02-01,24.4700
2011-01-31,23.9200
2011-01-28,23.7600
2011-01-27,24.4710
2011-01-26,24.5400
2011-01-25,23.9700
2011-01-24,24.7300
2011-01-21,22.2190
2011-01-20,22.4290
2011-01-19,22.4100
2011-01-18,23.0350
2011-01-14,23.5900
2011-01-13,23.3900
2011-01-12,23.3525
2011-01-11,20.3100
2011-01-10,20.6310
2011-01-07,19.8700
2011-01-06,19.3300
2011-01-05,16.9800
2011-01-04,15.7700
2011-01-03,15.8200
2010-12-31,15.4000
2010-12-30,14.9900
2010-12-29,14.9400
2010-12-28,14.9400
2010-12-27,15.0000
2010-12-23,14.9200
2010-12-22,15.0300
2010-12-21,14.8700
2010-12-20,14.3100
2010-12-17,14.3700
2010-12-16,14.2875
2010-12-15,14.2700
2010-12-14,14.5925
2010-12-13,14.5685
2010-12-10,14.9475
2010-12-09,14.8625
2010-12-08,15.1100
2010-12-07,14.9800
2010-12-06,14.5125
2010-12-03,14.7900
2010-12-02,14.3800
2010-12-01,14.2100
2010-11-30,13.6090
2010-11-29,13.7500
2010-11-26,13.6000
2010-11-24,13.7700
2010-11-23,13.4400
2010-11-22,13.7600
2010-11-19,13.7520
2010-11-18,13.3200
2010-11-17,12.9200
2010-11-16,12.7125
2010-11-15,13.1005
2010-11-12,13.2600
2010-11-11,12.6110
2010-11-10,12.7400
2010-11-09,12.5900
2010-11-08,12.6575
2010-11-05,12.6050
2010-11-04,12.4000
2010-11-03,12.3800
2010-11-02,12.2850
2010-11-01,12.0400
2010-10-29,12.0205
2010-10-28,12.0500
2010-10-27,12.0400
2010-10-26,11.8700
2010-10-25,11.9100
2010-10-22,11.8000
2010-10-21,11.0900
2010-10-20,11.2900
2010-10-19,11.2875
2010-10-18,11.3600
2010-10-15,11.2895
2010-10-14,11.1600
2010-10-13,11.3400
2010-10-12,11.0150
2010-10-11,10.8100
2010-10-08,10.8600
2010-10-07,10.7000
2010-10-06,10.7800
2010-10-05,11.3200
2010-10-04,11.2400
2010-10-01,11.3500
2010-09-30,11.6820
2010-09-29,11.8800
2010-09-28,11.9710
2010-09-27,11.9950
2010-09-24,12.2600
2010-09-23,11.6200
2010-09-22,11.3900
2010-09-21,11.2900
2010-09-20,10.7099
2010-09-17,10.5500
2010-09-16,10.5650
2010-09-15,10.5600
2010-09-14,10.5400
2010-09-13,10.6400
2010-09-10,10.0700
2010-09-09,10.1800
2010-09-08,10.3200
2010-09-07,9.9900
2010-09-03,9.8990
2010-09-02,9.5700
2010-09-01,9.4010
2010-08-31,9.3250
2010-08-30,9.6400
2010-08-27,10.1200
2010-08-26,9.8000
2010-08-25,9.9200
2010-08-24,9.7200
2010-08-23,9.8200
2010-08-20,9.9700
2010-08-19,9.8800
2010-08-18,9.3200
2010-08-17,9.2700
2010-08-16,9.1500
2010-08-13,9.3900
2010-08-12,8.9610
2010-08-11,8.8825
2010-08-10,9.2425
2010-08-09,9.6400
2010-08-06,9.5500
2010-08-05,9.4400
2010-08-04,9.3200
2010-08-03,8.9400
2010-08-02,9.1800
2010-07-30,9.1900
2010-07-29,9.1300
2010-07-28,10.1300
2010-07-27,10.4600
2010-07-26,10.5500
2010-07-23,10.3600
2010-07-22,10.5400
2010-07-21,10.3700
2010-07-20,10.7200
2010-07-19,10.4600
2010-07-16,10.0500
2010-07-15,10.7200
2010-07-14,11.0300
2010-07-13,10.9200
2010-07-12,10.5400
2010-07-09,10.3500
2010-07-08,10.3100
2010-07-07,10.6300
2010-07-06,10.1400
2010-07-02,10.2500
2010-07-01,10.3800
2010-06-30,10.2100
2010-06-29,10.4800
2010-06-28,11.1000
2010-06-25,11.0800
2010-06-24,11.1100
2010-06-23,11.6900
2010-06-22,11.5600
2010-06-21,12.0100
2010-06-18,12.3000
2010-06-17,12.2200
2010-06-16,11.7700
2010-06-15,11.9225
2010-06-14,11.3600
2010-06-11,11.6100
2010-06-10,11.3500
2010-06-09,10.9100
2010-06-08,11.1800
2010-06-07,11.5025
2010-06-04,12.0950
2010-06-03,12.7000
2010-06-02,12.7200
2010-06-01,12.5800
2010-05-28,13.1400
2010-05-27,13.5000
2010-05-26,12.7500
2010-05-25,12.6900
2010-05-24,12.3600
2010-05-21,12.7300
2010-05-20,12.4600
2010-05-19,12.7600
2010-05-18,12.5600
2010-05-17,12.9900
2010-05-14,12.9600
2010-05-13,14.6500
2010-05-12,14.6800
2010-05-11,14.4000
2010-05-10,14.5600
2010-05-07,13.9600
2010-05-06,14.2000
2010-05-05,14.5000
2010-05-04,14.7500
2010-05-03,15.5400
2010-04-30,15.7100
2010-04-29,16.6500
2010-04-28,16.1600
2010-04-27,16.1300
2010-04-26,16.6000
2010-04-23,16.4400
2010-04-22,16.6700
2010-04-21,16.6000
2010-04-20,17.0400
2010-04-19,16.9800
2010-04-16,17.0600
2010-04-15,18.0100
2010-04-14,17.8800
2010-04-13,17.6600
2010-04-12,17.3000
2010-04-09,16.9900
2010-04-08,16.8800
2010-04-07,17.1600
2010-04-06,17.0500
2010-04-05,17.4800
2010-04-01,17.2200
2010-03-31,17.4000
2010-03-30,17.6300
2010-03-29,17.5600
2010-03-26,17.3400
2010-03-25,17.3400
2010-03-24,17.2900
2010-03-23,17.8900
2010-03-22,17.5300
2010-03-19,17.2500
2010-03-18,17.4600
2010-03-17,18.1000
2010-03-16,17.7550
2010-03-15,17.1600
2010-03-12,17.2500
2010-03-11,17.1900
2010-03-10,17.5900
2010-03-09,17.5500
2010-03-08,16.9200
2010-03-05,17.1700
2010-03-04,16.6600
2010-03-03,16.6300
2010-03-02,16.8400
2010-03-01,16.8500
2010-02-26,16.2000
2010-02-25,16.4000
2010-02-24,16.5500
2010-02-23,16.2100
2010-02-22,16.6100
2010-02-19,16.5800
2010-02-18,16.6700
2010-02-17,17.8400
2010-02-16,17.6700
2010-02-12,17.3500
2010-02-11,17.1200
2010-02-10,16.3700
2010-02-09,16.0600
2010-02-08,16.1900
2010-02-05,16.2200
2010-02-04,15.9000
2010-02-03,16.8800
2010-02-02,16.7400
2010-02-01,16.5700
2010-01-29,15.3900
2010-01-28,16.0900
2010-01-27,16.6500
2010-01-26,16.2100
2010-01-25,16.7400
2010-01-22,16.4600
2010-01-21,17.0500
2010-01-20,17.3550
2010-01-19,17.4300
2010-01-15,17.1100
2010-01-14,17.6300
2010-01-13,17.9100
2010-01-12,17.6700
2010-01-11,18.2900
2010-01-08,18.5500
2010-01-07,18.5100
2010-01-06,18.8800
2010-01-05,18.7600
2010-01-04,18.4900
2009-12-31,18.6800
2009-12-30,18.6700
2009-12-29,18.0200
2009-12-28,17.8000
2009-12-24,18.0900
2009-12-23,18.1300
2009-12-22,17.8800
2009-12-21,17.4200
2009-12-18,16.8200
2009-12-17,16.8300
2009-12-16,16.9100
2009-12-15,15.6500
2009-12-14,15.6700
2009-12-11,15.2100
2009-12-10,15.4100
2009-12-09,15.6900
2009-12-08,15.3100
2009-12-07,16.0900
2009-12-04,14.2600
2009-12-03,13.8300
2009-12-02,13.7200
2009-12-01,13.3200
2009-11-30,13.0600
2009-11-27,12.7900
2009-11-25,13.0700
2009-11-24,12.9200
2009-11-23,13.0000
2009-11-20,12.9000
2009-11-19,12.9800
2009-11-18,13.5200
2009-11-17,13.7300
2009-11-16,13.7500
2009-11-13,13.5600
2009-11-12,13.4600
2009-11-11,13.5000
2009-11-10,13.1300
2009-11-09,13.4600
2009-11-06,13.1600
2009-11-05,12.2700
2009-11-04,11.9800
2009-11-03,12.0100
2009-11-02,12.0700
2009-10-30,11.9600
2009-10-29,12.5500
2009-10-28,12.0200
2009-10-27,12.5400
2009-10-26,12.9800
2009-10-23,13.1500
2009-10-22,13.4700
2009-10-21,13.3800
2009-10-20,13.7100
2009-10-19,13.7000
2009-10-16,13.2200
2009-10-15,13.5300
2009-10-14,13.9400
2009-10-13,13.9600
2009-10-12,14.0100
2009-10-09,14.1700
2009-10-08,13.9900
2009-10-07,13.9000
2009-10-06,14.0100
2009-10-05,13.7800
2009-10-02,13.8500
2009-10-01,13.9600
2009-09-30,15.0300
2009-09-29,14.5600
2009-09-28,14.8300
2009-09-25,14.5000
2009-09-24,14.7400
2009-09-23,14.9400
2009-09-22,15.1800
2009-09-21,15.1500
2009-09-18,15.2200
2009-09-17,15.2400
2009-09-16,15.9400
2009-09-15,16.3800
2009-09-14,16.0500
2009-09-11,16.3180
2009-09-10,16.4700
2009-09-09,15.9600
2009-09-08,15.5300
2009-09-04,15.1100
2009-09-03,14.5700
2009-09-02,14.2300
2009-09-01,14.0300
2009-08-31,14.5200
2009-08-28,14.7300
2009-08-27,14.0100
2009-08-26,13.8200
2009-08-25,13.6600
2009-08-24,13.5400
2009-08-21,13.9300
2009-08-20,13.7000
2009-08-19,13.1800
2009-08-18,13.3300
2009-08-17,12.8600
2009-08-14,13.4200
2009-08-13,13.8300
2009-08-12,13.4300
2009-08-11,12.9500
2009-08-10,13.2600
2009-08-07,13.7100
2009-08-06,13.1200
2009-08-05,13.4000
2009-08-04,13.3700
2009-08-03,13.2800
2009-07-31,12.9300
2009-07-30,12.8800
2009-07-29,12.7800
2009-07-28,13.0400
2009-07-27,13.0200
2009-07-24,12.9600
2009-07-23,13.0000
2009-07-22,12.2700
2009-07-21,11.9700
2009-07-20,12.2200
2009-07-17,12.0700
2009-07-16,11.7300
2009-07-15,11.1500
2009-07-14,10.7100
2009-07-13,10.4900
2009-07-10,10.3700
2009-07-09,10.3300
2009-07-08,10.1100
2009-07-07,10.0900
2009-07-06,10.5500
2009-07-02,10.9000
2009-07-01,11.3400
2009-06-30,11.2900
2009-06-29,11.5700
2009-06-26,11.5700
2009-06-25,11.4200
2009-06-24,10.8500
2009-06-23,10.5000
2009-06-22,10.5500
2009-06-19,11.1800
2009-06-18,11.0600
2009-06-17,11.2800
2009-06-16,11.0100
2009-06-15,11.3200
2009-06-12,11.5100
2009-06-11,11.5700
2009-06-10,11.7200
2009-06-09,11.3600
2009-06-08,10.7700
2009-06-05,10.8300
2009-06-04,10.8900
2009-06-03,10.5100
2009-06-02,10.8500
2009-06-01,10.9400
2009-05-29,10.4300
2009-05-28,10.5100
2009-05-27,10.3700
2009-05-26,10.3500
2009-05-22,9.8200
2009-05-21,9.6700
2009-05-20,9.7300
2009-05-19,9.4500
2009-05-18,9.2700
2009-05-15,8.7400
2009-05-14,8.5200
2009-05-13,8.4000
2009-05-12,8.9800
2009-05-11,9.4300
2009-05-08,9.2500
2009-05-07,10.7300
2009-05-06,11.5600
2009-05-05,11.8000
2009-05-04,12.3000
2009-05-01,11.6700
2009-04-30,11.4800
2009-04-29,10.8800
2009-04-28,11.0500
2009-04-27,11.0200
2009-04-24,11.4300
2009-04-23,11.1700
2009-04-22,11.3500
2009-04-21,11.0200
2009-04-20,11.0500
2009-04-17,11.7600
2009-04-16,11.6800
2009-04-15,11.3900
2009-04-14,11.7200
2009-04-13,11.6500
2009-04-09,12.0400
2009-04-08,11.4100
2009-04-07,10.9600
2009-04-06,11.3500
2009-04-03,11.3200
2009-04-02,10.5800
2009-04-01,10.1100
2009-03-31,9.8600
2009-03-30,9.7900
2009-03-27,10.4600
2009-03-26,10.5600
2009-03-25,9.9400
2009-03-24,9.7400
2009-03-23,10.2200
2009-03-20,9.5300
2009-03-19,10.0800
2009-03-18,10.2000
2009-03-17,9.8900
2009-03-16,9.4200
2009-03-13,9.8000
2009-03-12,9.8500
2009-03-11,9.3000
2009-03-10,9.0500
2009-03-09,8.3000
2009-03-06,8.3900
2009-03-05,8.2600
2009-03-04,8.4600
2009-03-03,7.8800
2009-03-02,7.5800
2009-02-27,8.2800
2009-02-26,8.2600
2009-02-25,8.0000
2009-02-24,7.9100
2009-02-23,7.2600
2009-02-20,7.6100
2009-02-19,7.4200
2009-02-18,8.0400
2009-02-17,7.8300
2009-02-13,8.3100
2009-02-12,8.3200
2009-02-11,8.1500
2009-02-10,9.3200
2009-02-09,9.7400
2009-02-06,9.8700
2009-02-05,9.3600
2009-02-04,8.7200
2009-02-03,8.4800
2009-02-02,8.3800
2009-01-30,7.9500
2009-01-29,8.2800
2009-01-28,8.7900
2009-01-27,8.4400
2009-01-26,7.9700
2009-01-23,7.7100
2009-01-22,7.4200
2009-01-21,7.5600
2009-01-20,7.2100
2009-01-16,7.9900
2009-01-15,7.5700
2009-01-14,7.3100
2009-01-13,7.6500
2009-01-12,7.6100
2009-01-09,7.9300
2009-01-08,8.4000
2009-01-07,8.6200
2009-01-06,9.1720
2009-01-05,8.8700
2009-01-02,8.7100
2008-12-31,8.0700
2008-12-30,8.0200
2008-12-29,7.7500
2008-12-26,7.5100
2008-12-24,7.7200
2008-12-23,7.9100
2008-12-22,8.0200
2008-12-19,8.5200
2008-12-18,8.4600
2008-12-17,9.3200
2008-12-16,8.8800
2008-12-15,8.3200
2008-12-12,8.6000
2008-12-11,8.1900
2008-12-10,8.5500
2008-12-09,7.8100
2008-12-08,7.1200
2008-12-05,7.3600
2008-12-04,7.0800
2008-12-03,7.5800
2008-12-02,7.2100
2008-12-01,6.8300
2008-11-28,7.4700
2008-11-26,7.6100
2008-11-25,6.9900
2008-11-24,6.8000
2008-11-21,6.3800
2008-11-20,5.9000
2008-11-19,6.2300
2008-11-18,6.7900
2008-11-17,7.0200
2008-11-14,7.1700
2008-11-13,7.9400
2008-11-12,7.3400
2008-11-11,7.8000
2008-11-10,8.1600
2008-11-07,8.7200
2008-11-06,7.6200
2008-11-05,8.5100
2008-11-04,8.9800
2008-11-03,8.4400
2008-10-31,8.7600
2008-10-30,8.6300
2008-10-29,8.2800
2008-10-28,8.0200
2008-10-27,6.9700
2008-10-24,6.6100
2008-10-23,6.5400
2008-10-22,6.9300
2008-10-21,7.2000
2008-10-20,7.8000
2008-10-17,7.6500
2008-10-16,7.7000
2008-10-15,7.0200
2008-10-14,7.8700
2008-10-13,8.0500
2008-10-10,6.8100
2008-10-09,6.9200
2008-10-08,7.3900
2008-10-07,7.2400
2008-10-06,7.8500
2008-10-03,9.0300
2008-10-02,9.3300
2008-10-01,10.4100
2008-09-30,10.7100
2008-09-29,10.1000
2008-09-26,11.6900
2008-09-25,11.4700
2008-09-24,11.2500
2008-09-23,10.8500
2008-09-22,11.1700
2008-09-19,11.4100
2008-09-18,10.8900
2008-09-17,10.0000
2008-09-16,9.5900
2008-09-15,9.3000
2008-09-12,10.1900
2008-09-11,10.3000
2008-09-10,10.8200
2008-09-09,10.8100
2008-09-08,11.1900
2008-09-05,11.6700
2008-09-04,11.5000
2008-09-03,11.6600
2008-09-02,12.3200
2008-08-29,12.6400
2008-08-28,13.1400
2008-08-27,13.1900
2008-08-26,13.0900
2008-08-25,13.4100
2008-08-22,13.6100
2008-08-21,13.6200
2008-08-20,14.0800
2008-08-19,13.4200
2008-08-18,13.2200
2008-08-15,12.9600
2008-08-14,13.0000
2008-08-13,12.2600
2008-08-12,11.0700
2008-08-11,11.2300
2008-08-08,11.0000
2008-08-07,11.3100
2008-08-06,11.4900
2008-08-05,11.1900
2008-08-04,10.5800
2008-08-01,10.8400
2008-07-31,11.4400
2008-07-30,11.4800
2008-07-29,11.6500
2008-07-28,11.5300
2008-07-25,11.5600
2008-07-24,11.0300
2008-07-23,11.7200
2008-07-22,11.3800
2008-07-21,11.6300
2008-07-18,11.5600
2008-07-17,11.3600
2008-07-16,11.3200
2008-07-15,11.2600
2008-07-14,11.1400
2008-07-11,11.6700
2008-07-10,11.7900
2008-07-09,11.8200
2008-07-08,12.0300
2008-07-07,12.1000
2008-07-03,12.4900
2008-07-02,18.0300
2008-07-01,18.7500
2008-06-30,18.7200
2008-06-27,19.2800
2008-06-26,19.0700
2008-06-25,20.1000
2008-06-24,19.9900
2008-06-23,19.3500
2008-06-20,19.7600
2008-06-19,19.8600
2008-06-18,19.9100
2008-06-17,20.5100
2008-06-16,21.0200
2008-06-13,21.3100
2008-06-12,21.3800
2008-06-11,21.2500
2008-06-10,22.2900
2008-06-09,23.6900
2008-06-06,24.0600
2008-06-05,24.8500
2008-06-04,24.2400
2008-06-03,23.9600
2008-06-02,24.8000
2008-05-30,24.7000
2008-05-29,23.5200
2008-05-28,23.5800
2008-05-27,23.3600
2008-05-23,23.1100
2008-05-22,23.6500
2008-05-21,23.0900
2008-05-20,23.2800
2008-05-19,23.9000
2008-05-16,24.4100
2008-05-15,23.7800
2008-05-14,22.0700
2008-05-13,21.4400
2008-05-12,21.8900
2008-05-09,22.5300
2008-05-08,21.9500
2008-05-07,22.0100
2008-05-06,22.5300
2008-05-05,21.9600
2008-05-02,22.5200
2008-05-01,21.5000
2008-04-30,20.5500
2008-04-29,20.2000
2008-04-28,19.7900
2008-04-25,20.1500
2008-04-24,19.9500
2008-04-23,20.4400
2008-04-22,19.5000
2008-04-21,19.8700
2008-04-18,19.0200
2008-04-17,18.5800
2008-04-16,18.8400
2008-04-15,18.1200
2008-04-14,17.9100
2008-04-11,18.5300
2008-04-10,19.8800
2008-04-09,19.5000
2008-04-08,19.1200
2008-04-07,19.2300
2008-04-04,18.7800
2008-04-03,19.9800
2008-04-02,20.3600
2008-04-01,21.0000
2008-03-31,19.7900
2008-03-28,19.6800
2008-03-27,19.3900
2008-03-26,19.6700
2008-03-25,20.3200
2008-03-24,20.0300
2008-03-20,18.5200
2008-03-19,17.6600
2008-03-18,18.9700
2008-03-17,17.8600
2008-03-14,18.3200
2008-03-13,19.7000
2008-03-12,18.5200
2008-03-11,19.0400
2008-03-10,18.4300
2008-03-07,19.5500
2008-03-06,19.8400
2008-03-05,21.1699
2008-03-04,20.9300
2008-03-03,21.1400
2008-02-29,21.3900
2008-02-28,21.9900
2008-02-27,22.8500
2008-02-26,22.5000
2008-02-25,22.3100
2008-02-22,22.3200
2008-02-21,21.2900
2008-02-20,21.7800
2008-02-19,21.9400
2008-02-15,22.2700
2008-02-14,22.6100
2008-02-13,27.0200
2008-02-12,26.0000
2008-02-11,25.0700
2008-02-08,24.9900
2008-02-07,24.5500
2008-02-06,24.3100
2008-02-05,24.3900
2008-02-04,26.0200
2008-02-01,26.8601
2008-01-31,24.5900
2008-01-30,25.1900
2008-01-29,25.4100
2008-01-28,24.6500
2008-01-25,24.9500
2008-01-24,25.8700
2008-01-23,24.0300
2008-01-22,23.6800
2008-01-18,24.8400
2008-01-17,23.3000
2008-01-16,23.7100
2008-01-15,26.7300
2008-01-14,28.8500
2008-01-11,27.0500
2008-01-10,28.2900
2008-01-09,28.8900
2008-01-08,27.4700
2008-01-07,26.9000
2008-01-04,30.0000
2008-01-03,32.7500
2008-01-02,33.0100
2007-12-31,34.0200
2007-12-28,34.7900
2007-12-27,35.1400
2007-12-26,36.2600
2007-12-24,35.7800
2007-12-21,35.1600
2007-12-20,35.1700
2007-12-19,34.4500
2007-12-18,34.1300
2007-12-17,33.2800
2007-12-14,35.0700
2007-12-13,34.5000
2007-12-12,35.4700
2007-12-11,34.2896
2007-12-10,34.2500
2007-12-07,33.8800
2007-12-06,34.3100
2007-12-05,33.6300
2007-12-04,31.9700
2007-12-03,32.0000
2007-11-30,31.5400
2007-11-29,33.1200
2007-11-28,32.8500
2007-11-27,30.7900
2007-11-26,29.5200
2007-11-23,30.2200
2007-11-21,29.7100
2007-11-20,30.0300
2007-11-19,30.2600
2007-11-16,32.4500
2007-11-15,31.7400
2007-11-14,32.1700
2007-11-13,32.6800
2007-11-12,30.0300
2007-11-09,33.3600
2007-11-08,33.8375
2007-11-07,36.1000
2007-11-06,37.9000
2007-11-05,36.7400
2007-11-02,36.7400
2007-11-01,35.3800
2007-10-31,35.3800
2007-10-30,34.8200
2007-10-29,33.5900
2007-10-26,34.4000
2007-10-25,34.7000
2007-10-24,38.0200
2007-10-23,39.3500
2007-10-22,39.1600
2007-10-19,37.3900
2007-10-18,39.5100
2007-10-17,39.5400
2007-10-16,36.7200
2007-10-15,36.3900
2007-10-12,36.1300
2007-10-11,35.2700
2007-10-10,36.9100
2007-10-09,36.8712
2007-10-08,37.5300
2007-10-05,36.9299
2007-10-04,35.9800
2007-10-03,35.8201
2007-10-02,37.4075
2007-10-01,37.7699
2007-09-28,36.2400
2007-09-27,36.7801
2007-09-26,36.6700
2007-09-25,35.8201
2007-09-24,35.3700
2007-09-21,34.4900
2007-09-20,34.1600
2007-09-19,34.3599
2007-09-18,35.0000
2007-09-17,32.1800
2007-09-14,32.2500
2007-09-13,33.2300
2007-09-12,33.2200
2007-09-11,34.5800
2007-09-10,50.7900
2007-09-07,50.6500
2007-09-06,52.5700
2007-09-05,52.3400
2007-09-04,52.7400
2007-08-31,51.1600
2007-08-30,48.6800
2007-08-29,48.9600
2007-08-28,46.3300
2007-08-27,49.3400
2007-08-24,48.2500
2007-08-23,48.0000
2007-08-22,48.4100
2007-08-21,47.3300
2007-08-20,44.9000
2007-08-17,45.0800
2007-08-16,42.5700
2007-08-15,43.2900
2007-08-14,45.2000
2007-08-13,43.5100
2007-08-10,43.9900
2007-08-09,46.1300
2007-08-08,45.5900
2007-08-07,43.5800
2007-08-06,42.9000
2007-08-03,42.5400
2007-08-02,45.2200
2007-08-01,45.4200
2007-07-31,45.7600
2007-07-30,45.4900
2007-07-27,44.2500
2007-07-26,44.3600
2007-07-25,44.1400
2007-07-24,44.3464
2007-07-23,45.5500
2007-07-20,45.1000
2007-07-19,45.6000
2007-07-18,45.6500
2007-07-17,46.5036
2007-07-16,46.7000
2007-07-13,45.8700
2007-07-12,46.1536
2007-07-11,45.2800
2007-07-10,45.4800
2007-07-09,45.0400
2007-07-06,43.7700
2007-07-05,43.5600
2007-07-03,43.1000
2007-07-02,43.0300
2007-06-29,41.3100
2007-06-28,41.9900
2007-06-27,41.5900
2007-06-26,40.5000
2007-06-25,42.4700
2007-06-22,43.6200
2007-06-21,42.9800
2007-06-20,39.8600
2007-06-19,39.8200
2007-06-18,39.5700
2007-06-15,39.5500
2007-06-14,37.8300
2007-06-13,37.1700
2007-06-12,36.3000
2007-06-11,36.6800
2007-06-08,36.5500
2007-06-07,35.9900
2007-06-06,36.3800
2007-06-05,36.1100
2007-06-04,35.0700
2007-06-01,34.8800
2007-05-31,34.6390
2007-05-30,34.1000
2007-05-29,34.0200
2007-05-25,33.6600
2007-05-24,33.1400
2007-05-23,34.3800
2007-05-22,35.3200
2007-05-21,35.1300
2007-05-18,35.0200
2007-05-17,34.3400
2007-05-16,34.9200
2007-05-15,34.4800
2007-05-14,34.7900
2007-05-11,35.1400
2007-05-10,32.8200
2007-05-09,33.4400
2007-05-08,33.2900
2007-05-07,33.0400
2007-05-04,33.7100
2007-05-03,33.4700
2007-05-02,32.8500
2007-05-01,33.2400
2007-04-30,32.8900
2007-04-27,33.0700
2007-04-26,33.5199
2007-04-25,33.1100
2007-04-24,32.5500
2007-04-23,31.3700
2007-04-20,31.8900
2007-04-19,31.5200
2007-04-18,31.0900
2007-04-17,30.7100
2007-04-16,30.4200
2007-04-13,30.5800
2007-04-12,30.3300
2007-04-11,29.4900
2007-04-10,30.0300
2007-04-09,30.3400
2007-04-05,30.9000
2007-04-04,28.5800
2007-04-03,28.6400
2007-04-02,28.7500
2007-03-30,28.7800
2007-03-29,28.7000
2007-03-28,29.2100
2007-03-27,29.7800
2007-03-26,30.3500
2007-03-23,30.2900
2007-03-22,30.6300
2007-03-21,29.9700
2007-03-20,28.3500
2007-03-19,28.4900
2007-03-16,28.3500
2007-03-15,28.6200
2007-03-14,28.9100
2007-03-13,29.0500
2007-03-12,30.3300
2007-03-09,30.5100
2007-03-08,30.8200
2007-03-07,29.6000
2007-03-06,30.4600
2007-03-05,28.7620
2007-03-02,29.7700
2007-03-01,30.6200
2007-02-28,31.0000
2007-02-27,31.1800
2007-02-26,32.1500
2007-02-23,32.6500
2007-02-22,32.7300
2007-02-21,32.5200
2007-02-20,33.0100
2007-02-16,32.7200
2007-02-15,33.7500
2007-02-14,33.5500
2007-02-13,34.0000
2007-02-12,33.3700
2007-02-09,32.6500
2007-02-08,34.3800
2007-02-07,34.8300
2007-02-06,33.5200
2007-02-05,32.3700
2007-02-02,31.8500
2007-02-01,31.0400
2007-01-31,30.6500
2007-01-30,30.7600
2007-01-29,30.1800
2007-01-26,31.4700
2007-01-25,31.7300
2007-01-24,32.8800
2007-01-23,31.8900
2007-01-22,31.8800
2007-01-19,31.8795
2007-01-18,31.6900
2007-01-17,34.5500
2007-01-16,35.2900
2007-01-12,35.2300
2007-01-11,34.7600
2007-01-10,34.8900
2007-01-09,33.2500
2007-01-08,33.9100
2007-01-05,33.6600
2007-01-04,35.9100
2007-01-03,36.0800
2006-12-29,37.0100
2006-12-28,37.2400
2006-12-27,37.5100
2006-12-26,37.0200
2006-12-22,37.0300
2006-12-21,37.9300
2006-12-20,38.2600
2006-12-19,38.7000
2006-12-18,38.1500
2006-12-15,37.5000
2006-12-14,36.8500
2006-12-13,36.2100
2006-12-12,35.7900
2006-12-11,36.1600
2006-12-08,35.5500
2006-12-07,35.6700
2006-12-06,36.5500
2006-12-05,36.6000
2006-12-04,36.9800
2006-12-01,35.5400
2006-11-30,36.9900
2006-11-29,36.5000
2006-11-28,35.9700
2006-11-27,35.3100
2006-11-24,36.9800
2006-11-22,36.7100
2006-11-21,36.0900
2006-11-20,36.6600
2006-11-17,36.3200
2006-11-16,36.2200
2006-11-15,35.7600
2006-11-14,36.3600
2006-11-13,36.0000
2006-11-10,34.4400
2006-11-09,35.2900
2006-11-08,34.6000
2006-11-07,34.1000
2006-11-06,33.5900
2006-11-03,32.6000
2006-11-02,31.9600
2006-11-01,32.1800
2006-10-31,34.8700
2006-10-30,32.7700
2006-10-27,32.3800
2006-10-26,33.8400
2006-10-25,32.8000
2006-10-24,32.5000
2006-10-23,31.5800
2006-10-20,31.7900
2006-10-19,32.1600
2006-10-18,31.5600
2006-10-17,32.4200
2006-10-16,33.7100
2006-10-13,33.7700
2006-10-12,32.4800
2006-10-11,32.3500
2006-10-10,32.1700
2006-10-09,32.9200
2006-10-06,30.9300
2006-10-05,30.2000
2006-10-04,31.0800
2006-10-03,28.3000
2006-10-02,28.8400
2006-09-29,29.5900
2006-09-28,29.5700
2006-09-27,30.1400
2006-09-26,30.2300
2006-09-25,30.8800
2006-09-22,29.8100
2006-09-21,30.7200
2006-09-20,30.9700
2006-09-19,29.8800
2006-09-18,30.6800
2006-09-15,29.5600
2006-09-14,28.9900
2006-09-13,29.1000
2006-09-12,28.8700
2006-09-11,28.1300
2006-09-08,27.7000
2006-09-07,27.6100
2006-09-06,27.0700
2006-09-05,28.5000
2006-09-01,27.8900
2006-08-31,29.1100
2006-08-30,29.2200
2006-08-29,28.6300
2006-08-28,27.3900
2006-08-25,26.4800
2006-08-24,26.5600
2006-08-23,26.2900
2006-08-22,26.3100
2006-08-21,26.3500
2006-08-18,27.3600
2006-08-17,26.9200
2006-08-16,27.3500
2006-08-15,25.5200
2006-08-14,23.2800
2006-08-11,23.4000
2006-08-10,24.1600
2006-08-09,24.3300
2006-08-08,24.3400
2006-08-07,23.7100
2006-08-04,23.9900
2006-08-03,24.3200
2006-08-02,22.8800
2006-08-01,21.2500
2006-07-31,22.1400
2006-07-28,22.6700
2006-07-27,20.5400
2006-07-26,20.2500
2006-07-25,20.2500
2006-07-24,19.5600
2006-07-21,17.7700
2006-07-20,19.2100
2006-07-19,19.6000
2006-07-18,18.7800
2006-07-17,17.8100
2006-07-14,17.6700
2006-07-13,17.7600
2006-07-12,18.2300
2006-07-11,19.1500
2006-07-10,18.5300
2006-07-07,19.3700
2006-07-06,19.9900
2006-07-05,20.6300
2006-07-03,21.6000
2006-06-30,21.2900
2006-06-29,21.4900
2006-06-28,20.5600
2006-06-27,19.4800
2006-06-26,20.1200
2006-06-23,20.3100
2006-06-22,20.3000
2006-06-21,20.9100
2006-06-20,20.6800
2006-06-19,21.0100
2006-06-16,21.6600
2006-06-15,22.2300
2006-06-14,20.4400
2006-06-13,19.8600
2006-06-12,20.1700
2006-06-09,21.5600
2006-06-08,21.4200
2006-06-07,21.8200
2006-06-06,22.2200
2006-06-05,22.8300
2006-06-02,23.8300
2006-06-01,24.1800
2006-05-31,22.9800
2006-05-30,22.9700
2006-05-26,23.9700
2006-05-25,23.9200
2006-05-24,24.0500
2006-05-23,23.7400
2006-05-22,24.0000
2006-05-19,24.3300
2006-05-18,23.8300
2006-05-17,24.9600
2006-05-16,26.0100
2006-05-15,26.7100
2006-05-12,26.3300
2006-05-11,28.4700
2006-05-10,29.5200
2006-05-09,30.1900
2006-05-08,31.1400
2006-05-05,31.2800
2006-05-04,30.8600
2006-05-03,31.0610
2006-05-02,30.8600
2006-05-01,30.9000
2006-04-28,29.2200
2006-04-27,29.1700
2006-04-26,28.7100
2006-04-25,28.9100
2006-04-24,28.9300
2006-04-21,28.0700
2006-04-20,29.1200
2006-04-19,29.1600
2006-04-18,28.9800
2006-04-17,29.6800
2006-04-13,29.6000
2006-04-12,30.4500
2006-04-11,29.2700
2006-04-10,30.0000
2006-04-07,30.5300
2006-04-06,61.2200
2006-04-05,61.1000
2006-04-04,60.6100
2006-04-03,57.9000
2006-03-31,57.2600
2006-03-30,57.4700
2006-03-29,57.0800
2006-03-28,54.1700
2006-03-27,53.3500
2006-03-24,51.9500
2006-03-23,50.2500
2006-03-22,49.3300
2006-03-21,50.7900
2006-03-20,48.4000
2006-03-17,48.7700
2006-03-16,48.3800
2006-03-15,50.0800
2006-03-14,49.2900
2006-03-13,47.9600
2006-03-10,47.3900
2006-03-09,48.2300
2006-03-08,47.9800
2006-03-07,48.2200
2006-03-06,49.0600
2006-03-03,49.1600
2006-03-02,48.9900
2006-03-01,48.9200
2006-02-28,47.1300
2006-02-27,47.5100
2006-02-24,45.6600
2006-02-23,45.6700
2006-02-22,46.3800
2006-02-21,46.4600
2006-02-17,47.4700
2006-02-16,47.2000
2006-02-15,44.9800
2006-02-14,44.1300
2006-02-13,44.0500
2006-02-10,43.9000
2006-02-09,44.1500
2006-02-08,44.9100
2006-02-07,43.6500
2006-02-06,45.2600
2006-02-03,44.0200
2006-02-02,43.6200
2006-02-01,44.9900
2006-01-31,44.9600
2006-01-30,45.7300
2006-01-27,46.2500
2006-01-26,45.3900
2006-01-25,43.8900
2006-01-24,44.2800
2006-01-23,44.0600
2006-01-20,43.8101
2006-01-19,45.0700
2006-01-18,42.7001
2006-01-17,42.4799
2006-01-13,42.5100
2006-01-12,42.8900
2006-01-11,43.5100
2006-01-10,41.9900
2006-01-09,41.9800
2006-01-06,40.8400
2006-01-05,40.1800
2006-01-04,39.2900
2006-01-03,38.2200
2005-12-30,36.5600
2005-12-29,37.2700
2005-12-28,38.1200
2005-12-27,37.7700
2005-12-23,37.5400
2005-12-22,37.2500
2005-12-21,36.1500
2005-12-20,36.2200
2005-12-19,36.2400
2005-12-16,36.8500
2005-12-15,36.5300
2005-12-14,37.0000
2005-12-13,37.3500
2005-12-12,36.8700
2005-12-09,36.3400
2005-12-08,35.8300
2005-12-07,36.1200
2005-12-06,36.0600
2005-12-05,35.9100
2005-12-02,36.5900
2005-12-01,36.5800
2005-11-30,36.1500
2005-11-29,35.4800
2005-11-28,37.8800
2005-11-25,38.0700
2005-11-23,37.7000
2005-11-22,37.8100
2005-11-21,36.8300
2005-11-18,36.1900
2005-11-17,36.2600
2005-11-16,34.7200
2005-11-15,34.8400
2005-11-14,34.7600
2005-11-11,34.0400
2005-11-10,33.4900
2005-11-09,34.7800
2005-11-08,33.2800
2005-11-07,33.9100
2005-11-04,34.0600
2005-11-03,34.6500
2005-11-02,35.0600
2005-11-01,33.1400
2005-10-31,33.5500
2005-10-28,32.4200
2005-10-27,31.4500
2005-10-26,32.1200
2005-10-25,33.0200
2005-10-24,32.8100
2005-10-21,31.9400
2005-10-20,31.7600
2005-10-19,31.5400
2005-10-18,31.8100
2005-10-17,32.3400
2005-10-14,32.0300
2005-10-13,32.0300
2005-10-12,32.2000
2005-10-11,31.8200
2005-10-10,32.2200
2005-10-07,33.0600
2005-10-06,33.4900
2005-10-05,33.6100
2005-10-04,34.7600
2005-10-03,35.2200
2005-09-30,34.2800
2005-09-29,33.9800
2005-09-28,33.2900
2005-09-27,33.0900
2005-09-26,32.9800
2005-09-23,32.7100
2005-09-22,32.2400
2005-09-21,33.1300
2005-09-20,33.4200
2005-09-19,32.7800
2005-09-16,33.2500
2005-09-15,33.2300
2005-09-14,32.6500
2005-09-13,33.0500
2005-09-12,32.0800
2005-09-09,32.1900
2005-09-08,31.7800
2005-09-07,31.4100
2005-09-06,30.4400
2005-09-02,30.1900
2005-09-01,30.6900
2005-08-31,30.6800
2005-08-30,30.0100
2005-08-29,28.9700
2005-08-26,28.9200
2005-08-25,29.3700
2005-08-24,29.1700
2005-08-23,29.1500
2005-08-22,28.9600
2005-08-19,29.2000
2005-08-18,29.4100
2005-08-17,30.1900
2005-08-16,30.1900
2005-08-15,30.7100
2005-08-12,29.9500
2005-08-11,28.2500
2005-08-10,27.8600
2005-08-09,28.2800
2005-08-08,28.3500
2005-08-05,28.2500
2005-08-04,27.5500
2005-08-03,27.8400
2005-08-02,27.8400
2005-08-01,27.4700
2005-07-29,27.0600
2005-07-28,27.2700
2005-07-27,27.0600
2005-07-26,26.5200
2005-07-25,25.9800
2005-07-22,25.8300
2005-07-21,26.5200
2005-07-20,26.9800
2005-07-19,26.5800
2005-07-18,26.2200
2005-07-15,26.8900
2005-07-14,27.1800
2005-07-13,28.4400
2005-07-12,28.4000
2005-07-11,28.5600
2005-07-08,28.1400
2005-07-07,27.7900
2005-07-06,27.9900
2005-07-05,27.2600
2005-07-01,26.8400
2005-06-30,26.7200
2005-06-29,26.7900
2005-06-28,27.0400
2005-06-27,26.8700
2005-06-24,27.0900
2005-06-23,27.9800
2005-06-22,27.5500
2005-06-21,27.5800
2005-06-20,27.3200
2005-06-17,26.9100
2005-06-16,26.9700
2005-06-15,26.8300
2005-06-14,26.9100
2005-06-13,28.6000
2005-06-10,27.9800
2005-06-09,28.3000
2005-06-08,27.1600
2005-06-07,27.3500
2005-06-06,28.0300
2005-06-03,28.3000
2005-06-02,28.3700
2005-06-01,27.3500
2005-05-31,27.1000
2005-05-27,27.5200
2005-05-26,27.7000
2005-05-25,26.9400
2005-05-24,27.2900
2005-05-23,26.9100
2005-05-20,26.3000
2005-05-19,25.8400
2005-05-18,25.8900
2005-05-17,25.7000
2005-05-16,25.4200
2005-05-13,25.3300
2005-05-12,22.7900
2005-05-11,22.3000
2005-05-10,22.6800
2005-05-09,23.6000
2005-05-06,23.1700
2005-05-05,22.8600
2005-05-04,22.4200
2005-05-03,21.7300
2005-05-02,21.8500
2005-04-29,21.9300
2005-04-28,21.7000
2005-04-27,21.6300
2005-04-26,22.4900
2005-04-25,22.5900
2005-04-22,22.2400
2005-04-21,22.4700
2005-04-20,21.2700
2005-04-19,21.9400
2005-04-18,21.2000
2005-04-15,21.3500
2005-04-14,22.1200
2005-04-13,22.3000
2005-04-12,23.2700
2005-04-11,22.9900
2005-04-08,23.4500
2005-04-07,23.7600
2005-04-06,23.3300
2005-04-05,22.9800
2005-04-04,23.3900
2005-04-01,23.5300
2005-03-31,23.7600
2005-03-30,24.3000
2005-03-29,24.3000
2005-03-28,24.8500
2005-03-24,25.1300
2005-03-23,25.0800
2005-03-22,24.5500
2005-03-21,25.0000
2005-03-18,24.1700
2005-03-17,24.6700
2005-03-16,24.9200
2005-03-15,25.3500
2005-03-14,25.8700
2005-03-11,25.1600
2005-03-10,25.7400
2005-03-09,25.7500
2005-03-08,26.4400
2005-03-07,27.8500
2005-03-04,27.5700
2005-03-03,27.6900
2005-03-02,28.0700
2005-03-01,28.9200
2005-02-28,28.9900
2005-02-25,28.8400
2005-02-24,28.4300
2005-02-23,27.6990
2005-02-22,28.6300
2005-02-18,28.2700
2005-02-17,25.5100
2005-02-16,25.7400
2005-02-15,25.8300
2005-02-14,25.6000
2005-02-11,26.1500
2005-02-10,25.4100
2005-02-09,24.8300
2005-02-08,25.7300
2005-02-07,25.4800
2005-02-04,25.7900
2005-02-03,24.3900
2005-02-02,24.6500
2005-02-01,23.3500
2005-01-31,22.9200
2005-01-28,22.8800
2005-01-27,22.9100
2005-01-26,21.2100
2005-01-25,20.9400
2005-01-24,20.5800
2005-01-21,21.4400
2005-01-20,21.4000
2005-01-19,21.3500
2005-01-18,21.8500
2005-01-14,21.5100
2005-01-13,21.4400
2005-01-12,21.2200
2005-01-11,21.4000
2005-01-10,22.0800
2005-01-07,22.0300
2005-01-06,22.4600
2005-01-05,22.6800
2005-01-04,22.4700
2005-01-03,23.5800
2004-12-31,23.5600
2004-12-30,22.8600
2004-12-29,22.9500
2004-12-28,22.7500
2004-12-27,22.8700
2004-12-23,23.0700
2004-12-22,23.0100
2004-12-21,22.9800
2004-12-20,22.8100
2004-12-17,23.0590
2004-12-16,23.6500
2004-12-15,23.3400
2004-12-14,23.1300
2004-12-13,22.6700
2004-12-10,23.3100
2004-12-09,22.8700
2004-12-08,23.0800
2004-12-07,22.8100
2004-12-06,21.7200
2004-12-03,20.7300
2004-12-02,19.8700
2004-12-01,19.6100
2004-11-30,19.1300
2004-11-29,19.4700
2004-11-26,19.8600
2004-11-24,19.6600
2004-11-23,19.5800
2004-11-22,19.5000
2004-11-19,18.9600
2004-11-18,18.8600
2004-11-17,18.6200
2004-11-16,18.3100
2004-11-15,18.3700
2004-11-12,18.1000
2004-11-11,18.0700
2004-11-10,17.7200
2004-11-09,17.7200
2004-11-08,17.8300
2004-11-05,17.6400
2004-11-04,15.4100
2004-11-03,15.1300
2004-11-02,14.9900
2004-11-01,14.7800
2004-10-29,14.4700
2004-10-28,14.7300
2004-10-27,14.8900
2004-10-26,14.4900
2004-10-25,13.3400
2004-10-22,13.2800
2004-10-21,14.0400
2004-10-20,13.7300
2004-10-19,13.5700
2004-10-18,13.6600
2004-10-15,13.4200
2004-10-14,13.8000
2004-10-13,14.2300
2004-10-12,14.3200
2004-10-11,14.5300
2004-10-08,14.5100
2004-10-07,15.3500
2004-10-06,15.2600
2004-10-05,15.2000
2004-10-04,15.5500
2004-10-01,15.1200
2004-09-30,14.5200
2004-09-29,14.3400
2004-09-28,14.0000
2004-09-27,13.8000
2004-09-24,14.0500
2004-09-23,14.4900
2004-09-22,14.3600
2004-09-21,15.0600
2004-09-20,14.6700
2004-09-17,14.6900
2004-09-16,14.1100
2004-09-15,13.6000
2004-09-14,14.4000
2004-09-13,14.3400
2004-09-10,14.0700
2004-09-09,13.5500
2004-09-08,12.3200
2004-09-07,12.5800
2004-09-03,12.8200
2004-09-02,13.2200
2004-09-01,12.7000
2004-08-31,12.4600
2004-08-30,12.5100
2004-08-27,12.9400
2004-08-26,12.7000
2004-08-25,12.6700
2004-08-24,12.1500
2004-08-23,12.6200
2004-08-20,12.3500
2004-08-19,11.6600
2004-08-18,11.7000
2004-08-17,10.9700
2004-08-16,10.4000
2004-08-13,10.5000
2004-08-12,10.0800
2004-08-11,10.3200
2004-08-10,10.6300
2004-08-09,9.8500
2004-08-06,9.4300
2004-08-05,14.5600
2004-08-04,14.9700
2004-08-03,14.8100
2004-08-02,15.6200
2004-07-30,15.4200
2004-07-29,15.2500
2004-07-28,14.3100
2004-07-27,14.6800
2004-07-26,14.2100
2004-07-23,14.6200
2004-07-22,15.0200
2004-07-21,14.7100
2004-07-20,15.6600
2004-07-19,15.3500
2004-07-16,15.1800
2004-07-15,15.6400
2004-07-14,15.7500
2004-07-13,16.4800
2004-07-12,16.5100
2004-07-09,16.9000
2004-07-08,17.6600
2004-07-07,18.2200
2004-07-06,18.1300
2004-07-02,19.2600
2004-07-01,19.5300
2004-06-30,20.4700
2004-06-29,20.7700
2004-06-28,20.0800
2004-06-25,20.2500
2004-06-24,20.1200
2004-06-23,20.3000
2004-06-22,19.9600
2004-06-21,19.4100
2004-06-18,19.7600
2004-06-17,19.7300
2004-06-16,20.1300
2004-06-15,20.4500
2004-06-14,20.1500
2004-06-10,20.8000
2004-06-09,21.0100
2004-06-08,22.0400
2004-06-07,22.4400
2004-06-04,21.9100
2004-06-03,22.1300
2004-06-02,23.2500
2004-06-01,23.4300
2004-05-28,23.4500
2004-05-27,22.5700
2004-05-26,22.5000
2004-05-25,22.0500
2004-05-24,21.1300
2004-05-21,21.2000
2004-05-20,21.1500
2004-05-19,21.4600
2004-05-18,21.5100
2004-05-17,21.1700
2004-05-14,21.5100
2004-05-13,21.5100
2004-05-12,21.4400
2004-05-11,21.7400
2004-05-10,21.2200
2004-05-07,22.0800
2004-05-06,21.9100
2004-05-05,21.7300
2004-05-04,21.5500
2004-05-03,20.2600
2004-04-30,20.5200
2004-04-29,21.4400
2004-04-28,22.0500
2004-04-27,22.1400
2004-04-26,22.3300
2004-04-23,23.2400
2004-04-22,22.7400
2004-04-21,22.6100
2004-04-20,22.5800
2004-04-19,23.5800
2004-04-16,23.6100
2004-04-15,24.4100
2004-04-14,25.7600
2004-04-13,25.6300
2004-04-12,26.2400
2004-04-08,26.7400
2004-04-07,26.0000
2004-04-06,26.1400
2004-04-05,27.2400
2004-04-02,26.3000
2004-04-01,25.9300
2004-03-31,26.4000
2004-03-30,26.1600
2004-03-29,25.4000
2004-03-26,24.3500
2004-03-25,24.4200
2004-03-24,23.0800
2004-03-23,22.0900
2004-03-22,22.0000
2004-03-19,22.1700
2004-03-18,22.4300
2004-03-17,22.1800
2004-03-16,21.6500
2004-03-15,20.7600
2004-03-12,21.2400
2004-03-11,20.8000
2004-03-10,20.9600
2004-03-09,21.2700
2004-03-08,21.4200
2004-03-05,22.1900
2004-03-04,22.3500
2004-03-03,21.8700
2004-03-02,22.1600
2004-03-01,22.5800
2004-02-27,22.2500
2004-02-26,22.6500
2004-02-25,22.5000
2004-02-24,22.3700
2004-02-23,23.3000
2004-02-20,24.1400
2004-02-19,23.5500
2004-02-18,23.5600
2004-02-17,23.5600
2004-02-13,23.3000
2004-02-12,23.5200
2004-02-11,24.2500
2004-02-10,23.4300
2004-02-09,22.6000
2004-02-06,22.7600
2004-02-05,22.2500
2004-02-04,21.9200
2004-02-03,22.5300
2004-02-02,22.6100
2004-01-30,22.2500
2004-01-29,21.9100
2004-01-28,22.5700
2004-01-27,22.6300
2004-01-26,24.0000
2004-01-23,23.0900
2004-01-22,23.6200
2004-01-21,24.1800
2004-01-20,25.3500
2004-01-16,24.6600
2004-01-15,24.2870
2004-01-14,24.2500
2004-01-13,24.4300
2004-01-12,25.7600
2004-01-09,25.4700
2004-01-08,25.1100
2004-01-07,25.0200
2004-01-06,24.8000
2004-01-05,23.8300
2004-01-02,23.0800
2003-12-31,23.2000
2003-12-30,23.7500
2003-12-29,23.7000
2003-12-26,22.7410
2003-12-24,21.8000
2003-12-23,21.9600
2003-12-22,21.1000
2003-12-19,21.0700
2003-12-18,20.7600
2003-12-17,20.3000
2003-12-16,20.7000
2003-12-15,20.4200
2003-12-12,20.8400
2003-12-11,20.9500
2003-12-10,19.9350
2003-12-09,19.5100
2003-12-08,20.5800
2003-12-05,20.4300
2003-12-04,21.1100
2003-12-03,21.2200
2003-12-02,21.4400
2003-12-01,21.5300
2003-11-28,21.2300
2003-11-26,21.3300
2003-11-25,21.3100
2003-11-24,20.9500
2003-11-21,19.7600
2003-11-20,19.6800
2003-11-19,20.2200
2003-11-18,19.6700
2003-11-17,19.9600
2003-11-14,20.1730
2003-11-13,21.4400
2003-11-12,21.4300
2003-11-11,21.1500
2003-11-10,21.6900
2003-11-07,21.7500
2003-11-06,18.1700
2003-11-05,18.1400
2003-11-04,18.0700
2003-11-03,18.0100
2003-10-31,17.6400
2003-10-30,17.9400
2003-10-29,18.2800
2003-10-28,18.2800
2003-10-27,17.2000
2003-10-24,17.1100
2003-10-23,17.1700
2003-10-22,17.2500
2003-10-21,17.5500
2003-10-20,17.0300
2003-10-17,16.6600
2003-10-16,17.2000
2003-10-15,16.9900
2003-10-14,17.2100
2003-10-13,16.9000
2003-10-10,16.7300
2003-10-09,16.4400
2003-10-08,16.2100
2003-10-07,16.8000
2003-10-06,16.6500
2003-10-03,16.7800
2003-10-02,16.3500
2003-10-01,16.1000
2003-09-30,15.9700
2003-09-29,15.9500
2003-09-26,16.8600
2003-09-25,17.5300
2003-09-24,17.7800
2003-09-23,19.2400
2003-09-22,19.0600
2003-09-19,19.8400
2003-09-18,20.0000
2003-09-17,19.8500
2003-09-16,19.6200
2003-09-15,19.0300
2003-09-12,19.3500
2003-09-11,19.0700
2003-09-10,19.3200
2003-09-09,20.7400
2003-09-08,19.5400
2003-09-05,18.6800
2003-09-04,17.8300
2003-09-03,17.6600
2003-09-02,18.0100
2003-08-29,18.1700
2003-08-28,17.9300
2003-08-27,18.4100
2003-08-26,17.8700
2003-08-25,18.1600
2003-08-22,18.2600
2003-08-21,18.1310
2003-08-20,17.6500
2003-08-19,17.9000
2003-08-18,16.6300
2003-08-15,16.1500
2003-08-14,16.2000
2003-08-13,16.7800
2003-08-12,16.6700
2003-08-11,16.3400
2003-08-08,15.5000
2003-08-07,19.3000
2003-08-06,19.5700
2003-08-05,20.4000
2003-08-04,20.4600
2003-08-01,19.7200
2003-07-31,19.0900
2003-07-30,18.8600
2003-07-29,19.0700
2003-07-28,20.4100
2003-07-25,21.0600
2003-07-24,20.7300
2003-07-23,21.5700
2003-07-22,21.2900
2003-07-21,20.9400
2003-07-18,21.2600
2003-07-17,22.0000
2003-07-16,23.1600
2003-07-15,23.4500
2003-07-14,24.2400
2003-07-11,24.4300
2003-07-10,24.3000
2003-07-09,25.3400
2003-07-08,24.7700
2003-07-07,25.0500
2003-07-03,23.5100
2003-07-02,23.7800
2003-07-01,23.8500
2003-06-30,22.9100
2003-06-27,22.5570
2003-06-26,22.9700
2003-06-25,22.9400
2003-06-24,22.7900
2003-06-23,22.8400
2003-06-20,23.6800
2003-06-19,23.9300
2003-06-18,25.4800
2003-06-17,24.5400
2003-06-16,23.9700
2003-06-13,23.4700
2003-06-12,25.4500
2003-06-11,25.8400
2003-06-10,25.8200
2003-06-09,25.4500
2003-06-06,25.7600
2003-06-05,26.5700
2003-06-04,25.8300
2003-06-03,25.2300
2003-06-02,24.7200
2003-05-30,26.1700
2003-05-29,24.2100
2003-05-28,22.6600
2003-05-27,22.7200
2003-05-23,20.8700
2003-05-22,20.9800
2003-05-21,20.9100
2003-05-20,20.2000
2003-05-19,19.8900
2003-05-16,21.2600
2003-05-15,21.0600
2003-05-14,20.3600
2003-05-13,20.3800
2003-05-12,20.7700
2003-05-09,21.3700
2003-05-08,16.0600
2003-05-07,16.0500
2003-05-06,16.3100
2003-05-05,16.2900
2003-05-02,15.9000
2003-05-01,14.4200
2003-04-30,14.2700
2003-04-29,14.3900
2003-04-28,13.9600
2003-04-25,13.5500
2003-04-24,14.0700
2003-04-23,14.5000
2003-04-22,14.1800
2003-04-21,14.0000
2003-04-17,13.6500
2003-04-16,13.4100
2003-04-15,13.4100
2003-04-14,13.4800
2003-04-11,13.2500
2003-04-10,13.4000
2003-04-09,13.3300
2003-04-08,13.4000
2003-04-07,13.5300
2003-04-04,13.3900
2003-04-03,13.9320
2003-04-02,13.7500
2003-04-01,13.2600
2003-03-31,12.8800
2003-03-28,13.4300
2003-03-27,14.0000
2003-03-26,14.4100
2003-03-25,14.0200
2003-03-24,13.6300
2003-03-21,14.1600
2003-03-20,14.2900
2003-03-19,14.1600
2003-03-18,14.0900
2003-03-17,14.2000
2003-03-14,13.4200
2003-03-13,13.8200
2003-03-12,12.5700
2003-03-11,12.2300
2003-03-10,12.1400
2003-03-07,12.4900
2003-03-06,12.3000
2003-03-05,12.5100
2003-03-04,12.3100
2003-03-03,12.4100
2003-02-28,12.6200
2003-02-27,12.5700
2003-02-26,12.3100
2003-02-25,12.9400
2003-02-24,13.0200
2003-02-21,12.8600
2003-02-20,12.8500
2003-02-19,12.8500
2003-02-18,12.7300
2003-02-14,12.0400
2003-02-13,9.8700
2003-02-12,9.7500
2003-02-11,9.7000
2003-02-10,9.8800
2003-02-07,9.7600
2003-02-06,10.2200
2003-02-05,10.1400
2003-02-04,10.0500
2003-02-03,10.5200
2003-01-31,10.3200
2003-01-30,10.1600
2003-01-29,10.3800
2003-01-28,10.3800
2003-01-27,10.0200
2003-01-24,10.1700
2003-01-23,10.7800
2003-01-22,10.4900
2003-01-21,10.4800
2003-01-17,10.7500
2003-01-16,11.1700
2003-01-15,11.9800
2003-01-14,12.3600
2003-01-13,12.2700
2003-01-10,12.3700
2003-01-09,12.1600
2003-01-08,11.9500
2003-01-07,13.2700
2003-01-06,13.3100
2003-01-03,12.3100
2003-01-02,12.3100
2002-12-31,11.5100
2002-12-30,11.5300
2002-12-27,11.9500
2002-12-26,12.4200
2002-12-24,12.6500
2002-12-23,12.9100
2002-12-20,12.8200
2002-12-19,12.6500
2002-12-18,12.9300
2002-12-17,14.0000
2002-12-16,14.0200
2002-12-13,13.2400
2002-12-12,13.7700
2002-12-11,14.0100
2002-12-10,14.0900
2002-12-09,13.0000
2002-12-06,14.1300
2002-12-05,14.1100
2002-12-04,13.9900
2002-12-03,15.8800
2002-12-02,17.0000
2002-11-29,17.1300
2002-11-27,17.0800
2002-11-26,15.8500
2002-11-25,16.2900
2002-11-22,15.7200
2002-11-21,16.1400
2002-11-20,14.8800
2002-11-19,14.1700
2002-11-18,13.9700
2002-11-15,13.4700
2002-11-14,12.5500
2002-11-13,11.7800
2002-11-12,11.4500
2002-11-11,10.4800
2002-11-08,11.3700
2002-11-07,14.5500
2002-11-06,16.1800
2002-11-05,15.0200
2002-11-04,15.6400
2002-11-01,14.1000
2002-10-31,11.9000
2002-10-30,11.2400
2002-10-29,10.6800
2002-10-28,11.1600
2002-10-25,11.1000
2002-10-24,10.4600
2002-10-23,11.0200
2002-10-22,10.5900
2002-10-21,10.2500
2002-10-18,9.4000
2002-10-17,9.3100
2002-10-16,8.6500
2002-10-15,9.4400
2002-10-14,8.5500
2002-10-11,8.8100
2002-10-10,7.7510
2002-10-09,7.3700
2002-10-08,7.5100
2002-10-07,7.7400
2002-10-04,8.1400
2002-10-03,8.5700
2002-10-02,9.0100
2002-10-01,9.0200
2002-09-30,8.5600
2002-09-27,8.5600
2002-09-26,8.8700
2002-09-25,9.3700
2002-09-24,8.8800
2002-09-23,8.8100
2002-09-20,9.2100
2002-09-19,9.1600
2002-09-18,9.4800
2002-09-17,9.7500
2002-09-16,9.9000
2002-09-13,10.5700
2002-09-12,10.7400
2002-09-11,11.0900
2002-09-10,10.5700
2002-09-09,9.2500
2002-09-06,9.2600
2002-09-05,9.0600
2002-09-04,9.4200
2002-09-03,9.4800
2002-08-30,10.1100
2002-08-29,10.3700
2002-08-28,10.2400
2002-08-27,10.9200
2002-08-26,11.5800
2002-08-23,11.4900
2002-08-22,12.3000
2002-08-21,12.7300
2002-08-20,12.0900
2002-08-19,12.6500
2002-08-16,10.6900
2002-08-15,10.2900
2002-08-14,9.6200
2002-08-13,9.0100
2002-08-12,9.2000
2002-08-09,9.2000
2002-08-08,9.4240
2002-08-07,8.8480
2002-08-06,9.0500
2002-08-05,8.6000
2002-08-02,9.3500
2002-08-01,10.0100
2002-07-31,11.0700
2002-07-30,16.2200
2002-07-29,15.1200
2002-07-26,14.7100
2002-07-25,15.0600
2002-07-24,17.0200
2002-07-23,16.0000
2002-07-22,17.2900
2002-07-19,18.1300
2002-07-18,18.9900
2002-07-17,19.4900
2002-07-16,21.3000
2002-07-15,21.8900
2002-07-12,19.9100
2002-07-11,19.9300
2002-07-10,18.0900
2002-07-09,18.6000
2002-07-08,19.5600
2002-07-05,18.9900
2002-07-03,17.4500
2002-07-02,16.0600
2002-07-01,17.1400
2002-06-28,17.1800
2002-06-27,17.0800
2002-06-26,20.0700
2002-06-25,21.1700
2002-06-24,23.0800
2002-06-21,22.6600
2002-06-20,23.6300
2002-06-19,23.8500
2002-06-18,28.2800
2002-06-17,28.4300
2002-06-14,28.1800
2002-06-13,27.6600
2002-06-12,27.9500
2002-06-11,30.6000
2002-06-10,32.0300
2002-06-07,32.3000
2002-06-06,32.6100
2002-06-05,32.6000
2002-06-04,33.0800
2002-06-03,31.5000
2002-05-31,33.4600
2002-05-30,34.4000
2002-05-29,34.9100
2002-05-28,33.6400
2002-05-24,35.0300
2002-05-23,35.7300
2002-05-22,38.0500
2002-05-21,36.5700
2002-05-20,39.5900
2002-05-17,39.1700
2002-05-16,37.9700
2002-05-15,37.9000
2002-05-14,37.1700
2002-05-13,33.8100
2002-05-10,31.8800
2002-05-09,34.4600
2002-05-08,36.0000
2002-05-07,32.2900
2002-05-06,31.5000
2002-05-03,32.7500
2002-05-02,34.0100
2002-05-01,35.4400
2002-04-30,34.8100
2002-04-29,35.4300
2002-04-26,30.3700
2002-04-25,33.7400
2002-04-24,32.4800
2002-04-23,35.6000
2002-04-22,37.1000
2002-04-19,36.9200
2002-04-18,39.6200
2002-04-17,40.2900
2002-04-16,39.8200
2002-04-15,38.1600
2002-04-12,36.6800
2002-04-11,36.8200
2002-04-10,38.5100
2002-04-09,40.7600
2002-04-08,43.5100
2002-04-05,42.1000
2002-04-04,43.0800
2002-04-03,43.2900
2002-04-02,42.4900
2002-04-01,43.6300
2002-03-28,44.3600
2002-03-27,45.5000
2002-03-26,47.0000
2002-03-25,46.0600
2002-03-22,48.5700
2002-03-21,48.9900
2002-03-20,46.5200
2002-03-19,51.6500
2002-03-18,52.7700
2002-03-15,52.7700
2002-03-14,50.6300
2002-03-13,53.6000
2002-03-12,54.5900
2002-03-11,57.6100
2002-03-08,58.2900
2002-03-07,56.6000
2002-03-06,57.0600
2002-03-05,58.9100
2002-03-04,59.0600
2002-03-01,55.9400
2002-02-28,51.0100
2002-02-27,53.1500
2002-02-26,55.0000
2002-02-25,53.8300
2002-02-22,49.9200
2002-02-21,52.5000
2002-02-20,56.3500
2002-02-19,53.5500
2002-02-15,57.3500
2002-02-14,62.1600
2002-02-13,61.4000
2002-02-12,62.2000
2002-02-11,60.9100
2002-02-08,57.7200
2002-02-07,60.0100
2002-02-06,62.0200
2002-02-05,60.5100
2002-02-04,61.1100
2002-02-01,64.1300
2002-01-31,65.7400
2002-01-30,65.4400
2002-01-29,64.6600
2002-01-28,67.9900
2002-01-25,65.4700
2002-01-24,65.6400
2002-01-23,63.3700
2002-01-22,62.2000
2002-01-18,63.8000
2002-01-17,64.9900
2002-01-16,62.7900
2002-01-15,65.3400
2002-01-14,59.7600
2002-01-11,63.0700
2002-01-10,65.9900
2002-01-09,67.6100
2002-01-08,68.5500
2002-01-07,67.7500
2002-01-04,69.6200
2002-01-03,71.7100
2002-01-02,67.3000
2001-12-31,66.9000
2001-12-28,67.7100
2001-12-27,69.3800
2001-12-26,67.8100
2001-12-24,66.1900
2001-12-21,64.5800
2001-12-20,61.9000
2001-12-19,64.4400
2001-12-18,66.2500
2001-12-17,68.0000
2001-12-14,65.6400
2001-12-13,62.8100
2001-12-12,64.6700
2001-12-11,62.7200
2001-12-10,60.5500
2001-12-07,59.9500
2001-12-06,61.8400
2001-12-05,62.8300
2001-12-04,58.1400
2001-12-03,53.8100
2001-11-30,54.6400
2001-11-29,53.6100
2001-11-28,51.3600
2001-11-27,54.0900
2001-11-26,53.5200
2001-11-23,49.9500
2001-11-21,49.2600
2001-11-20,49.9000
2001-11-19,51.3400
2001-11-16,52.4900
2001-11-15,52.9500
2001-11-14,52.6700
2001-11-13,54.1800
2001-11-12,54.6300
2001-11-09,53.2000
2001-11-08,49.7500
2001-11-07,50.6300
2001-11-06,50.5900
2001-11-05,47.3400
2001-11-02,47.1700
2001-11-01,46.5200
2001-10-31,42.8600
2001-10-30,42.0000
2001-10-29,42.0700
2001-10-26,45.7900
2001-10-25,49.3100
2001-10-24,46.5800
2001-10-23,44.6100
2001-10-22,45.4100
2001-10-19,44.3500
2001-10-18,43.4600
2001-10-17,41.7000
2001-10-16,44.3000
2001-10-15,40.2500
2001-10-12,40.4300
2001-10-11,37.9600
2001-10-10,34.2500
2001-10-09,32.1800
2001-10-08,33.6400
2001-10-05,32.9000
2001-10-04,32.2900
2001-10-03,28.5800
2001-10-02,23.8800
2001-10-01,25.1400
2001-09-28,27.4700
2001-09-27,26.2500
2001-09-26,27.7900
2001-09-25,28.8300
2001-09-24,30.0000
2001-09-21,26.9700
2001-09-20,28.8800
2001-09-19,31.5500
2001-09-18,31.9400
2001-09-17,33.9900
2001-09-10,75.7600
2001-09-07,78.0200
2001-09-06,77.2100
2001-09-05,80.5000
2001-09-04,78.8200
2001-08-31,84.7100
2001-08-30,84.0100
2001-08-29,84.2800
2001-08-28,87.0800
2001-08-27,88.2300
2001-08-24,85.2800
2001-08-23,82.9100
2001-08-22,84.7900
2001-08-21,81.4400
2001-08-20,83.1900
2001-08-17,83.7700
2001-08-16,89.5700
2001-08-15,85.9500
2001-08-14,85.8500
2001-08-13,88.1900
2001-08-10,84.6400
2001-08-09,84.7400
2001-08-08,86.2500
2001-08-07,88.5000
2001-08-06,89.8300
2001-08-03,87.3000
2001-08-02,87.8800
2001-08-01,85.8400
2001-07-31,80.9000
2001-07-30,79.0700
2001-07-27,81.0000
2001-07-26,79.0000
2001-07-25,71.6900
2001-07-24,72.3900
2001-07-23,67.8000
2001-07-20,74.8900
2001-07-19,77.1100
2001-07-18,75.8900
2001-07-17,78.6100
2001-07-16,74.4500
2001-07-13,80.9600
2001-07-12,82.6700
2001-07-11,78.5500
2001-07-10,78.7000
2001-07-09,78.0600
2001-07-06,80.7000
2001-07-05,83.2600
2001-07-03,89.7700
2001-07-02,88.6300
2001-06-29,92.7500
2001-06-28,91.9200
2001-06-27,90.8500
2001-06-26,93.7500
2001-06-25,91.1200
2001-06-22,91.3000
2001-06-21,91.7100
2001-06-20,90.0100
2001-06-19,86.3000
2001-06-18,91.2900
2001-06-15,95.0500
2001-06-14,93.5900
2001-06-13,93.7900
2001-06-12,97.0500
2001-06-11,93.9200
2001-06-08,96.7500
2001-06-07,99.3300
2001-06-06,94.0200
2001-06-05,93.6200
2001-06-04,88.9500
2001-06-01,90.3500
2001-05-31,85.6100
2001-05-30,86.3000
2001-05-29,87.9400
2001-05-25,91.7000
2001-05-24,93.4700
2001-05-23,92.1100
2001-05-22,92.9000
2001-05-21,90.2000
2001-05-18,86.3000
2001-05-17,87.0000
2001-05-16,85.4900
2001-05-15,81.6400
2001-05-14,78.8100
2001-05-11,78.1400
2001-05-10,80.1900
2001-05-09,82.9800
2001-05-08,87.0600
2001-05-07,93.8500
2001-05-04,89.8200
2001-05-03,88.6000
2001-05-02,88.9900
2001-05-01,91.0800
2001-04-30,83.3000
2001-04-27,79.0000
2001-04-26,73.7500
2001-04-25,80.0600
2001-04-24,76.5400
2001-04-23,82.3700
2001-04-20,86.9600
2001-04-19,83.9000
2001-04-18,77.2600
2001-04-17,71.9000
2001-04-16,68.5400
2001-04-12,70.2500
2001-04-11,69.2100
2001-04-10,65.2700
2001-04-09,59.6400
2001-04-06,62.6900
2001-04-05,62.9400
2001-04-04,57.6300
2001-04-03,64.2500
2001-04-02,62.1900
2001-03-30,64.9200
2001-03-29,69.1300
2001-03-28,68.1100
2001-03-27,68.0600
2001-03-26,70.6300
2001-03-23,67.0000
2001-03-22,67.6300
2001-03-21,61.4400
2001-03-20,57.1900
2001-03-19,63.0600
2001-03-16,59.6300
2001-03-15,59.8800
2001-03-14,57.0600
2001-03-13,54.0000
2001-03-12,48.2500
2001-03-09,50.0600
2001-03-08,53.8800
2001-03-07,52.1300
2001-03-06,48.2500
2001-03-05,44.0000
2001-03-02,43.5800
2001-03-01,48.2200
2001-02-28,44.6900
2001-02-27,49.9400
2001-02-26,53.1300
2001-02-23,54.3400
2001-02-22,58.3800
2001-02-21,56.0000
2001-02-20,53.5600
2001-02-16,59.5000
2001-02-15,56.4400
2001-02-14,47.6900
2001-02-13,44.4400
2001-02-12,43.1300
2001-02-09,44.3100
2001-02-08,44.6300
2001-02-07,44.8800
2001-02-06,47.0600
2001-02-05,46.8100
2001-02-02,46.8800
2001-02-01,51.8900
2001-01-31,51.6300
2001-01-30,52.1900
2001-01-29,51.0600
2001-01-26,50.8100
2001-01-25,49.2500
2001-01-24,54.7500
2001-01-23,54.9800
2001-01-22,50.0000
2001-01-19,52.0600
2001-01-18,53.4800
2001-01-17,44.8800
2001-01-16,43.3100
2001-01-12,47.0000
2001-01-11,48.0000
2001-01-10,44.3100
2001-01-09,41.4400
2001-01-08,40.6300
2001-01-05,37.0900
2001-01-04,43.6300
2001-01-03,39.1300
2001-01-02,29.9400
2000-12-29,32.7700
2000-12-28,36.0600
2000-12-27,35.8800
2000-12-26,33.6300
2000-12-22,35.0600
2000-12-21,27.8800
2000-12-20,31.8800
2000-12-19,35.7500
2000-12-18,38.6700
2000-12-15,37.4400
2000-12-14,41.5600
2000-12-13,44.6300
2000-12-12,48.3800
2000-12-11,49.7500
2000-12-08,49.7500
2000-12-07,40.5000
2000-12-06,41.2500
2000-12-05,48.1300
2000-12-04,45.1900
2000-12-01,44.5000
2000-11-30,40.5000
2000-11-29,48.2500
2000-11-28,51.4200
2000-11-27,55.5600
2000-11-24,57.5000
2000-11-22,54.3800
2000-11-21,57.3800
2000-11-20,58.5000
2000-11-17,63.3800
2000-11-16,64.6300
2000-11-15,68.9500
2000-11-14,69.8800
2000-11-13,59.0600
2000-11-10,58.8100
2000-11-09,62.1900
2000-11-08,69.4400
2000-11-07,71.5600
2000-11-06,76.7500
2000-11-03,71.2500
2000-11-02,66.8800
2000-11-01,62.1300
2000-10-31,62.1400
2000-10-30,56.9400
2000-10-27,61.2500
2000-10-26,62.6900
2000-10-25,60.1300
2000-10-24,65.8800
2000-10-23,68.0600
2000-10-20,69.6300
2000-10-19,63.6900
2000-10-18,58.0600
2000-10-17,59.0000
2000-10-16,63.6300
2000-10-13,65.1300
2000-10-12,62.6300
2000-10-11,65.1900
2000-10-10,64.6300
2000-10-09,69.9400
2000-10-06,68.4400
2000-10-05,73.0000
2000-10-04,74.7500
2000-10-03,75.6300
2000-10-02,79.9400
2000-09-29,81.8800
2000-09-28,84.2500
2000-09-27,81.7500
2000-09-26,77.5000
2000-09-25,75.6900
2000-09-22,70.6300
2000-09-21,69.4200
2000-09-20,66.5600
2000-09-19,68.8100
2000-09-18,66.7500
2000-09-15,70.8900
2000-09-14,69.3800
2000-09-13,70.0300
2000-09-12,70.0600
2000-09-11,70.5000
2000-09-08,73.5000
2000-09-07,78.1300
2000-09-06,74.1300
2000-09-05,79.6300
2000-09-01,79.5000
2000-08-31,79.3800
2000-08-30,78.5000
2000-08-29,77.8100
2000-08-28,78.0000
2000-08-25,75.0000
2000-08-24,76.9400
2000-08-23,74.9400
2000-08-22,70.8100
2000-08-21,78.1900
2000-08-18,77.0000
2000-08-17,74.3800
2000-08-16,73.0000
2000-08-15,71.2000
2000-08-14,65.0600
2000-08-11,64.4400
2000-08-10,66.0000
2000-08-09,65.2500
2000-08-08,67.2500
2000-08-07,68.7500
2000-08-04,63.7500
2000-08-03,62.6300
2000-08-02,60.0000
2000-08-01,58.8100
2000-07-31,60.0000
2000-07-28,54.0000
2000-07-27,52.7500
2000-07-26,56.8100
2000-07-25,61.3800
2000-07-24,62.2500
2000-07-21,69.6900
2000-07-20,68.8100
2000-07-19,67.0000
2000-07-18,71.5600
2000-07-17,73.0000
2000-07-14,73.8100
2000-07-13,74.3800
2000-07-12,68.0000
2000-07-11,66.1300
2000-07-10,61.1900
2000-07-07,58.1900
2000-07-06,57.8800
2000-07-05,54.5600
2000-07-03,61.1300
2000-06-30,63.5600
2000-06-29,58.6300
2000-06-28,68.5000
2000-06-27,71.2500
2000-06-26,165.9000
2000-06-23,148.1000
2000-06-22,163.5000
2000-06-21,172.9000
2000-06-20,157.0000
2000-06-19,159.1000
2000-06-16,149.8000
2000-06-15,130.1000
2000-06-14,126.8000
2000-06-13,126.9000
2000-06-12,123.1000
2000-06-09,126.4000
2000-06-08,122.9000
2000-06-07,122.0000
2000-06-06,127.7000
2000-06-05,134.4000
2000-06-02,131.6000
2000-06-01,117.3000
2000-05-31,112.8000
2000-05-30,109.9000
2000-05-26,105.5000
2000-05-25,105.0000
2000-05-24,106.5000
2000-05-23,107.9000
2000-05-22,108.8000
2000-05-19,102.1000
2000-05-18,103.0000
2000-05-17,110.5000
2000-05-16,94.0000
2000-05-15,85.2500
2000-05-12,79.7500
2000-05-11,82.2500
2000-05-10,78.8800
2000-05-09,87.5000
2000-05-08,88.7500
2000-05-05,92.1300
2000-05-04,88.0600
2000-05-03,87.0000
2000-05-02,88.4400
2000-05-01,92.0000
2000-04-28,89.1300
2000-04-27,91.0000
2000-04-26,84.1300
2000-04-25,85.0000
2000-04-24,76.6300
2000-04-20,80.6300
2000-04-19,81.0600
2000-04-18,85.1300
2000-04-17,72.3100
2000-04-14,68.8000
2000-04-13,75.4400
2000-04-12,78.8100
2000-04-11,87.9400
2000-04-10,93.5000
2000-04-07,102.6000
2000-04-06,95.9400
2000-04-05,91.6900
2000-04-04,75.0000
2000-04-03,77.8800
2000-03-31,84.4800
2000-03-30,74.8100
2000-03-29,75.2500
2000-03-28,80.5600
2000-03-27,87.0600
2000-03-24,93.1900
2000-03-23,97.2500
2000-03-22,95.5600
2000-03-21,94.8800
2000-03-20,99.8100
2000-03-17,99.8800
2000-03-16,94.1700
2000-03-15,105.6000
2000-03-14,110.1000
2000-03-13,149.3000
2000-03-10,118.0000
2000-03-09,100.3000
2000-03-08,84.0000
2000-03-07,83.3100
2000-03-06,58.5000
2000-03-03,58.8800
2000-03-02,57.9400
2000-03-01,62.1300
2000-02-29,64.0000
2000-02-28,60.7500
2000-02-25,61.1900
2000-02-24,65.2500
2000-02-23,65.8800
2000-02-22,65.5000
2000-02-18,67.3800
2000-02-17,60.3800
2000-02-16,58.3100
2000-02-15,55.7500
2000-02-14,58.0000
2000-02-11,50.0000
2000-02-10,49.2500
2000-02-09,40.8800
2000-02-08,39.8800
2000-02-07,38.0600
2000-02-04,40.5600
2000-02-03,39.6300
2000-02-02,39.0000
2000-02-01,37.9400
2000-01-31,37.0600
2000-01-28,37.3800
2000-01-27,38.5000
2000-01-26,40.6300
2000-01-25,42.3800
2000-01-24,42.7500
2000-01-21,44.7500
2000-01-20,45.2500
2000-01-19,45.3800
2000-01-18,45.8100
2000-01-14,43.9400
2000-01-13,42.1300
2000-01-12,40.4400
2000-01-11,41.5000
2000-01-10,43.2500
2000-01-07,41.8800
2000-01-06,41.1900
2000-01-05,44.1900
2000-01-04,45.5600
2000-01-03,46.8100
1999-12-31,46.9400
1999-12-30,46.3800
1999-12-29,46.0000
1999-12-28,44.5000
1999-12-27,44.6300
1999-12-23,46.3800
1999-12-22,43.5000
1999-12-21,42.5000
1999-12-20,40.7500
1999-12-17,37.6300
1999-12-16,35.7500
1999-12-15,36.0000
1999-12-14,37.1900
1999-12-13,37.8100
1999-12-10,37.9400
1999-12-09,38.3800
1999-12-08,39.5600
1999-12-07,37.8800
1999-12-06,39.1900
1999-12-03,38.1300
1999-12-02,39.0600
1999-12-01,36.3800
1999-11-30,34.6300
1999-11-29,36.8800
1999-11-26,38.2500
1999-11-24,38.5000
1999-11-23,39.7500
1999-11-22,42.8100
1999-11-19,42.8800
1999-11-18,35.8100
1999-11-17,35.6900
1999-11-16,34.3800
1999-11-15,31.3800
1999-11-12,32.0000
1999-11-11,30.3800
1999-11-10,28.3800
1999-11-09,28.6300
1999-11-08,29.0600
1999-11-05,28.2500
1999-11-04,29.1900
1999-11-03,27.4400
1999-11-02,25.0000
1999-11-01,23.5000
