Date,Close_smoothed,close_t-1_smoothed,close_t-2_smoothed
1999-11-03,28.548291603518873,27.549503753343473,26.31711590318451
1999-11-04,28.64471178401867,27.704077536376552,26.549339492096045
1999-11-05,28.84565417305506,27.992973039002575,26.967506891533404
1999-11-08,29.16764940733772,28.389800869100952,27.50223341394119
1999-11-09,29.633338385162414,28.879905949493,28.09449390128318
1999-11-10,30.26609906809197,29.469778767344422,28.719582019360168
1999-11-11,31.08211149972795,30.182511370876735,29.391266312120646
1999-11-12,32.0808675740315,31.043706611862,30.147830342267493
1999-11-15,33.23558070780162,32.064996017404255,31.029909809170437
1999-11-16,34.485276644284845,33.22969804718812,32.06004751401298
1999-11-17,35.73309607480459,34.48331528946991,33.22810919087556
1999-11-18,36.85684566305211,35.732518522049595,34.48289937863054
1999-11-19,37.73605458616752,36.85673681137574,35.732451605035436
1999-11-22,38.28820490133572,37.73605458616752,36.85673681137574
1999-11-23,38.49969347144322,38.28820490133572,37.73605458616752
1999-11-24,38.43392448722518,38.49969347144322,38.28820490133572
1999-11-26,38.210141562077276,38.43392448722518,38.49969347144322
1999-11-29,37.96195797221774,38.210141562077276,38.43392448722518
1999-11-30,37.793632299457656,37.96195797221774,38.210141562077276
1999-12-01,37.752529110770375,37.793632299457656,37.96195797221774
1999-12-02,37.826418621132525,37.752529110770375,37.793632299457656
1999-12-03,37.96204776560245,37.826418621132525,37.752529110770375
1999-12-06,38.0934263829656,37.96204776560245,37.826418621132525
1999-12-07,38.16762102011468,38.0934263829656,37.96204776560245
1999-12-08,38.1602468555825,38.16762102011468,38.0934263829656
1999-12-09,38.08168630718194,38.1602468555825,38.16762102011468
1999-12-10,37.976532687767914,38.08168630718194,38.1602468555825
1999-12-13,37.91663547976077,37.976532687767914,38.08168630718194
1999-12-14,37.98764744899167,37.91663547976077,37.976532687767914
1999-12-15,38.26763075426577,37.98764744899167,37.91663547976077
1999-12-16,38.8018899867338,38.26763075426577,37.98764744899167
1999-12-17,39.58373069269248,38.8018899867338,38.26763075426577
1999-12-20,40.551260584562804,39.58373069269248,38.8018899867338
1999-12-21,41.60434707167602,40.551260584562804,39.58373069269248
1999-12-22,42.63408610355492,41.60434707167602,40.551260584562804
1999-12-23,43.55094034933908,42.63408610355492,41.60434707167602
1999-12-27,44.299141137969606,43.55094034933908,42.63408610355492
1999-12-28,44.85274806896185,44.299141137969606,43.55094034933908
1999-12-29,45.20168430620759,44.85274806896185,44.299141137969606
1999-12-30,45.340176680794,45.20168430620759,44.85274806896185
1999-12-31,45.26703892528602,45.340176680794,45.20168430620759
2000-01-03,44.99647983236283,45.26703892528602,45.340176680794
2000-01-04,44.569624038947495,44.99647983236283,45.26703892528602
2000-01-05,44.056522103162834,44.569624038947495,44.99647983236283
2000-01-06,43.54537212254892,44.056522103162834,44.569624038947495
2000-01-07,43.12348818699836,43.54537212254892,44.056522103162834
2000-01-10,42.8583421830747,43.12348818699836,43.54537212254892
2000-01-11,42.783546426266795,42.8583421830747,43.12348818699836
2000-01-12,42.89085128316706,42.783546426266795,42.8583421830747
2000-01-13,43.12866674167798,42.89085128316706,42.783546426266795
2000-01-14,43.40886098265037,43.12866674167798,42.89085128316706
2000-01-18,43.62456778779651,43.40886098265037,43.12866674167798
2000-01-19,43.67580087307314,43.62456778779651,43.40886098265037
2000-01-20,43.494840365670456,43.67580087307314,43.62456778779651
2000-01-21,43.06337685322683,43.494840365670456,43.67580087307314
2000-01-24,42.41595578779459,43.06337685322683,43.494840365670456
2000-01-25,41.63162329840823,42.41595578779459,43.06337685322683
2000-01-26,40.816151466557734,41.63162329840823,42.41595578779459
2000-01-27,40.08050840775307,40.816151466557734,41.63162329840823
2000-01-28,39.518676757868846,40.08050840775307,40.816151466557734
2000-01-31,39.19346307688722,39.518676757868846,40.08050840775307
2000-02-01,39.13534251215239,39.19346307688722,39.518676757868846
2000-02-02,39.3575603612473,39.13534251215239,39.19346307688722
2000-02-03,39.878160982865104,39.3575603612473,39.13534251215239
2000-02-04,40.73487168964113,39.878160982865104,39.3575603612473
2000-02-07,41.978395535778674,40.73487168964113,39.878160982865104
2000-02-08,43.644388605188624,41.978395535778674,40.73487168964113
2000-02-09,45.72012090222142,43.644388605188624,41.978395535778674
2000-02-10,48.126799181963705,45.72012090222142,43.644388605188624
2000-02-11,50.729265486994215,48.126799181963705,45.72012090222142
2000-02-14,53.36649591704068,50.729265486994215,48.126799181963705
2000-02-15,55.88272884414447,53.36649591704068,50.729265486994215
2000-02-16,58.14399702716514,55.88272884414447,53.36649591704068
2000-02-17,60.0425622893183,58.14399702716514,55.88272884414447
2000-02-18,61.49846305224201,60.0425622893183,58.14399702716514
2000-02-22,62.47353615713908,61.49846305224201,60.0425622893183
2000-02-23,62.9900378080485,62.47353615713908,61.49846305224201
2000-02-24,63.14672829869272,62.9900378080485,62.47353615713908
2000-02-25,63.12125173124377,63.14672829869272,62.9900378080485
2000-02-28,63.170350131477264,63.12125173124377,63.14672829869272
2000-02-29,63.620885497332644,63.170350131477264,63.12125173124377
2000-03-01,64.85083850628882,63.620885497332644,63.170350131477264
2000-03-02,67.23628231410073,64.85083850628882,63.620885497332644
2000-03-03,71.0523233653019,67.23628231410073,64.85083850628882
2000-03-06,76.34450506596224,71.0523233653019,67.23628231410073
2000-03-07,82.81859902571333,76.34450506596224,71.0523233653019
2000-03-08,89.81885709986877,82.81859902571333,76.34450506596224
2000-03-09,96.4408734253301,89.81885709986877,82.81859902571333
2000-03-10,101.77008931176907,96.4408734253301,89.81885709986877
2000-03-13,105.1620504814456,101.77008931176907,96.4408734253301
2000-03-14,106.43897093005617,105.1620504814456,101.77008931176907
2000-03-15,105.90127723796664,106.43897093005617,105.1620504814456
2000-03-16,104.14893677182326,105.90127723796664,106.43897093005617
2000-03-17,101.81499684905849,104.14893677182326,105.90127723796664
2000-03-20,99.34816191917302,101.81499684905849,104.14893677182326
2000-03-21,96.93396040508229,99.34816191917302,101.81499684905849
2000-03-22,94.55813337447245,96.93396040508229,99.34816191917302
2000-03-23,92.14220046425271,94.55813337447245,96.93396040508229
2000-03-24,89.67162642441387,92.14220046425271,94.55813337447245
2000-03-27,87.2614153574026,89.67162642441387,92.14220046425271
2000-03-28,85.14149753497371,87.2614153574026,89.67162642441387
2000-03-29,83.58503783973126,85.14149753497371,87.2614153574026
2000-03-30,82.81281741207744,83.58503783973126,85.14149753497371
2000-03-31,82.91050834384805,82.81281741207744,83.58503783973126
2000-04-03,83.7741574890545,82.91050834384805,82.81281741207744
2000-04-04,85.10814641987604,83.7741574890545,82.91050834384805
2000-04-05,86.47281460756255,85.10814641987604,83.7741574890545
2000-04-06,87.39451791314372,86.47281460756255,85.10814641987604
2000-04-07,87.51045307444987,87.39451791314372,86.47281460756255
2000-04-10,86.699233898726,87.51045307444987,87.39451791314372
2000-04-11,85.1305326501797,86.699233898726,87.51045307444987
2000-04-12,83.20263601744023,85.1305326501797,86.699233898726
2000-04-13,81.39107784602456,83.20263601744023,85.1305326501797
2000-04-14,80.08260047024707,81.39107784602456,83.20263601744023
2000-04-17,79.47039413711786,80.08260047024707,81.39107784602456
2000-04-18,79.54841175228928,79.47039413711786,80.08260047024707
2000-04-19,80.18303612998056,79.54841175228928,79.47039413711786
2000-04-20,81.2040600646178,80.18303612998056,79.54841175228928
2000-04-24,82.45863385370572,81.2040600646178,80.18303612998056
2000-04-25,83.81853439703536,82.45863385370572,81.2040600646178
2000-04-26,85.16273945177919,83.81853439703536,82.45863385370572
2000-04-27,86.36974143909823,85.16273945177919,83.81853439703536
2000-04-28,87.33288863018595,86.36974143909823,85.16273945177919
2000-05-01,87.98284814439585,87.33288863018595,86.36974143909823
2000-05-02,88.29729041707368,87.98284814439585,87.33288863018595
2000-05-03,88.29416069547001,88.29729041707368,87.98284814439585
2000-05-04,88.0224683714576,88.29416069547001,88.29729041707368
2000-05-05,87.56849247204948,88.0224683714576,88.29416069547001
2000-05-08,87.07890296641268,87.56849247204948,88.0224683714576
2000-05-09,86.7741585385705,87.07890296641268,87.56849247204948
2000-05-10,86.92112536401643,86.7741585385705,87.07890296641268
2000-05-11,87.75841396601618,86.92112536401643,86.7741585385705
2000-05-12,89.39954654810309,87.75841396601618,86.92112536401643
2000-05-15,91.76819148353431,89.39954654810309,87.75841396601618
2000-05-16,94.60559978463816,91.76819148353431,89.39954654810309
2000-05-17,97.55537516302904,94.60559978463816,91.76819148353431
2000-05-18,100.2853540187335,97.55537516302904,94.60559978463816
2000-05-19,102.59204943221283,100.2853540187335,97.55537516302904
2000-05-22,104.4472716321286,102.59204943221283,100.2853540187335
2000-05-23,105.98337542803579,104.4472716321286,102.59204943221283
2000-05-24,107.43425072305736,105.98337542803579,104.4472716321286
2000-05-25,109.05477400980138,107.43425072305736,105.98337542803579
2000-05-26,111.03385729052964,109.05477400980138,107.43425072305736
2000-05-30,113.42275519783405,111.03385729052964,109.05477400980138
2000-05-31,116.10225537837887,113.42275519783405,111.03385729052964
2000-06-01,118.81250124234666,116.10225537837887,113.42275519783405
2000-06-02,121.24593999179274,118.81250124234666,116.10225537837887
2000-06-05,123.17276935839436,121.24593999179274,118.81250124234666
2000-06-06,124.5397302036171,123.17276935839436,121.24593999179274
2000-06-07,125.50298161825872,124.5397302036171,123.17276935839436
2000-06-08,126.38301028871464,125.50298161825872,124.5397302036171
2000-06-09,127.56567143513487,126.38301028871464,125.50298161825872
2000-06-12,129.3994913474288,127.56567143513487,126.38301028871464
2000-06-13,132.08910340198804,129.3994913474288,127.56567143513487
2000-06-14,135.60870826665044,132.08910340198804,129.3994913474288
2000-06-15,139.63537259137652,135.60870826665044,132.08910340198804
2000-06-16,143.52912443880638,139.63537259137652,135.60870826665044
2000-06-19,146.38818974040922,143.52912443880638,139.63537259137652
2000-06-20,147.195340962011,146.38818974040922,143.52912443880638
2000-06-21,145.0482241596072,147.195340962011,146.38818974040922
2000-06-22,139.42904902406195,145.0482241596072,147.195340962011
2000-06-23,130.43050438340111,139.42904902406195,145.0482241596072
2000-06-26,118.83570752594719,130.43050438340111,139.42904902406195
2000-06-27,105.97612426886977,118.83570752594719,130.43050438340111
2000-06-28,93.38860680481136,105.97612426886977,118.83570752594719
2000-06-29,82.40390454001634,93.38860680481136,105.97612426886977
2000-06-30,73.8460838618272,82.40390454001634,93.38860680481136
2000-07-03,67.95646617041102,73.8460838618272,82.40390454001634
2000-07-05,64.51915852650711,67.95646617041102,73.8460838618272
2000-07-06,63.07215641597084,64.51915852650711,67.95646617041102
2000-07-07,63.084907823246375,63.07215641597084,64.51915852650711
2000-07-10,64.04883090910923,63.084907823246375,63.07215641597084
2000-07-11,65.50399749133301,64.04883090910923,63.084907823246375
2000-07-12,67.0479344066158,65.50399749133301,64.04883090910923
2000-07-13,68.35130396206671,67.0479344066158,65.50399749133301
2000-07-14,69.18239276379191,68.35130396206671,67.0479344066158
2000-07-17,69.42405948532442,69.18239276379191,68.35130396206671
2000-07-18,69.05937475237056,69.42405948532442,69.18239276379191
2000-07-19,68.15023223587873,69.05937475237056,69.42405948532442
2000-07-20,66.8059867558118,68.15023223587873,69.05937475237056
2000-07-21,65.17015339542928,66.8059867558118,68.15023223587873
2000-07-24,63.41905746426214,65.17015339542928,66.8059867558118
2000-07-25,61.757697249759076,63.41905746426214,65.17015339542928
2000-07-26,60.396782855670466,61.757697249759076,63.41905746426214
2000-07-27,59.510397052479824,60.396782855670466,61.757697249759076
2000-07-28,59.19329864369797,59.510397052479824,60.396782855670466
2000-07-31,59.43885295059258,59.19329864369797,59.510397052479824
2000-08-01,60.14812609903567,59.43885295059258,59.19329864369797
2000-08-02,61.16325732626342,60.14812609903567,59.43885295059258
2000-08-03,62.30934285325921,61.16325732626342,60.14812609903567
2000-08-04,63.43470334141141,62.30934285325921,61.16325732626342
2000-08-07,64.4442855057985,63.43470334141141,62.30934285325921
2000-08-08,65.31899634291699,64.4442855057985,63.43470334141141
2000-08-09,66.11462522243109,65.31899634291699,64.4442855057985
2000-08-10,66.93324136748248,66.11462522243109,65.31899634291699
2000-08-11,67.87289489660175,66.93324136748248,66.11462522243109
2000-08-14,68.97808674918386,67.87289489660175,66.93324136748248
2000-08-15,70.21380878501691,68.97808674918386,67.87289489660175
2000-08-16,71.47870110215734,70.21380878501691,68.97808674918386
2000-08-17,72.65034088380236,71.47870110215734,70.21380878501691
2000-08-18,73.63826542705186,72.65034088380236,71.47870110215734
2000-08-21,74.4176493857502,73.63826542705186,72.65034088380236
2000-08-22,75.02784979892931,74.4176493857502,73.63826542705186
2000-08-23,75.54184799868398,75.02784979892931,74.4176493857502
2000-08-24,76.0250164409784,75.54184799868398,75.02784979892931
2000-08-25,76.50503364489168,76.0250164409784,75.54184799868398
2000-08-28,76.96236604489745,76.50503364489168,76.0250164409784
2000-08-29,77.3400436616951,76.96236604489745,76.50503364489168
2000-08-30,77.56304965457417,77.3400436616951,76.96236604489745
2000-08-31,77.56012532941858,77.56304965457417,77.3400436616951
2000-09-01,77.2824773472473,77.56012532941858,77.56304965457417
2000-09-05,76.71798298912815,77.2824773472473,77.56012532941858
2000-09-06,75.89665762164512,76.71798298912815,77.2824773472473
2000-09-07,74.88739782744241,75.89665762164512,76.71798298912815
2000-09-08,73.78463008441238,74.88739782744241,75.89665762164512
2000-09-11,72.68916000710291,73.78463008441238,74.88739782744241
2000-09-12,71.68906487817281,72.68916000710291,73.78463008441238
2000-09-13,70.85070194870875,71.68906487817281,72.68916000710291
2000-09-14,70.22259958189134,70.85070194870875,71.68906487817281
2000-09-15,69.84911124928061,70.22259958189134,70.85070194870875
2000-09-18,69.78267827405031,69.84911124928061,70.22259958189134
2000-09-19,70.08048621667392,69.78267827405031,69.84911124928061
2000-09-20,70.78246213697577,70.08048621667392,69.78267827405031
2000-09-21,71.87817703666842,70.78246213697577,70.08048621667392
2000-09-22,73.27842824340468,71.87817703666842,70.78246213697577
2000-09-25,74.80988303018339,73.27842824340468,71.87817703666842
2000-09-26,76.23893262579995,74.80988303018339,73.27842824340468
2000-09-27,77.32273988709571,76.23893262579995,74.80988303018339
2000-09-28,77.86757474860433,77.32273988709571,76.23893262579995
2000-09-29,77.77530138293947,77.86757474860433,77.32273988709571
2000-10-02,77.0594169316883,77.77530138293947,77.86757474860433
2000-10-03,75.82727705313107,77.0594169316883,77.77530138293947
2000-10-04,74.23999460444303,75.82727705313107,77.0594169316883
2000-10-05,72.46918400660753,74.23999460444303,75.82727705313107
2000-10-06,70.66545352733411,72.46918400660753,74.23999460444303
2000-10-09,68.94423709737234,70.66545352733411,72.46918400660753
2000-10-10,67.38553145948653,68.94423709737234,70.66545352733411
2000-10-11,66.04228059641744,67.38553145948653,68.94423709737234
2000-10-12,64.95208211094047,66.04228059641744,67.38553145948653
2000-10-13,64.14623059131087,64.95208211094047,66.04228059641744
2000-10-16,63.64588504937208,64.14623059131087,64.95208211094047
2000-10-17,63.44448475939326,63.64588504937208,64.14623059131087
2000-10-18,63.483997492977686,63.44448475939326,63.64588504937208
2000-10-19,63.64790005284966,63.483997492977686,63.44448475939326
2000-10-20,63.7881519641447,63.64790005284966,63.483997492977686
2000-10-23,63.78250492566231,63.7881519641447,63.64790005284966
2000-10-24,63.59272250084233,63.78250492566231,63.7881519641447
2000-10-25,63.29069864316438,63.59272250084233,63.78250492566231
2000-10-26,63.0355184467998,63.29069864316438,63.59272250084233
2000-10-27,63.01224630944041,63.0355184467998,63.29069864316438
2000-10-30,63.35557964081255,63.01224630944041,63.0355184467998
2000-10-31,64.08940950151057,63.35557964081255,63.01224630944041
2000-11-01,65.10119541995661,64.08940950151057,63.35557964081255
2000-11-02,66.165586116034,65.10119541995661,64.08940950151057
2000-11-03,67.01584096416595,66.165586116034,65.10119541995661
2000-11-06,67.4407622194674,67.01584096416595,66.165586116034
2000-11-07,67.3665322050876,67.4407622194674,67.01584096416595
2000-11-08,66.87899242974986,67.3665322050876,67.4407622194674
2000-11-09,66.16995410097246,66.87899242974986,67.3665322050876
2000-11-10,65.43263718085642,66.16995410097246,66.87899242974986
2000-11-13,64.76490120335345,65.43263718085642,66.16995410097246
2000-11-14,64.13500133727212,64.76490120335345,65.43263718085642
2000-11-15,63.42329416754473,64.13500133727212,64.76490120335345
2000-11-16,62.50536342985829,63.42329416754473,64.13500133727212
2000-11-17,61.31925553098099,62.50536342985829,63.42329416754473
2000-11-20,59.88142199413667,61.31925553098099,62.50536342985829
2000-11-21,58.25377421376354,59.88142199413667,61.31925553098099
2000-11-22,56.49992540236537,58.25377421376354,59.88142199413667
2000-11-24,54.66638246382655,56.49992540236537,58.25377421376354
2000-11-27,52.79673991999238,54.66638246382655,56.49992540236537
2000-11-28,50.95792434177588,52.79673991999238,54.66638246382655
2000-11-29,49.25037846411272,50.95792434177588,52.79673991999238
2000-11-30,47.788400714108256,49.25037846411272,50.95792434177588
2000-12-01,46.66311019916169,47.788400714108256,49.25037846411272
2000-12-04,45.910777582807384,46.66311019916169,47.788400714108256
2000-12-05,45.50005511539478,45.910777582807384,46.66311019916169
2000-12-06,45.33497645469221,45.50005511539478,45.910777582807384
2000-12-07,45.26735795240043,45.33497645469221,45.50005511539478
2000-12-08,45.120035358306005,45.26735795240043,45.33497645469221
2000-12-11,44.72285706771682,45.120035358306005,45.26735795240043
2000-12-12,43.95851182264303,44.72285706771682,45.120035358306005
2000-12-13,42.79916097491637,43.95851182264303,44.72285706771682
2000-12-14,41.3165891446519,42.79916097491637,43.95851182264303
2000-12-15,39.65964074385718,41.3165891446519,42.79916097491637
2000-12-18,38.0130181528226,39.65964074385718,41.3165891446519
2000-12-19,36.55379709728152,38.0130181528226,39.65964074385718
2000-12-20,35.41448841893242,36.55379709728152,38.0130181528226
2000-12-21,34.6618691988183,35.41448841893242,36.55379709728152
2000-12-22,34.29426756509193,34.6618691988183,35.41448841893242
2000-12-26,34.26192815468892,34.29426756509193,34.6618691988183
2000-12-27,34.501227452326134,34.26192815468892,34.29426756509193
2000-12-28,34.96521239135316,34.501227452326134,34.26192815468892
2000-12-29,35.63199971887355,34.96521239135316,34.501227452326134
2001-01-02,36.489399773886724,35.63199971887355,34.96521239135316
2001-01-03,37.51510682385098,36.489399773886724,35.63199971887355
2001-01-04,38.66839330963825,37.51510682385098,36.489399773886724
2001-01-05,39.89742152406748,38.66839330963825,37.51510682385098
2001-01-08,41.15274891122273,39.89742152406748,38.66839330963825
2001-01-09,42.39720992990736,41.15274891122273,39.89742152406748
2001-01-10,43.60907114853066,42.39720992990736,41.15274891122273
2001-01-11,44.78329683762577,43.60907114853066,42.39720992990736
2001-01-12,45.92824815071926,44.78329683762577,43.60907114853066
2001-01-16,47.05447069264699,45.92824815071926,44.78329683762577
2001-01-17,48.15515040693139,47.05447069264699,45.92824815071926
2001-01-18,49.19287549941242,48.15515040693139,47.05447069264699
2001-01-19,50.10301319033212,49.19287549941242,48.15515040693139
2001-01-22,50.81638733246146,50.10301319033212,49.19287549941242
2001-01-23,51.28795838300174,50.81638733246146,50.10301319033212
2001-01-24,51.5134019697954,51.28795838300174,50.81638733246146
2001-01-25,51.522888494083176,51.5134019697954,51.28795838300174
2001-01-26,51.35800750082947,51.522888494083176,51.5134019697954
2001-01-29,51.04859816495267,51.35800750082947,51.522888494083176
2001-01-30,50.60378926364905,51.04859816495267,51.35800750082947
2001-01-31,50.02301441586598,50.60378926364905,51.04859816495267
2001-02-01,49.31793628856292,50.02301441586598,50.60378926364905
2001-02-02,48.53081293430877,49.31793628856292,50.02301441586598
2001-02-05,47.73913364944487,48.53081293430877,49.31793628856292
2001-02-06,47.04850978595048,47.73913364944487,48.53081293430877
2001-02-07,46.57952669396817,47.04850978595048,47.73913364944487
2001-02-08,46.44925504018373,46.57952669396817,47.04850978595048
2001-02-09,46.74684675430683,46.44925504018373,46.57952669396817
2001-02-12,47.50256412589827,46.74684675430683,46.44925504018373
2001-02-13,48.658439714715655,47.50256412589827,46.74684675430683
2001-02-14,50.060870688844936,48.658439714715655,47.50256412589827
2001-02-15,51.48609980676741,50.060870688844936,48.658439714715655
2001-02-16,52.692995863430234,51.48609980676741,50.060870688844936
2001-02-20,53.482543560546674,52.692995863430234,51.48609980676741
2001-02-21,53.74027086987374,53.482543560546674,52.692995863430234
2001-02-22,53.452654773109764,53.74027086987374,53.482543560546674
2001-02-23,52.70126924657652,53.452654773109764,53.74027086987374
2001-02-26,51.644083782995395,52.70126924657652,53.452654773109764
2001-02-27,50.487611661629174,51.644083782995395,52.70126924657652
2001-02-28,49.44942079597314,50.487611661629174,51.644083782995395
2001-03-01,48.714882778345086,49.44942079597314,50.487611661629174
2001-03-02,48.39761934985612,48.714882778345086,49.44942079597314
2001-03-05,48.521067714832874,48.39761934985612,48.714882778345086
2001-03-06,49.030116692718664,48.521067714832874,48.39761934985612
2001-03-07,49.830007214472644,49.030116692718664,48.521067714832874
2001-03-08,50.83307435380467,49.830007214472644,49.030116692718664
2001-03-09,51.98558839093391,50.83307435380467,49.830007214472644
2001-03-12,53.26371366709324,51.98558839093391,50.83307435380467
2001-03-13,54.64899356219847,53.26371366709324,51.98558839093391
2001-03-14,56.10791838733168,54.64899356219847,53.26371366709324
2001-03-15,57.594284534726626,56.10791838733168,54.64899356219847
2001-03-16,59.068717632741546,57.594284534726626,56.10791838733168
2001-03-19,60.51185619442403,59.068717632741546,57.594284534726626
2001-03-20,61.916220969664494,60.51185619442403,59.068717632741546
2001-03-21,63.25934320048909,61.916220969664494,60.51185619442403
2001-03-22,64.48063621701544,63.25934320048909,61.916220969664494
2001-03-23,65.48340904291572,64.48063621701544,63.25934320048909
2001-03-26,66.16258274470523,65.48340904291572,64.48063621701544
2001-03-27,66.44440689546332,66.16258274470523,65.48340904291572
2001-03-28,66.3179375922347,66.44440689546332,66.16258274470523
2001-03-29,65.84630634929486,66.3179375922347,66.44440689546332
2001-03-30,65.15683818104945,65.84630634929486,66.3179375922347
2001-04-02,64.41655795884365,65.15683818104945,65.84630634929486
2001-04-03,63.80055272471461,64.41655795884365,65.15683818104945
2001-04-04,63.462064477342125,63.80055272471461,64.41655795884365
2001-04-05,63.51025754076002,63.462064477342125,63.80055272471461
2001-04-06,64.00032923240688,63.51025754076002,63.462064477342125
2001-04-09,64.93467478419666,64.00032923240688,63.51025754076002
2001-04-10,66.27613565117834,64.93467478419666,64.00032923240688
2001-04-11,67.96145031678348,66.27613565117834,64.93467478419666
2001-04-12,69.90772014535703,67.96145031678348,66.27613565117834
2001-04-16,72.0063721813308,69.90772014535703,67.96145031678348
2001-04-17,74.11310331398955,72.0063721813308,69.90772014535703
2001-04-18,76.05419977119622,74.11310331398955,72.0063721813308
2001-04-19,77.66508141559565,76.05419977119622,74.11310331398955
2001-04-20,78.85267213481458,77.66508141559565,76.05419977119622
2001-04-23,79.64902743014267,78.85267213481458,77.66508141559565
2001-04-24,80.21513689782182,79.64902743014267,78.85267213481458
2001-04-25,80.78076278463428,80.21513689782182,79.64902743014267
2001-04-26,81.54683597189205,80.78076278463428,80.21513689782182
2001-04-27,82.59702561833308,81.54683597189205,80.78076278463428
2001-04-30,83.8627612787061,82.59702561833308,81.54683597189205
2001-05-01,85.1529560601104,83.8627612787061,82.59702561833308
2001-05-02,86.22660548473867,85.1529560601104,83.8627612787061
2001-05-03,86.87439753034803,86.22660548473867,85.1529560601104
2001-05-04,86.98124265986891,86.87439753034803,86.22660548473867
2001-05-07,86.55914743184643,86.98124265986891,86.87439753034803
2001-05-08,85.74792241479477,86.55914743184643,86.98124265986891
2001-05-09,84.78374231074946,85.74792241479477,86.55914743184643
2001-05-10,83.9398957607495,84.78374231074946,85.74792241479477
2001-05-11,83.45414333491544,83.9398957607495,84.78374231074946
2001-05-14,83.4672995472163,83.45414333491544,83.9398957607495
2001-05-15,83.99598046048422,83.4672995472163,83.45414333491544
2001-05-16,84.94363419908439,83.99598046048422,83.4672995472163
2001-05-17,86.14108211033891,84.94363419908439,83.99598046048422
2001-05-18,87.39207539914642,86.14108211033891,84.94363419908439
2001-05-21,88.51323315072042,87.39207539914642,86.14108211033891
2001-05-22,89.36347038131623,88.51323315072042,87.39207539914642
2001-05-23,89.86937316818073,89.36347038131623,88.51323315072042
2001-05-24,90.04336162617163,89.86937316818073,89.36347038131623
2001-05-25,89.98584676801858,90.04336162617163,89.86937316818073
2001-05-29,89.86206528038514,89.98584676801858,90.04336162617163
2001-05-30,89.85433954669693,89.86206528038514,89.98584676801858
2001-05-31,90.10368817010885,89.85433954669693,89.86206528038514
2001-06-01,90.66419097617249,90.10368817010885,89.85433954669693
2001-06-04,91.48806712358103,90.66419097617249,90.10368817010885
2001-06-05,92.44511574352993,91.48806712358103,90.66419097617249
2001-06-06,93.36744083494487,92.44511574352993,91.48806712358103
2001-06-07,94.10006457765743,93.36744083494487,92.44511574352993
2001-06-08,94.53892148219035,94.10006457765743,93.36744083494487
2001-06-11,94.64566008708111,94.53892148219035,94.10006457765743
2001-06-12,94.44129475163939,94.64566008708111,94.53892148219035
2001-06-13,93.98907582660974,94.44129475163939,94.64566008708111
2001-06-14,93.37860349927307,93.98907582660974,94.44129475163939
2001-06-15,92.71399517379152,93.37860349927307,93.98907582660974
2001-06-18,92.10019513986984,92.71399517379152,93.37860349927307
2001-06-19,91.62385864428646,92.10019513986984,92.71399517379152
2001-06-20,91.3303418585532,91.62385864428646,92.10019513986984
2001-06-21,91.20905097445923,91.3303418585532,91.62385864428646
2001-06-22,91.19452587919828,91.20905097445923,91.3303418585532
2001-06-25,91.18450884144596,91.19452587919828,91.20905097445923
2001-06-26,91.063506209968,91.18450884144596,91.19452587919828
2001-06-27,90.72544283161237,91.063506209968,91.18450884144596
2001-06-28,90.0916626311918,90.72544283161237,91.063506209968
2001-06-29,89.12666207840726,90.0916626311918,90.72544283161237
2001-07-02,87.853064321197,89.12666207840726,90.0916626311918
2001-07-03,86.35658757781941,87.853064321197,89.12666207840726
2001-07-05,84.77341984163091,86.35658757781941,87.853064321197
2001-07-06,83.25580753039698,84.77341984163091,86.35658757781941
2001-07-09,81.92455319957033,83.25580753039698,84.77341984163091
2001-07-10,80.83198023657309,81.92455319957033,83.25580753039698
2001-07-11,79.95265840256889,80.83198023657309,81.92455319957033
2001-07-12,79.20664686368296,79.95265840256889,80.83198023657309
2001-07-13,78.50172283421102,79.20664686368296,79.95265840256889
2001-07-16,77.77302671801276,78.50172283421102,79.20664686368296
2001-07-17,77.00679917646353,77.77302671801276,78.50172283421102
2001-07-18,76.24677630855457,77.00679917646353,77.77302671801276
2001-07-19,75.58814615609396,76.24677630855457,77.00679917646353
2001-07-20,75.15819904705086,75.58814615609396,76.24677630855457
2001-07-23,75.08353505164766,75.15819904705086,75.58814615609396
2001-07-24,75.45038101771046,75.08353505164766,75.15819904705086
2001-07-25,76.27325649719603,75.45038101771046,75.08353505164766
2001-07-26,77.48964454196641,76.27325649719603,75.45038101771046
2001-07-27,78.98016222698183,77.48964454196641,76.27325649719603
2001-07-30,80.60091793473339,78.98016222698183,77.48964454196641
2001-07-31,82.20889609118396,80.60091793473339,78.98016222698183
2001-08-01,83.6752316206324,82.20889609118396,80.60091793473339
2001-08-02,84.89407035983345,83.6752316206324,82.20889609118396
2001-08-03,85.7946567539991,84.89407035983345,83.6752316206324
2001-08-06,86.35701425342884,85.7946567539991,84.89407035983345
2001-08-07,86.61725398586586,86.35701425342884,85.7946567539991
2001-08-08,86.65552867370016,86.61725398586586,86.35701425342884
2001-08-09,86.56503121864495,86.65552867370016,86.61725398586586
2001-08-10,86.41706544336121,86.56503121864495,86.65552867370016
2001-08-13,86.24129520016928,86.41706544336121,86.56503121864495
2001-08-14,86.0300325121504,86.24129520016928,86.41706544336121
2001-08-15,85.76482925631629,86.0300325121504,86.24129520016928
2001-08-16,85.44690403207332,85.76482925631629,86.0300325121504
2001-08-17,85.11394658854815,85.44690403207332,85.76482925631629
2001-08-20,84.83057202872078,85.11394658854815,85.44690403207332
2001-08-21,84.65789803093335,84.83057202872078,85.11394658854815
2001-08-22,84.61773946636767,84.65789803093335,84.83057202872078
2001-08-23,84.6707611626077,84.61773946636767,84.65789803093335
2001-08-24,84.72364522071089,84.6707611626077,84.61773946636767
2001-08-27,84.65286797229908,84.72364522071089,84.6707611626077
2001-08-28,84.33452483418537,84.65286797229908,84.72364522071089
2001-08-29,83.65833483956763,84.33452483418537,84.65286797229908
2001-08-30,82.5165752886525,83.65833483956763,84.33452483418537
2001-08-31,80.77646550693578,82.5165752886525,83.65833483956763
2001-09-04,78.26263642679949,80.77646550693578,82.5165752886525
2001-09-05,74.78151771638181,78.26263642679949,80.77646550693578
2001-09-06,70.20112240020129,74.78151771638181,78.26263642679949
2001-09-07,64.55985601884232,70.20112240020129,74.78151771638181
2001-09-10,58.143930446667724,64.55985601884232,70.20112240020129
2001-09-17,51.46788972465579,58.143930446667724,64.55985601884232
2001-09-18,45.14484793428825,51.46788972465579,58.143930446667724
2001-09-19,39.70155834416438,45.14484793428825,51.46788972465579
2001-09-20,35.43266078559025,39.70155834416438,45.14484793428825
2001-09-21,32.360727608835745,35.43266078559025,39.70155834416438
2001-09-24,30.304846460350326,32.360727608835745,35.43266078559025
2001-09-25,29.003627092496913,30.304846460350326,32.360727608835745
2001-09-26,28.22649012403551,29.003627092496913,30.304846460350326
2001-09-27,27.831691306935383,28.22649012403551,29.003627092496913
2001-09-28,27.765468501281113,27.831691306935383,28.22649012403551
2001-10-01,28.022810727904414,27.765468501281113,27.831691306935383
2001-10-02,28.599562109884346,28.022810727904414,27.765468501281113
2001-10-03,29.462351629812062,28.599562109884346,28.022810727904414
2001-10-04,30.54820413936826,29.462351629812062,28.599562109884346
2001-10-05,31.784554605880846,30.54820413936826,29.462351629812062
2001-10-08,33.11540576949406,31.784554605880846,30.54820413936826
2001-10-09,34.50756938149278,33.11540576949406,31.784554605880846
2001-10-10,35.938604945272075,34.50756938149278,33.11540576949406
2001-10-11,37.37875412650871,35.938604945272075,34.50756938149278
2001-10-12,38.78307933476006,37.37875412650871,35.938604945272075
2001-10-15,40.09942933826508,38.78307933476006,37.37875412650871
2001-10-16,41.28538150042263,40.09942933826508,38.78307933476006
2001-10-17,42.31918863903171,41.28538150042263,40.09942933826508
2001-10-18,43.19745446199273,42.31918863903171,41.28538150042263
2001-10-19,43.921818926647866,43.19745446199273,42.31918863903171
2001-10-22,44.486396900436915,43.921818926647866,43.19745446199273
2001-10-23,44.877872367915046,44.486396900436915,43.921818926647866
2001-10-24,45.091195200377086,44.877872367915046,44.486396900436915
2001-10-25,45.15269478451641,45.091195200377086,44.877872367915046
2001-10-26,45.134654232713814,45.15269478451641,45.091195200377086
2001-10-29,45.1464855933014,45.134654232713814,45.15269478451641
2001-10-30,45.30282037361282,45.1464855933014,45.134654232713814
2001-10-31,45.68375572991204,45.30282037361282,45.1464855933014
2001-11-01,46.30940450269878,45.68375572991204,45.30282037361282
2001-11-02,47.140575383065645,46.30940450269878,45.68375572991204
2001-11-05,48.10084757650735,47.140575383065645,46.30940450269878
2001-11-06,49.10278819307814,48.10084757650735,47.140575383065645
2001-11-07,50.06572071863638,49.10278819307814,48.10084757650735
2001-11-08,50.92055327344512,50.06572071863638,49.10278819307814
2001-11-09,51.60958001259418,50.92055327344512,50.06572071863638
2001-11-12,52.08932919292512,51.60958001259418,50.92055327344512
2001-11-13,52.33891045969685,52.08932919292512,51.60958001259418
2001-11-14,52.36995040772929,52.33891045969685,52.08932919292512
2001-11-15,52.231033618210304,52.36995040772929,52.33891045969685
2001-11-16,52.00206007235282,52.231033618210304,52.36995040772929
2001-11-19,51.778392107070076,52.00206007235282,52.231033618210304
2001-11-20,51.64915092932718,51.778392107070076,52.00206007235282
2001-11-21,51.67748304519445,51.64915092932718,51.778392107070076
2001-11-23,51.89113525224109,51.67748304519445,51.64915092932718
2001-11-26,52.2885278072043,51.89113525224109,51.67748304519445
2001-11-27,52.85569085659704,52.2885278072043,51.89113525224109
2001-11-28,53.58168808831796,52.85569085659704,52.2885278072043
2001-11-29,54.460519168955905,53.58168808831796,52.85569085659704
2001-11-30,55.47894094154137,54.460519168955905,53.58168808831796
2001-12-03,56.601372848348056,55.47894094154137,54.460519168955905
2001-12-04,57.76732343265736,56.601372848348056,55.47894094154137
2001-12-05,58.907420900308864,57.76732343265736,56.601372848348056
2001-12-06,59.96816591568658,58.907420900308864,57.76732343265736
2001-12-07,60.92824294710932,59.96816591568658,58.907420900308864
2001-12-10,61.794676149115304,60.92824294710932,59.96816591568658
2001-12-11,62.58238269689913,61.794676149115304,60.92824294710932
2001-12-12,63.29303912617624,62.58238269689913,61.794676149115304
2001-12-13,63.90846394546652,63.29303912617624,62.58238269689913
2001-12-14,64.40382228428015,63.90846394546652,63.29303912617624
2001-12-17,64.771116761005,64.40382228428015,63.90846394546652
2001-12-18,65.03751847632327,64.771116761005,64.40382228428015
2001-12-19,65.26384446220749,65.03751847632327,64.771116761005
2001-12-20,65.52081688003467,65.26384446220749,65.03751847632327
2001-12-21,65.85718987635049,65.52081688003467,65.26384446220749
2001-12-24,66.27935933089113,65.85718987635049,65.52081688003467
2001-12-26,66.75368807613759,66.27935933089113,65.85718987635049
2001-12-27,67.22681800446306,66.75368807613759,66.27935933089113
2001-12-28,67.64654877840725,67.22681800446306,66.75368807613759
2001-12-31,67.97117117646917,67.64654877840725,67.22681800446306
2002-01-02,68.16530831393169,67.97117117646917,67.64654877840725
2002-01-03,68.19455664469749,68.16530831393169,67.97117117646917
2002-01-04,68.02864111859368,68.19455664469749,68.16530831393169
2002-01-07,67.65474000697837,68.02864111859368,68.19455664469749
2002-01-08,67.09233410136974,67.65474000697837,68.02864111859368
2002-01-09,66.39984429664837,67.09233410136974,67.65474000697837
2002-01-10,65.66617471902947,66.39984429664837,67.09233410136974
2002-01-11,64.98895232702516,65.66617471902947,66.39984429664837
2002-01-14,64.44771695895832,64.98895232702516,65.66617471902947
2002-01-15,64.08493681028722,64.44771695895832,64.98895232702516
2002-01-16,63.90413111319573,64.08493681028722,64.44771695895832
2002-01-17,63.883015818446886,63.90413111319573,64.08493681028722
2002-01-18,63.9895658505624,63.883015818446886,63.90413111319573
2002-01-22,64.18925535114909,63.9895658505624,63.883015818446886
2002-01-23,64.44115243347356,64.18925535114909,63.9895658505624
2002-01-24,64.69141377376623,64.44115243347356,64.18925535114909
2002-01-25,64.87374157825656,64.69141377376623,64.44115243347356
2002-01-28,64.92182317761538,64.87374157825656,64.69141377376623
2002-01-29,64.78741947057463,64.92182317761538,64.87374157825656
2002-01-30,64.454678015771,64.78741947057463,64.92182317761538
2002-01-31,63.9457988309095,64.454678015771,64.78741947057463
2002-02-01,63.316231857295556,63.9457988309095,64.454678015771
2002-02-04,62.64104039126306,63.316231857295556,63.9457988309095
2002-02-05,61.99707615994446,62.64104039126306,63.316231857295556
2002-02-06,61.4420302586134,61.99707615994446,62.64104039126306
2002-02-07,60.99631047428662,61.4420302586134,61.99707615994446
2002-02-08,60.63239011022131,60.99631047428662,61.4420302586134
2002-02-11,60.27874546470207,60.63239011022131,60.99631047428662
2002-02-12,59.84190451311468,60.27874546470207,60.63239011022131
2002-02-13,59.24167216249917,59.84190451311468,60.27874546470207
2002-02-14,58.44664208157661,59.24167216249917,59.84190451311468
2002-02-15,57.49318910626994,58.44664208157661,59.24167216249917
2002-02-19,56.477406634565796,57.49318910626994,58.44664208157661
2002-02-20,55.52520280920434,56.477406634565796,57.49318910626994
2002-02-21,54.754596618293185,55.52520280920434,56.477406634565796
2002-02-22,54.2473343601648,54.754596618293185,55.52520280920434
2002-02-25,54.037802362079155,54.2473343601648,54.754596618293185
2002-02-26,54.116092475624484,54.037802362079155,54.2473343601648
2002-02-27,54.43665460656112,54.116092475624484,54.037802362079155
2002-02-28,54.924831798822524,54.43665460656112,54.116092475624484
2002-03-01,55.48324156528359,54.924831798822524,54.43665460656112
2002-03-04,56.00274945414538,55.48324156528359,54.924831798822524
2002-03-05,56.38029933658235,56.00274945414538,55.48324156528359
2002-03-06,56.53795881449811,56.38029933658235,56.00274945414538
2002-03-07,56.43634407675264,56.53795881449811,56.38029933658235
2002-03-08,56.077296748639725,56.43634407675264,56.53795881449811
2002-03-11,55.49733599696878,56.077296748639725,56.43634407675264
2002-03-12,54.75523639692007,55.49733599696878,56.077296748639725
2002-03-13,53.91519634225698,54.75523639692007,55.49733599696878
2002-03-14,53.030995125325944,53.91519634225698,54.75523639692007
2002-03-15,52.136717701001004,53.030995125325944,53.91519634225698
2002-03-18,51.24739592214698,52.136717701001004,53.030995125325944
2002-03-19,50.367862101562494,51.24739592214698,52.136717701001004
2002-03-20,49.501718621687665,50.367862101562494,51.24739592214698
2002-03-21,48.654374870471564,49.501718621687665,50.367862101562494
2002-03-22,47.83096131192756,48.654374870471564,49.501718621687665
2002-03-25,47.03450383700125,47.83096131192756,48.654374870471564
2002-03-26,46.2677757664302,47.03450383700125,47.83096131192756
2002-03-27,45.53665206798743,46.2677757664302,47.03450383700125
2002-03-28,44.85001967412804,45.53665206798743,46.2677757664302
2002-04-01,44.213687167707704,44.85001967412804,45.53665206798743
2002-04-02,43.62154257907915,44.213687167707704,44.85001967412804
2002-04-03,43.05092460304503,43.62154257907915,44.213687167707704
2002-04-04,42.46815767061102,43.05092460304503,43.62154257907915
2002-04-05,41.84493757011535,42.46815767061102,43.05092460304503
2002-04-08,41.17771643112746,41.84493757011535,42.46815767061102
2002-04-09,40.49842303739228,41.17771643112746,41.84493757011535
2002-04-10,39.86549275364984,40.49842303739228,41.17771643112746
2002-04-11,39.33766550959416,39.86549275364984,40.49842303739228
2002-04-12,38.94053604317982,39.33766550959416,39.86549275364984
2002-04-15,38.647220279058644,38.94053604317982,39.33766550959416
2002-04-16,38.38452702065397,38.647220279058644,38.94053604317982
2002-04-17,38.06297146554594,38.38452702065397,38.647220279058644
2002-04-18,37.61568071513362,38.06297146554594,38.38452702065397
2002-04-19,37.027115227003584,37.61568071513362,38.06297146554594
2002-04-22,36.339399476637276,37.027115227003584,37.61568071513362
2002-04-23,35.63526839863333,36.339399476637276,37.027115227003584
2002-04-24,35.006245252449276,35.63526839863333,36.339399476637276
2002-04-25,34.51896232398008,35.006245252449276,35.63526839863333
2002-04-26,34.19322328771838,34.51896232398008,35.006245252449276
2002-04-29,34.00107396384354,34.19322328771838,34.51896232398008
2002-04-30,33.88790439259037,34.00107396384354,34.19322328771838
2002-05-01,33.80381194250256,33.88790439259037,34.00107396384354
2002-05-02,33.72818476175394,33.80381194250256,33.88790439259037
2002-05-03,33.67510345568937,33.72818476175394,33.80381194250256
2002-05-06,33.680588293676315,33.67510345568937,33.72818476175394
2002-05-07,33.78275825984696,33.680588293676315,33.67510345568937
2002-05-08,34.00813250851165,33.78275825984696,33.680588293676315
2002-05-09,34.36610567300985,34.00813250851165,33.78275825984696
2002-05-10,34.847071433137344,34.36610567300985,34.00813250851165
2002-05-13,35.41838782100525,34.847071433137344,34.36610567300985
2002-05-14,36.021485391612316,35.41838782100525,34.847071433137344
2002-05-15,36.57699172210041,36.021485391612316,35.41838782100525
2002-05-16,37.00055237714744,36.57699172210041,36.021485391612316
2002-05-17,37.22522693681785,37.00055237714744,36.57699172210041
2002-05-20,37.219391942901936,37.22522693681785,37.00055237714744
2002-05-21,36.993361765422655,37.219391942901936,37.22522693681785
2002-05-22,36.59226179546117,36.993361765422655,37.219391942901936
2002-05-23,36.07977200907286,36.59226179546117,36.993361765422655
2002-05-24,35.51963300005289,36.07977200907286,36.59226179546117
2002-05-28,34.96190231980774,35.51963300005289,36.07977200907286
2002-05-29,34.43741376904148,34.96190231980774,35.51963300005289
2002-05-30,33.959324842323916,34.43741376904148,34.96190231980774
2002-05-31,33.52767231783824,33.959324842323916,34.43741376904148
2002-06-03,33.13191428892759,33.52767231783824,33.959324842323916
2002-06-04,32.751085995890044,33.13191428892759,33.52767231783824
2002-06-05,32.35463281565907,32.751085995890044,33.13191428892759
2002-06-06,31.908941367650314,32.35463281565907,32.751085995890044
2002-06-07,31.388412704953915,31.908941367650314,32.35463281565907
2002-06-10,30.785396116804026,31.388412704953915,31.908941367650314
2002-06-11,30.111109837648634,30.785396116804026,31.388412704953915
2002-06-12,29.38631534400922,30.111109837648634,30.785396116804026
2002-06-13,28.626189819287056,29.38631534400922,30.111109837648634
2002-06-14,27.831100598904143,28.626189819287056,29.38631534400922
2002-06-17,26.989055636159655,27.831100598904143,28.626189819287056
2002-06-18,26.087256269616955,26.989055636159655,27.831100598904143
2002-06-19,25.12307214616394,26.087256269616955,26.989055636159655
2002-06-20,24.10745241462447,25.12307214616394,26.087256269616955
2002-06-21,23.061551791554553,24.10745241462447,25.12307214616394
2002-06-24,22.013652877394676,23.061551791554553,24.10745241462447
2002-06-25,21.000070467666742,22.013652877394676,23.061551791554553
2002-06-26,20.068163156275794,21.000070467666742,22.013652877394676
2002-06-27,19.273561804000565,20.068163156275794,21.000070467666742
2002-06-28,18.66879120618642,19.273561804000565,20.068163156275794
2002-07-01,18.28704276823884,18.66879120618642,19.273561804000565
2002-07-02,18.130045098976556,18.28704276823884,18.66879120618642
2002-07-03,18.1676143680836,18.130045098976556,18.28704276823884
2002-07-05,18.34870299736719,18.1676143680836,18.130045098976556
2002-07-08,18.61717143183325,18.34870299736719,18.1676143680836
2002-07-09,18.922466387679055,18.61717143183325,18.34870299736719
2002-07-10,19.22053410868999,18.922466387679055,18.61717143183325
2002-07-11,19.468370070742644,19.22053410868999,18.922466387679055
2002-07-12,19.620368226849855,19.468370070742644,19.22053410868999
2002-07-15,19.633335421651584,19.620368226849855,19.468370070742644
2002-07-16,19.47897862073895,19.633335421651584,19.620368226849855
2002-07-17,19.155087287233886,19.47897862073895,19.633335421651584
2002-07-18,18.687368405142216,19.155087287233886,19.47897862073895
2002-07-19,18.120078334671174,18.687368405142216,19.155087287233886
2002-07-22,17.499480830310823,18.120078334671174,18.687368405142216
2002-07-23,16.85811583309152,17.499480830310823,18.120078334671174
2002-07-24,16.20579944697428,16.85811583309152,17.499480830310823
2002-07-25,15.53021080469717,16.20579944697428,16.85811583309152
2002-07-26,14.807225435894935,15.53021080469717,16.20579944697428
2002-07-29,14.01811228760292,14.807225435894935,15.53021080469717
2002-07-30,13.166930408980287,14.01811228760292,14.807225435894935
2002-07-31,12.289381446589324,13.166930408980287,14.01811228760292
2002-08-01,11.44678731692747,12.289381446589324,13.166930408980287
2002-08-02,10.707181753409401,11.44678731692747,12.289381446589324
2002-08-05,10.123134522783795,10.707181753409401,11.44678731692747
2002-08-06,9.717913846653543,10.123134522783795,10.707181753409401
2002-08-07,9.486115037374553,9.717913846653543,10.123134522783795
2002-08-08,9.405426069362324,9.486115037374553,9.717913846653543
2002-08-09,9.450846175553492,9.405426069362324,9.486115037374553
2002-08-12,9.602981529618315,9.450846175553492,9.405426069362324
2002-08-13,9.847219193675691,9.602981529618315,9.450846175553492
2002-08-14,10.165964506754198,9.847219193675691,9.602981529618315
2002-08-15,10.530862829930609,10.165964506754198,9.847219193675691
2002-08-16,10.900416135388111,10.530862829930609,10.165964506754198
2002-08-19,11.225566143415994,10.900416135388111,10.530862829930609
2002-08-20,11.460680424609631,11.225566143415994,10.900416135388111
2002-08-21,11.57540449858679,11.460680424609631,11.225566143415994
2002-08-22,11.561349013014375,11.57540449858679,11.460680424609631
2002-08-23,11.431550046894781,11.561349013014375,11.57540449858679
2002-08-26,11.214122626877337,11.431550046894781,11.561349013014375
2002-08-27,10.943549421874776,11.214122626877337,11.431550046894781
2002-08-28,10.653594569174912,10.943549421874776,11.214122626877337
2002-08-29,10.373801729939206,10.653594569174912,10.943549421874776
2002-08-30,10.129222860389133,10.373801729939206,10.653594569174912
2002-09-03,9.941002860584026,10.129222860389133,10.373801729939206
2002-09-04,9.825276911567984,9.941002860584026,10.129222860389133
2002-09-05,9.789207719759942,9.825276911567984,9.941002860584026
2002-09-06,9.825974084039066,9.789207719759942,9.825276911567984
2002-09-09,9.912439514048074,9.825974084039066,9.789207719759942
2002-09-10,10.012469710447174,9.912439514048074,9.825974084039066
2002-09-11,10.08668011706763,10.012469710447174,9.912439514048074
2002-09-12,10.104352421122465,10.08668011706763,10.012469710447174
2002-09-13,10.05231573734106,10.104352421122465,10.08668011706763
2002-09-16,9.936785567278907,10.05231573734106,10.104352421122465
2002-09-17,9.778103273229652,9.936785567278907,10.05231573734106
2002-09-18,9.601889352640406,9.778103273229652,9.936785567278907
2002-09-19,9.430776897210569,9.601889352640406,9.778103273229652
2002-09-20,9.279421698048026,9.430776897210569,9.601889352640406
2002-09-23,9.153405893443967,9.279421698048026,9.430776897210569
2002-09-24,9.0510273266363,9.153405893443967,9.279421698048026
2002-09-25,8.966152800253445,9.0510273266363,9.153405893443967
2002-09-26,8.89061640881376,8.966152800253445,9.0510273266363
2002-09-27,8.815533306669172,8.89061640881376,8.966152800253445
2002-09-30,8.732008990302049,8.815533306669172,8.89061640881376
2002-10-01,8.632902953686159,8.732008990302049,8.815533306669172
2002-10-02,8.516160195783335,8.632902953686159,8.732008990302049
2002-10-03,8.388747908300115,8.516160195783335,8.632902953686159
2002-10-04,8.26800858038737,8.388747908300115,8.516160195783335
2002-10-07,8.178441954329719,8.26800858038737,8.388747908300115
2002-10-08,8.144095740236322,8.178441954329719,8.26800858038737
2002-10-09,8.180230926574971,8.144095740236322,8.178441954329719
2002-10-10,8.288448235941498,8.180230926574971,8.144095740236322
2002-10-11,8.457949247301237,8.288448235941498,8.180230926574971
2002-10-14,8.671871268831877,8.457949247301237,8.288448235941498
2002-10-15,8.914458496826866,8.671871268831877,8.457949247301237
2002-10-16,9.174973347096275,8.914458496826866,8.671871268831877
2002-10-17,9.4468076091945,9.174973347096275,8.914458496826866
2002-10-18,9.724004101685024,9.4468076091945,9.174973347096275
2002-10-21,9.999310608368173,9.724004101685024,9.4468076091945
2002-10-22,10.26593127763143,9.999310608368173,9.724004101685024
2002-10-23,10.522855979727256,10.26593127763143,9.999310608368173
2002-10-24,10.780062847924484,10.522855979727256,10.26593127763143
2002-10-25,11.059163726574912,10.780062847924484,10.522855979727256
2002-10-28,11.386866138346699,11.059163726574912,10.780062847924484
2002-10-29,11.781867270282515,11.386866138346699,11.059163726574912
2002-10-30,12.239533606072193,11.781867270282515,11.386866138346699
2002-10-31,12.722051611001739,12.239533606072193,11.781867270282515
2002-11-01,13.161529459190119,12.722051611001739,12.239533606072193
2002-11-04,13.47915143169012,13.161529459190119,12.722051611001739
2002-11-05,13.614670732085997,13.47915143169012,13.161529459190119
2002-11-06,13.553986923444198,13.614670732085997,13.47915143169012
2002-11-07,13.340704528257154,13.553986923444198,13.614670732085997
2002-11-08,13.064434859112545,13.340704528257154,13.553986923444198
2002-11-11,12.83049274849527,13.064434859112545,13.340704528257154
2002-11-12,12.72505317070585,12.83049274849527,13.064434859112545
2002-11-13,12.791687372988907,12.72505317070585,12.83049274849527
2002-11-14,13.027393531469935,12.791687372988907,12.72505317070585
2002-11-15,13.395113649350542,13.027393531469935,12.791687372988907
2002-11-18,13.84294635439452,13.395113649350542,13.027393531469935
2002-11-19,14.32011541339331,13.84294635439452,13.395113649350542
2002-11-20,14.785158909894614,14.32011541339331,13.84294635439452
2002-11-21,15.207174694804035,14.785158909894614,14.32011541339331
2002-11-22,15.562557467627336,15.207174694804035,14.785158909894614
2002-11-25,15.830803069697836,15.562557467627336,15.207174694804035
2002-11-26,15.992231964639632,15.830803069697836,15.562557467627336
2002-11-27,16.029679349812852,15.992231964639632,15.830803069697836
2002-11-29,15.934822162319621,16.029679349812852,15.992231964639632
2002-12-02,15.716262726780753,15.934822162319621,16.029679349812852
2002-12-03,15.4036390071843,15.716262726780753,15.934822162319621
2002-12-04,15.043310510468437,15.4036390071843,15.716262726780753
2002-12-05,14.686313152694103,15.043310510468437,15.4036390071843
2002-12-06,14.373873238852088,14.686313152694103,15.043310510468437
2002-12-09,14.12734611644841,14.373873238852088,14.686313152694103
2002-12-10,13.946383106969579,14.12734611644841,14.373873238852088
2002-12-11,13.814499381293533,13.946383106969579,14.12734611644841
2002-12-12,13.708077067838673,13.814499381293533,13.946383106969579
2002-12-13,13.604695668431233,13.708077067838673,13.814499381293533
2002-12-16,13.488693709603078,13.604695668431233,13.708077067838673
2002-12-17,13.353212752111979,13.488693709603078,13.604695668431233
2002-12-18,13.199206645927026,13.353212752111979,13.488693709603078
2002-12-19,13.03234348907714,13.199206645927026,13.353212752111979
2002-12-20,12.859990017230123,13.03234348907714,13.199206645927026
2002-12-23,12.689859585749502,12.859990017230123,13.03234348907714
2002-12-24,12.531069346938812,12.689859585749502,12.859990017230123
2002-12-26,12.395769696999269,12.531069346938812,12.689859585749502
2002-12-27,12.298094843109377,12.395769696999269,12.531069346938812
2002-12-30,12.249276618941911,12.298094843109377,12.395769696999269
2002-12-31,12.251138923467035,12.249276618941911,12.298094843109377
2003-01-02,12.291979619555997,12.251138923467035,12.249276618941911
2003-01-03,12.348711057636708,12.291979619555997,12.251138923467035
2003-01-06,12.394575467002836,12.348711057636708,12.291979619555997
2003-01-07,12.408106855738135,12.394575467002836,12.348711057636708
2003-01-08,12.378049114546599,12.408106855738135,12.394575467002836
2003-01-09,12.302201701195553,12.378049114546599,12.408106855738135
2003-01-10,12.182758948665752,12.302201701195553,12.378049114546599
2003-01-13,12.022708536444437,12.182758948665752,12.302201701195553
2003-01-14,11.82606847254082,12.022708536444437,12.182758948665752
2003-01-15,11.600724378743184,11.82606847254082,12.022708536444437
2003-01-16,11.360310727035621,11.600724378743184,11.82606847254082
2003-01-17,11.122624374861658,11.360310727035621,11.600724378743184
2003-01-21,10.90510551836999,11.122624374861658,11.360310727035621
2003-01-22,10.72029528971531,10.90510551836999,11.122624374861658
2003-01-23,10.573799904893246,10.72029528971531,10.90510551836999
2003-01-24,10.464867872006256,10.573799904893246,10.72029528971531
2003-01-27,10.388468679671496,10.464867872006256,10.573799904893246
2003-01-28,10.337041221611143,10.388468679671496,10.464867872006256
2003-01-29,10.301744040138212,10.337041221611143,10.388468679671496
2003-01-30,10.273520810053506,10.301744040138212,10.337041221611143
2003-01-31,10.244594825319638,10.273520810053506,10.301744040138212
2003-02-03,10.210408018359756,10.244594825319638,10.273520810053506
2003-02-04,10.171740674503786,10.210408018359756,10.244594825319638
2003-02-05,10.136492629061317,10.171740674503786,10.210408018359756
2003-02-06,10.120477562516193,10.136492629061317,10.171740674503786
2003-02-07,10.146204447724843,10.120477562516193,10.136492629061317
2003-02-10,10.238517805297409,10.146204447724843,10.120477562516193
2003-02-11,10.416875300580148,10.238517805297409,10.146204447724843
2003-02-12,10.686398506697277,10.416875300580148,10.238517805297409
2003-02-13,11.031699037709117,10.686398506697277,10.416875300580148
2003-02-14,11.417698575540253,11.031699037709117,10.686398506697277
2003-02-18,11.798357824782942,11.417698575540253,11.031699037709117
2003-02-19,12.129962109681122,11.798357824782942,11.417698575540253
2003-02-20,12.382850281321483,12.129962109681122,11.798357824782942
2003-02-21,12.54687490198381,12.382850281321483,12.129962109681122
2003-02-24,12.629513214987975,12.54687490198381,12.382850281321483
2003-02-25,12.649321651578438,12.629513214987975,12.54687490198381
2003-02-26,12.628422825508665,12.649321651578438,12.629513214987975
2003-02-27,12.586943657904502,12.628422825508665,12.649321651578438
2003-02-28,12.540203384465428,12.586943657904502,12.628422825508665
2003-03-03,12.498857858646579,12.540203384465428,12.586943657904502
2003-03-04,12.470804095353088,12.498857858646579,12.540203384465428
2003-03-05,12.463712562395767,12.470804095353088,12.498857858646579
2003-03-06,12.48660453935285,12.463712562395767,12.470804095353088
2003-03-07,12.54943203118724,12.48660453935285,12.463712562395767
2003-03-10,12.659961495503756,12.54943203118724,12.48660453935285
2003-03-11,12.81948739302515,12.659961495503756,12.54943203118724
2003-03-12,13.019589634278551,12.81948739302515,12.659961495503756
2003-03-13,13.24216309990905,13.019589634278551,12.81948739302515
2003-03-14,13.4633979781686,13.24216309990905,13.019589634278551
2003-03-17,13.660008170147933,13.4633979781686,13.24216309990905
2003-03-18,13.814940447030109,13.660008170147933,13.4633979781686
2003-03-19,13.920253243937733,13.814940447030109,13.660008170147933
2003-03-20,13.976412401169432,13.920253243937733,13.814940447030109
2003-03-21,13.989094236794227,13.976412401169432,13.920253243937733
2003-03-24,13.96577200094125,13.989094236794227,13.976412401169432
2003-03-25,13.91401652355973,13.96577200094125,13.989094236794227
2003-03-26,13.842019304086307,13.91401652355973,13.96577200094125
2003-03-27,13.760008679525784,13.842019304086307,13.91401652355973
2003-03-28,13.679979333267461,13.760008679525784,13.842019304086307
2003-03-31,13.612842256996753,13.679979333267461,13.760008679525784
2003-04-01,13.56439149448268,13.612842256996753,13.679979333267461
2003-04-02,13.533285875450462,13.56439149448268,13.612842256996753
2003-04-03,13.512735677809268,13.533285875450462,13.56439149448268
2003-04-04,13.495177419692734,13.512735677809268,13.533285875450462
2003-04-07,13.476539208798064,13.495177419692734,13.512735677809268
2003-04-08,13.45803341931056,13.476539208798064,13.495177419692734
2003-04-09,13.44506677140252,13.45803341931056,13.476539208798064
2003-04-10,13.444704652882637,13.44506677140252,13.45803341931056
2003-04-11,13.463268675962752,13.444704652882637,13.44506677140252
2003-04-14,13.50469075296983,13.463268675962752,13.444704652882637
2003-04-15,13.569306368745949,13.50469075296983,13.463268675962752
2003-04-16,13.653010332794896,13.569306368745949,13.50469075296983
2003-04-17,13.747651844710498,13.653010332794896,13.569306368745949
2003-04-21,13.843315927895757,13.747651844710498,13.653010332794896
2003-04-22,13.932603121671729,13.843315927895757,13.747651844710498
2003-04-23,14.01541717587868,13.932603121671729,13.843315927895757
2003-04-24,14.10114876173136,14.01541717587868,13.932603121671729
2003-04-25,14.207452263869623,14.10114876173136,14.01541717587868
2003-04-28,14.355212358503532,14.207452263869623,14.10114876173136
2003-04-29,14.562529929343489,14.355212358503532,14.207452263869623
2003-04-30,14.840935163032562,14.562529929343489,14.355212358503532
2003-05-01,15.195556448872681,14.840935163032562,14.562529929343489
2003-05-02,15.628193670763007,15.195556448872681,14.840935163032562
2003-05-05,16.13940348386293,15.628193670763007,15.195556448872681
2003-05-06,16.726045608946112,16.13940348386293,15.628193670763007
2003-05-07,17.374320961046983,16.726045608946112,16.13940348386293
2003-05-08,18.053353697671575,17.374320961046983,16.726045608946112
2003-05-09,18.716024462798572,18.053353697671575,17.374320961046983
2003-05-12,19.310250446693196,18.716024462798572,18.053353697671575
2003-05-13,19.795758883370958,19.310250446693196,18.716024462798572
2003-05-14,20.157637925863092,19.795758883370958,19.310250446693196
2003-05-15,20.41063205849086,20.157637925863092,19.795758883370958
2003-05-16,20.59334866646989,20.41063205849086,20.157637925863092
2003-05-19,20.756912183471872,20.59334866646989,20.41063205849086
2003-05-20,20.952650234535927,20.756912183471872,20.59334866646989
2003-05-21,21.221820765777686,20.952650234535927,20.756912183471872
2003-05-22,21.588201001242357,21.221820765777686,20.952650234535927
2003-05-23,22.053866782171923,21.588201001242357,21.221820765777686
2003-05-27,22.599042086303164,22.053866782171923,21.588201001242357
2003-05-28,23.186467976126806,22.599042086303164,22.053866782171923
2003-05-29,23.770130955303415,23.186467976126806,22.599042086303164
2003-05-30,24.30595933795193,23.770130955303415,23.186467976126806
2003-06-02,24.760227560096766,24.30595933795193,23.770130955303415
2003-06-03,25.11339590251948,24.760227560096766,24.30595933795193
2003-06-04,25.358744263966628,25.11339590251948,24.760227560096766
2003-06-05,25.49818061982788,25.358744263966628,25.11339590251948
2003-06-06,25.538735051359446,25.49818061982788,25.358744263966628
2003-06-09,25.491256409392427,25.538735051359446,25.49818061982788
2003-06-10,25.371080658449742,25.491256409392427,25.538735051359446
2003-06-11,25.198271580663782,25.371080658449742,25.491256409392427
2003-06-12,24.995373703039277,25.198271580663782,25.371080658449742
2003-06-13,24.78210984563956,24.995373703039277,25.198271580663782
2003-06-16,24.569616497240244,24.78210984563956,24.995373703039277
2003-06-17,24.35836100320902,24.569616497240244,24.78210984563956
2003-06-18,24.142768756859944,24.35836100320902,24.569616497240244
2003-06-19,23.919936559733337,24.142768756859944,24.35836100320902
2003-06-20,23.697013475860878,23.919936559733337,24.142768756859944
2003-06-23,23.49237409271853,23.697013475860878,23.919936559733337
2003-06-24,23.33021855626937,23.49237409271853,23.697013475860878
2003-06-25,23.23247581917571,23.33021855626937,23.49237409271853
2003-06-26,23.212457684258567,23.23247581917571,23.33021855626937
2003-06-27,23.272288956064727,23.212457684258567,23.23247581917571
2003-06-30,23.403075707526362,23.272288956064727,23.212457684258567
2003-07-01,23.586367584738657,23.403075707526362,23.272288956064727
2003-07-02,23.795949874029233,23.586367584738657,23.403075707526362
2003-07-03,24.000088998063234,23.795949874029233,23.586367584738657
2003-07-07,24.1650208857613,24.000088998063234,23.795949874029233
2003-07-08,24.25940397137694,24.1650208857613,24.000088998063234
2003-07-09,24.259303790951193,24.25940397137694,24.1650208857613
2003-07-10,24.151831932011163,24.259303790951193,24.25940397137694
2003-07-11,23.93712267978721,24.151831932011163,24.259303790951193
2003-07-14,23.628209600459215,23.93712267978721,24.151831932011163
2003-07-15,23.24937785181379,23.628209600459215,23.93712267978721
2003-07-16,22.832700585543524,23.24937785181379,23.628209600459215
2003-07-17,22.41214925620243,22.832700585543524,23.24937785181379
2003-07-18,22.015693317308042,22.41214925620243,22.832700585543524
2003-07-21,21.6581536192203,22.015693317308042,22.41214925620243
2003-07-22,21.33868999338597,21.6581536192203,22.015693317308042
2003-07-23,21.045098998633534,21.33868999338597,21.6581536192203
2003-07-24,20.764044669183775,21.045098998633534,21.33868999338597
2003-07-25,20.491009505341953,20.764044669183775,21.045098998633534
2003-07-28,20.234010892646605,20.491009505341953,20.764044669183775
2003-07-29,20.007876153834168,20.234010892646605,20.491009505341953
2003-07-30,19.821305359022297,20.007876153834168,20.234010892646605
2003-07-31,19.66461903965098,19.821305359022297,20.007876153834168
2003-08-01,19.506557217067922,19.66461903965098,19.821305359022297
2003-08-04,19.304256560469543,19.506557217067922,19.66461903965098
2003-08-05,19.022856719782713,19.304256560469543,19.506557217067922
2003-08-06,18.654167482865674,19.022856719782713,19.304256560469543
2003-08-07,18.224201136362232,18.654167482865674,19.022856719782713
2003-08-08,17.78517398319749,18.224201136362232,18.654167482865674
2003-08-11,17.396904421169957,17.78517398319749,18.224201136362232
2003-08-12,17.107641033783956,17.396904421169957,17.78517398319749
2003-08-13,16.942971254099046,17.107641033783956,17.396904421169957
2003-08-14,16.904641777627425,16.942971254099046,17.107641033783956
2003-08-15,16.975498736901287,16.904641777627425,16.942971254099046
2003-08-18,17.12612460678451,16.975498736901287,16.904641777627425
2003-08-19,17.321189661726883,17.12612460678451,16.975498736901287
2003-08-20,17.525596418136118,17.321189661726883,17.12612460678451
2003-08-21,17.710531045632422,17.525596418136118,17.321189661726883
2003-08-22,17.8579234968688,17.710531045632422,17.525596418136118
2003-08-25,17.9621894872907,17.8579234968688,17.710531045632422
2003-08-26,18.028912805923625,17.9621894872907,17.8579234968688
2003-08-27,18.072107042623774,18.028912805923625,17.9621894872907
2003-08-28,18.111072028404934,18.072107042623774,18.028912805923625
2003-08-29,18.16731029099426,18.111072028404934,18.072107042623774
2003-09-02,18.259801017258347,18.16731029099426,18.111072028404934
2003-09-03,18.39891171616818,18.259801017258347,18.16731029099426
2003-09-04,18.58089117184991,18.39891171616818,18.259801017258347
2003-09-05,18.78694508773997,18.58089117184991,18.39891171616818
2003-09-08,18.989091931906177,18.78694508773997,18.58089117184991
2003-09-09,19.161318879490167,18.989091931906177,18.78694508773997
2003-09-10,19.28951984977184,19.161318879490167,18.989091931906177
2003-09-11,19.374468431003482,19.28951984977184,19.161318879490167
2003-09-12,19.42576175826825,19.374468431003482,19.28951984977184
2003-09-15,19.45096333913587,19.42576175826825,19.374468431003482
2003-09-16,19.446966498635863,19.45096333913587,19.42576175826825
2003-09-17,19.398615292028577,19.446966498635863,19.45096333913587
2003-09-18,19.284678375813648,19.398615292028577,19.446966498635863
2003-09-19,19.08777195991459,19.284678375813648,19.398615292028577
2003-09-22,18.803120504127545,19.08777195991459,19.284678375813648
2003-09-23,18.44311175596333,18.803120504127545,19.08777195991459
2003-09-24,18.036418996769513,18.44311175596333,18.803120504127545
2003-09-25,17.622476777578143,18.036418996769513,18.44311175596333
2003-09-26,17.24287292850344,17.622476777578143,18.036418996769513
2003-09-29,16.93190435835362,17.24287292850344,17.622476777578143
2003-09-30,16.7088670534008,16.93190435835362,17.24287292850344
2003-10-01,16.574943224873575,16.7088670534008,16.93190435835362
2003-10-02,16.51590612668041,16.574943224873575,16.7088670534008
2003-10-03,16.509519014620682,16.51590612668041,16.574943224873575
2003-10-06,16.53440837503426,16.509519014620682,16.51590612668041
2003-10-07,16.5761692782571,16.53440837503426,16.509519014620682
2003-10-08,16.628374655215612,16.5761692782571,16.53440837503426
2003-10-09,16.689264895776937,16.628374655215612,16.5761692782571
2003-10-10,16.757309542263986,16.689264895776937,16.628374655215612
2003-10-13,16.8288708911441,16.757309542263986,16.689264895776937
2003-10-14,16.898976073642537,16.8288708911441,16.757309542263986
2003-10-15,16.963961970140957,16.898976073642537,16.8288708911441
2003-10-16,17.023362087490494,16.963961970140957,16.898976073642537
2003-10-17,17.0799050787145,17.023362087490494,16.963961970140957
2003-10-20,17.13823004776941,17.0799050787145,17.023362087490494
2003-10-21,17.203401178990973,17.13823004776941,17.0799050787145
2003-10-22,17.27997675725638,17.203401178990973,17.13823004776941
2003-10-23,17.370736399917156,17.27997675725638,17.203401178990973
2003-10-24,17.47554809868464,17.370736399917156,17.27997675725638
2003-10-27,17.59112899826285,17.47554809868464,17.370736399917156
2003-10-28,17.713301069311594,17.59112899826285,17.47554809868464
2003-10-29,17.842005156784126,17.713301069311594,17.59112899826285
2003-10-30,17.986344950576875,17.842005156784126,17.713301069311594
2003-10-31,18.16544068594004,17.986344950576875,17.842005156784126
2003-11-03,18.402612653522137,18.16544068594004,17.986344950576875
2003-11-04,18.713718180026056,18.402612653522137,18.16544068594004
2003-11-05,19.094994891076336,18.713718180026056,18.402612653522137
2003-11-06,19.516860736647317,19.094994891076336,18.713718180026056
2003-11-07,19.92859118544181,19.516860736647317,19.094994891076336
2003-11-10,20.273301636965268,19.92859118544181,19.516860736647317
2003-11-11,20.506965407245332,20.273301636965268,19.92859118544181
2003-11-12,20.613035359586377,20.506965407245332,20.273301636965268
2003-11-13,20.60652133180864,20.613035359586377,20.506965407245332
2003-11-14,20.527136928388057,20.60652133180864,20.613035359586377
2003-11-17,20.425731913256698,20.527136928388057,20.60652133180864
2003-11-18,20.349636469981455,20.425731913256698,20.527136928388057
2003-11-19,20.33162856552387,20.349636469981455,20.425731913256698
2003-11-20,20.384254266052807,20.33162856552387,20.349636469981455
2003-11-21,20.499903240482563,20.384254266052807,20.33162856552387
2003-11-24,20.65530409399949,20.499903240482563,20.384254266052807
2003-11-25,20.81900110188804,20.65530409399949,20.499903240482563
2003-11-26,20.95956231063198,20.81900110188804,20.65530409399949
2003-11-28,21.052472725947556,20.95956231063198,20.81900110188804
2003-12-01,21.083840521749128,21.052472725947556,20.95956231063198
2003-12-02,21.05185213520931,21.083840521749128,21.052472725947556
2003-12-03,20.966273508160025,21.05185213520931,21.083840521749128
2003-12-04,20.846520442202888,20.966273508160025,21.05185213520931
2003-12-05,20.71790067400998,20.846520442202888,20.966273508160025
2003-12-08,20.605829602495827,20.71790067400998,20.846520442202888
2003-12-09,20.52934397696138,20.605829602495827,20.71790067400998
2003-12-10,20.496728277349696,20.52934397696138,20.605829602495827
2003-12-11,20.505792743559752,20.496728277349696,20.52934397696138
2003-12-12,20.54908048034223,20.505792743559752,20.496728277349696
2003-12-15,20.62087675977619,20.54908048034223,20.505792743559752
2003-12-16,20.721817677640242,20.62087675977619,20.54908048034223
2003-12-17,20.858836032966753,20.721817677640242,20.62087675977619
2003-12-18,21.04103370279086,20.858836032966753,20.721817677640242
2003-12-19,21.27424385348712,21.04103370279086,20.858836032966753
2003-12-22,21.556835730042973,21.27424385348712,21.04103370279086
2003-12-23,21.878358823085907,21.556835730042973,21.27424385348712
2003-12-24,22.221452768330437,21.878358823085907,21.556835730042973
2003-12-26,22.566789203095787,22.221452768330437,21.878358823085907
2003-12-29,22.89934052164434,22.566789203095787,22.221452768330437
2003-12-30,23.212933025265624,22.89934052164434,22.566789203095787
2003-12-31,23.510174831933547,23.212933025265624,22.89934052164434
2004-01-02,23.796719816690562,23.510174831933547,23.212933025265624
2004-01-05,24.073188708939828,23.796719816690562,23.510174831933547
2004-01-06,24.32984281364423,24.073188708939828,23.796719816690562
2004-01-07,24.547982914341663,24.32984281364423,24.073188708939828
2004-01-08,24.707257359108763,24.547982914341663,24.32984281364423
2004-01-09,24.79502803373846,24.707257359108763,24.547982914341663
2004-01-12,24.811661230600684,24.79502803373846,24.707257359108763
2004-01-13,24.76903938329494,24.811661230600684,24.79502803373846
2004-01-14,24.68323766734256,24.76903938329494,24.811661230600684
2004-01-15,24.56608800698944,24.68323766734256,24.76903938329494
2004-01-16,24.4210839923188,24.56608800698944,24.68323766734256
2004-01-20,24.24557430195218,24.4210839923188,24.56608800698944
2004-01-21,24.03691999886753,24.24557430195218,24.4210839923188
2004-01-22,23.798145649337407,24.03691999886753,24.24557430195218
2004-01-23,23.539962374271546,23.798145649337407,24.03691999886753
2004-01-26,23.278953074990813,23.539962374271546,23.798145649337407
2004-01-27,23.033904193746753,23.278953074990813,23.539962374271546
2004-01-28,22.822177946020293,23.033904193746753,23.278953074990813
2004-01-29,22.65697462859997,22.822177946020293,23.033904193746753
2004-01-30,22.54610435275578,22.65697462859997,22.822177946020293
2004-02-02,22.492551284490826,22.54610435275578,22.65697462859997
2004-02-03,22.496031002442077,22.492551284490826,22.54610435275578
2004-02-04,22.553977825598995,22.496031002442077,22.492551284490826
2004-02-05,22.66063782975312,22.553977825598995,22.496031002442077
2004-02-06,22.804971944346114,22.66063782975312,22.553977825598995
2004-02-09,22.969715267001032,22.804971944346114,22.66063782975312
2004-02-10,23.133535064607145,22.969715267001032,22.804971944346114
2004-02-11,23.2760647000077,23.133535064607145,22.969715267001032
2004-02-12,23.382550731446038,23.2760647000077,23.133535064607145
2004-02-13,23.445562511330657,23.382550731446038,23.2760647000077
2004-02-17,23.462917613488703,23.445562511330657,23.382550731446038
2004-02-18,23.434670942632856,23.462917613488703,23.445562511330657
2004-02-19,23.361906676143203,23.434670942632856,23.462917613488703
2004-02-20,23.24845706025306,23.361906676143203,23.434670942632856
2004-02-23,23.103142766017378,23.24845706025306,23.361906676143203
2004-02-24,22.939727853765405,23.103142766017378,23.24845706025306
2004-02-25,22.77347920028314,22.939727853765405,23.103142766017378
2004-02-26,22.616160754905007,22.77347920028314,22.939727853765405
2004-02-27,22.472523492009206,22.616160754905007,22.77347920028314
2004-03-01,22.339842664836958,22.472523492009206,22.616160754905007
2004-03-02,22.210535991136783,22.339842664836958,22.472523492009206
2004-03-03,22.076217856140442,22.210535991136783,22.339842664836958
2004-03-04,21.9319578572559,22.076217856140442,22.210535991136783
2004-03-05,21.77981480684797,21.9319578572559,22.076217856140442
2004-03-08,21.630426121754947,21.77981480684797,21.9319578572559
2004-03-09,21.501603764451975,21.630426121754947,21.77981480684797
2004-03-10,21.41381986364422,21.501603764451975,21.630426121754947
2004-03-11,21.38411680879559,21.41381986364422,21.501603764451975
2004-03-12,21.420628746951103,21.38411680879559,21.41381986364422
2004-03-15,21.520720491096846,21.420628746951103,21.38411680879559
2004-03-16,21.6739141250179,21.520720491096846,21.420628746951103
2004-03-17,21.868656497493234,21.6739141250179,21.520720491096846
2004-03-18,22.09953892764105,21.868656497493234,21.6739141250179
2004-03-19,22.37070842966734,22.09953892764105,21.868656497493234
2004-03-22,22.692881341006462,22.37070842966734,22.09953892764105
2004-03-23,23.075006959712447,22.692881341006462,22.37070842966734
2004-03-24,23.515253233567336,23.075006959712447,22.692881341006462
2004-03-25,23.996549949080098,23.515253233567336,23.075006959712447
2004-03-26,24.489029258184807,23.996549949080098,23.515253233567336
2004-03-29,24.95768493425029,24.489029258184807,23.996549949080098
2004-03-30,25.37124597116327,24.95768493425029,24.489029258184807
2004-03-31,25.70824211292781,25.37124597116327,24.95768493425029
2004-04-01,25.958496069824847,25.70824211292781,25.37124597116327
2004-04-02,26.12068166351338,25.958496069824847,25.70824211292781
2004-04-05,26.197930821239957,26.12068166351338,25.958496069824847
2004-04-06,26.193553615074038,26.197930821239957,26.12068166351338
2004-04-07,26.108525202168305,26.193553615074038,26.197930821239957
2004-04-08,25.941773806183733,26.108525202168305,26.193553615074038
2004-04-12,25.693178699264635,25.941773806183733,26.108525202168305
2004-04-13,25.368234149121903,25.693178699264635,25.941773806183733
2004-04-14,24.982052115824207,25.368234149121903,25.693178699264635
2004-04-15,24.56000382212593,24.982052115824207,25.368234149121903
2004-04-16,24.133554916461847,24.56000382212593,24.982052115824207
2004-04-19,23.73239826801433,24.133554916461847,24.56000382212593
2004-04-20,23.376039678774077,23.73239826801433,24.133554916461847
2004-04-21,23.068721935996017,23.376039678774077,23.73239826801433
2004-04-22,22.800311698804354,23.068721935996017,23.376039678774077
2004-04-23,22.553312036979168,22.800311698804354,23.068721935996017
2004-04-26,22.312787194343745,22.553312036979168,22.800311698804354
2004-04-27,22.07491096265297,22.312787194343745,22.553312036979168
2004-04-28,21.850128073963454,22.07491096265297,22.312787194343745
2004-04-29,21.659037926111807,21.850128073963454,22.07491096265297
2004-04-30,21.522660206938703,21.659037926111807,21.850128073963454
2004-05-03,21.451761083140997,21.522660206938703,21.659037926111807
2004-05-04,21.440802191980158,21.451761083140997,21.522660206938703
2004-05-05,21.469621651518832,21.440802191980158,21.451761083140997
2004-05-06,21.511862274844823,21.469621651518832,21.440802191980158
2004-05-07,21.545133121110513,21.511862274844823,21.469621651518832
2004-05-10,21.557399406745652,21.545133121110513,21.511862274844823
2004-05-11,21.547637152369507,21.557399406745652,21.545133121110513
2004-05-12,21.52207654264542,21.547637152369507,21.557399406745652
2004-05-13,21.48957612733095,21.52207654264542,21.547637152369507
2004-05-14,21.458899764207757,21.48957612733095,21.52207654264542
2004-05-17,21.438590231425074,21.458899764207757,21.48957612733095
2004-05-18,21.438214974686616,21.438590231425074,21.458899764207757
2004-05-19,21.468974796205586,21.438214974686616,21.438590231425074
2004-05-20,21.542115288104725,21.468974796205586,21.438214974686616
2004-05-21,21.66486028238115,21.542115288104725,21.468974796205586
2004-05-24,21.835229882670713,21.66486028238115,21.542115288104725
2004-05-25,22.038202388195224,21.835229882670713,21.66486028238115
2004-05-26,22.246247100073123,22.038202388195224,21.835229882670713
2004-05-27,22.42477681208205,22.246247100073123,22.038202388195224
2004-05-28,22.540986333965158,22.42477681208205,22.246247100073123
2004-06-01,22.572520117099064,22.540986333965158,22.42477681208205
2004-06-02,22.511970742645193,22.572520117099064,22.540986333965158
2004-06-03,22.365999311902844,22.511970742645193,22.572520117099064
2004-06-04,22.150311693049325,22.365999311902844,22.511970742645193
2004-06-07,21.884125278217443,22.150311693049325,22.365999311902844
2004-06-08,21.586937431147756,21.884125278217443,22.150311693049325
2004-06-09,21.27766082953869,21.586937431147756,21.884125278217443
2004-06-10,20.974654457298655,21.27766082953869,21.586937431147756
2004-06-14,20.69499923503595,20.974654457298655,21.27766082953869
2004-06-15,20.453138579142596,20.69499923503595,20.974654457298655
2004-06-16,20.25976391542506,20.453138579142596,20.69499923503595
2004-06-17,20.121023830188633,20.25976391542506,20.453138579142596
2004-06-18,20.03792493112056,20.121023830188633,20.25976391542506
2004-06-21,20.005357249324433,20.03792493112056,20.121023830188633
2004-06-22,20.01129090351658,20.005357249324433,20.03792493112056
2004-06-23,20.037030701748073,20.01129090351658,20.005357249324433
2004-06-24,20.058748791174708,20.037030701748073,20.01129090351658
2004-06-25,20.050221957442375,20.058748791174708,20.037030701748073
2004-06-28,19.986473425448622,20.050221957442375,20.058748791174708
2004-06-29,19.847940212515066,19.986473425448622,20.050221957442375
2004-06-30,19.624681613646736,19.847940212515066,19.986473425448622
2004-07-01,19.318971277932143,19.624681613646736,19.847940212515066
2004-07-02,18.944639327055288,19.318971277932143,19.624681613646736
2004-07-06,18.52336794451555,18.944639327055288,19.318971277932143
2004-07-07,18.07918287043343,18.52336794451555,18.944639327055288
2004-07-08,17.633939520468942,18.07918287043343,18.52336794451555
2004-07-09,17.20505975130725,17.633939520468942,18.07918287043343
2004-07-12,16.805185147941955,17.20505975130725,17.633939520468942
2004-07-13,16.44285087518346,16.805185147941955,17.20505975130725
2004-07-14,16.122682830041033,16.44285087518346,16.805185147941955
2004-07-15,15.845284125731723,16.122682830041033,16.44285087518346
2004-07-16,15.607361540304309,15.845284125731723,16.122682830041033
2004-07-19,15.403134555981039,15.607361540304309,15.845284125731723
2004-07-20,15.227160042805671,15.403134555981039,15.607361540304309
2004-07-21,15.07730461389631,15.227160042805671,15.403134555981039
2004-07-22,14.956446436468267,15.07730461389631,15.227160042805671
2004-07-23,14.87024830068149,14.956446436468267,15.07730461389631
2004-07-26,14.82145275667768,14.87024830068149,14.956446436468267
2004-07-27,14.802668064547419,14.82145275667768,14.87024830068149
2004-07-28,14.790725147952777,14.802668064547419,14.82145275667768
2004-07-29,14.746266995663422,14.790725147952777,14.802668064547419
2004-07-30,14.62072830633388,14.746266995663422,14.790725147952777
2004-08-02,14.370074855318787,14.62072830633388,14.746266995663422
2004-08-03,13.971553346696476,14.370074855318787,14.62072830633388
2004-08-04,13.437054094212833,13.971553346696476,14.370074855318787
2004-08-05,12.815741401027426,13.437054094212833,13.971553346696476
2004-08-06,12.18286287824508,12.815741401027426,13.437054094212833
2004-08-09,11.618264191470484,12.18286287824508,12.815741401027426
2004-08-10,11.18404957834312,11.618264191470484,12.18286287824508
2004-08-11,10.911612379502397,11.18404957834312,11.618264191470484
2004-08-12,10.801370952940385,10.911612379502397,11.18404957834312
2004-08-13,10.831762183074023,10.801370952940385,10.911612379502397
2004-08-16,10.970207409673375,10.831762183074023,10.801370952940385
2004-08-17,11.181068857731429,10.970207409673375,10.831762183074023
2004-08-18,11.430145204219247,11.181068857731429,10.970207409673375
2004-08-19,11.687311080411746,11.430145204219247,11.181068857731429
2004-08-20,11.928774190038459,11.687311080411746,11.430145204219247
2004-08-23,12.138763291436351,11.928774190038459,11.687311080411746
2004-08-24,12.309905340413252,12.138763291436351,11.928774190038459
2004-08-25,12.442133866794611,12.309905340413252,12.138763291436351
2004-08-26,12.540467845336153,12.442133866794611,12.309905340413252
2004-08-27,12.613172118404552,12.540467845336153,12.442133866794611
2004-08-30,12.670018245491512,12.613172118404552,12.540467845336153
2004-08-31,12.721259397398873,12.670018245491512,12.613172118404552
2004-09-01,12.777417452422343,12.721259397398873,12.670018245491512
2004-09-02,12.84933906866656,12.777417452422343,12.721259397398873
2004-09-03,12.94723069637923,12.84933906866656,12.777417452422343
2004-09-07,13.07813520293714,12.94723069637923,12.84933906866656
2004-09-08,13.242277119164275,13.07813520293714,12.94723069637923
2004-09-09,13.431086042917753,13.242277119164275,13.07813520293714
2004-09-10,13.629247877443941,13.431086042917753,13.242277119164275
2004-09-13,13.820176919917444,13.629247877443941,13.431086042917753
2004-09-14,13.99148778171207,13.820176919917444,13.629247877443941
2004-09-15,14.136881978437767,13.99148778171207,13.820176919917444
2004-09-16,14.253713178859925,14.136881978437767,13.99148778171207
2004-09-17,14.339558813521995,14.253713178859925,14.136881978437767
2004-09-20,14.391502557683687,14.339558813521995,14.253713178859925
2004-09-21,14.409228847374967,14.391502557683687,14.339558813521995
2004-09-22,14.399402651778155,14.409228847374967,14.391502557683687
2004-09-23,14.377615018070241,14.399402651778155,14.409228847374967
2004-09-24,14.3653886372911,14.377615018070241,14.399402651778155
2004-09-27,14.383298799644308,14.3653886372911,14.377615018070241
2004-09-28,14.443103631585403,14.383298799644308,14.3653886372911
2004-09-29,14.542657275802771,14.443103631585403,14.383298799644308
2004-09-30,14.665638444160058,14.542657275802771,14.443103631585403
2004-10-01,14.786283683874272,14.665638444160058,14.542657275802771
2004-10-04,14.877134809346497,14.786283683874272,14.665638444160058
2004-10-05,14.916684831773617,14.877134809346497,14.786283683874272
2004-10-06,14.894408659701657,14.916684831773617,14.877134809346497
2004-10-07,14.811885491529296,14.894408659701657,14.916684831773617
2004-10-08,14.680482482960386,14.811885491529296,14.894408659701657
2004-10-11,14.517349480327375,14.680482482960386,14.811885491529296
2004-10-12,14.341451607731823,14.517349480327375,14.680482482960386
2004-10-13,14.170768849497797,14.341451607731823,14.517349480327375
2004-10-14,14.020488312718669,14.170768849497797,14.341451607731823
2004-10-15,13.90198050855306,14.020488312718669,14.170768849497797
2004-10-18,13.82249260255671,13.90198050855306,14.020488312718669
2004-10-19,13.785712411022056,13.82249260255671,13.90198050855306
2004-10-20,13.793008366059432,13.785712411022056,13.82249260255671
2004-10-21,13.844169789861649,13.793008366059432,13.785712411022056
2004-10-22,13.937122433677901,13.844169789861649,13.793008366059432
2004-10-25,14.066941923810536,13.937122433677901,13.844169789861649
2004-10-26,14.22624948595316,14.066941923810536,13.937122433677901
2004-10-27,14.408235089748185,14.22624948595316,14.066941923810536
2004-10-28,14.611256905496479,14.408235089748185,14.22624948595316
2004-10-29,14.841644065597022,14.611256905496479,14.408235089748185
2004-11-01,15.111464827033338,14.841644065597022,14.611256905496479
2004-11-02,15.431265161318509,15.111464827033338,14.841644065597022
2004-11-03,15.801425872570071,15.431265161318509,15.111464827033338
2004-11-04,16.207445303898073,15.801425872570071,15.431265161318509
2004-11-05,16.62246382555457,16.207445303898073,15.801425872570071
2004-11-08,17.01616238608341,16.62246382555457,16.207445303898073
2004-11-09,17.365336666526137,17.01616238608341,16.62246382555457
2004-11-10,17.660629059521096,17.365336666526137,17.01616238608341
2004-11-11,17.90672895810941,17.660629059521096,17.365336666526137
2004-11-12,18.117388556917284,17.90672895810941,17.660629059521096
2004-11-15,18.308590148232902,18.117388556917284,17.90672895810941
2004-11-16,18.49300862039722,18.308590148232902,18.117388556917284
2004-11-17,18.677023473436346,18.49300862039722,18.308590148232902
2004-11-18,18.860208935107437,18.677023473436346,18.49300862039722
2004-11-19,19.03692011661783,18.860208935107437,18.677023473436346
2004-11-22,19.199802675199464,19.03692011661783,18.860208935107437
2004-11-23,19.344786923940553,19.199802675199464,19.03692011661783
2004-11-24,19.47603536201845,19.344786923940553,19.199802675199464
2004-11-26,19.608883324010268,19.47603536201845,19.344786923940553
2004-11-29,19.768003406567615,19.608883324010268,19.47603536201845
2004-11-30,19.980642335282727,19.768003406567615,19.608883324010268
2004-12-01,20.266437767131137,19.980642335282727,19.768003406567615
2004-12-02,20.628137210791305,20.266437767131137,19.980642335282727
2004-12-03,21.047637710454218,20.628137210791305,20.266437767131137
2004-12-06,21.48994982907539,21.047637710454218,20.628137210791305
2004-12-07,21.913743992959247,21.48994982907539,21.047637710454218
2004-12-08,22.283832151255908,21.913743992959247,21.48994982907539
2004-12-09,22.57992560678307,22.283832151255908,21.913743992959247
2004-12-10,22.798315617677098,22.57992560678307,22.283832151255908
2004-12-13,22.947185960156425,22.798315617677098,22.57992560678307
2004-12-14,23.039501805728055,22.947185960156425,22.798315617677098
2004-12-15,23.087710865233948,23.039501805728055,22.947185960156425
2004-12-16,23.102192798751425,23.087710865233948,23.039501805728055
2004-12-17,23.092320669382136,23.102192798751425,23.087710865233948
2004-12-20,23.06757487432663,23.092320669382136,23.102192798751425
2004-12-21,23.03744163282996,23.06757487432663,23.092320669382136
2004-12-22,23.010155984645955,23.03744163282996,23.06757487432663
2004-12-23,22.991271513994572,23.010155984645955,23.03744163282996
2004-12-27,22.982511280601628,22.991271513994572,23.010155984645955
2004-12-28,22.98077374309811,22.982511280601628,22.991271513994572
2004-12-29,22.977611560950976,22.98077374309811,22.982511280601628
2004-12-30,22.960247508591454,22.977611560950976,22.98077374309811
2004-12-31,22.914742735553496,22.960247508591454,22.977611560950976
2005-01-03,22.830546623343274,22.914742735553496,22.960247508591454
2005-01-04,22.70446321927491,22.830546623343274,22.914742735553496
2005-01-05,22.541983518272552,22.70446321927491,22.830546623343274
2005-01-06,22.355897634002908,22.541983518272552,22.70446321927491
2005-01-07,22.162929956676507,22.355897634002908,22.541983518272552
2005-01-10,21.98003781229649,22.162929956676507,22.355897634002908
2005-01-11,21.820740641010353,21.98003781229649,22.162929956676507
2005-01-12,21.69235197187829,21.820740641010353,21.98003781229649
2005-01-13,21.5949087670444,21.69235197187829,21.820740641010353
2005-01-14,21.523026605954637,21.5949087670444,21.69235197187829
2005-01-18,21.47070429487059,21.523026605954637,21.5949087670444
2005-01-19,21.437499538606257,21.47070429487059,21.523026605954637
2005-01-20,21.432396593406324,21.437499538606257,21.47070429487059
2005-01-21,21.47313920194189,21.432396593406324,21.437499538606257
2005-01-24,21.580206959232473,21.47313920194189,21.432396593406324
2005-01-25,21.768579393828258,21.580206959232473,21.47313920194189
2005-01-26,22.041432695154278,21.768579393828258,21.580206959232473
2005-01-27,22.38876901075799,22.041432695154278,21.768579393828258
2005-01-28,22.79094541856046,22.38876901075799,22.041432695154278
2005-01-31,23.223774625829293,22.79094541856046,22.38876901075799
2005-02-01,23.662213648083934,23.223774625829293,22.79094541856046
2005-02-02,24.082298821814675,23.662213648083934,23.223774625829293
2005-02-03,24.462657174023548,24.082298821814675,23.662213648083934
2005-02-04,24.78763789894076,24.462657174023548,24.082298821814675
2005-02-07,25.05121806891098,24.78763789894076,24.462657174023548
2005-02-08,25.259102602407808,25.05121806891098,24.78763789894076
2005-02-09,25.42773128700812,25.259102602407808,25.05121806891098
2005-02-10,25.580498560214213,25.42773128700812,25.259102602407808
2005-02-11,25.743061089681262,25.580498560214213,25.42773128700812
2005-02-14,25.939009288032686,25.743061089681262,25.580498560214213
2005-02-15,26.185209982247752,25.939009288032686,25.743061089681262
2005-02-16,26.486935342619095,26.185209982247752,25.939009288032686
2005-02-17,26.83403947992607,26.486935342619095,26.185209982247752
2005-02-18,27.201457164621928,26.83403947992607,26.486935342619095
2005-02-22,27.554686438357994,27.201457164621928,26.83403947992607
2005-02-23,27.85821883640869,27.554686438357994,27.201457164621928
2005-02-24,28.082949419030562,27.85821883640869,27.554686438357994
2005-02-25,28.210129074104767,28.082949419030562,27.85821883640869
2005-02-28,28.231887900011305,28.210129074104767,28.082949419030562
2005-03-01,28.150103330647315,28.231887900011305,28.210129074104767
2005-03-02,27.974488746269643,28.150103330647315,28.231887900011305
2005-03-03,27.72074948731814,27.974488746269643,28.150103330647315
2005-03-04,27.4086966189491,27.72074948731814,27.974488746269643
2005-03-07,27.060850352067007,27.4086966189491,27.72074948731814
2005-03-08,26.700830551783937,27.060850352067007,27.4086966189491
2005-03-09,26.350709311247666,26.700830551783937,27.060850352067007
2005-03-10,26.02755233582424,26.350709311247666,26.700830551783937
2005-03-11,25.74113313956007,26.02755233582424,26.350709311247666
2005-03-14,25.49425089309774,25.74113313956007,26.02755233582424
2005-03-15,25.28607976931229,25.49425089309774,25.74113313956007
2005-03-16,25.115758890627294,25.28607976931229,25.49425089309774
2005-03-17,24.98310082128681,25.115758890627294,25.28607976931229
2005-03-18,24.88597738347974,24.98310082128681,25.115758890627294
2005-03-21,24.816521763692506,24.88597738347974,24.98310082128681
2005-03-22,24.759608821343214,24.816521763692506,24.88597738347974
2005-03-23,24.695621944393856,24.759608821343214,24.816521763692506
2005-03-24,24.606425344752573,24.695621944393856,24.759608821343214
2005-03-28,24.481561965615562,24.606425344752573,24.695621944393856
2005-03-29,24.321754976380657,24.481561965615562,24.606425344752573
2005-03-30,24.13824935123951,24.321754976380657,24.481561965615562
2005-03-31,23.948499221180022,24.13824935123951,24.321754976380657
2005-04-01,23.769788350654377,23.948499221180022,24.13824935123951
2005-04-04,23.613038838372027,23.769788350654377,23.948499221180022
2005-04-05,23.47879837992091,23.613038838372027,23.769788350654377
2005-04-06,23.356802572689507,23.47879837992091,23.613038838372027
2005-04-07,23.229874478360397,23.356802572689507,23.47879837992091
2005-04-08,23.080795151702176,23.229874478360397,23.356802572689507
2005-04-11,22.899950989013007,23.080795151702176,23.229874478360397
2005-04-12,22.69055190000236,22.899950989013007,23.080795151702176
2005-04-13,22.469383666811936,22.69055190000236,22.899950989013007
2005-04-14,22.26233865391372,22.469383666811936,22.69055190000236
2005-04-15,22.09621980824156,22.26233865391372,22.469383666811936
2005-04-18,21.989652511330814,22.09621980824156,22.26233865391372
2005-04-19,21.946574217637128,21.989652511330814,22.09621980824156
2005-04-20,21.955002648516015,21.946574217637128,21.989652511330814
2005-04-21,21.991850195619087,21.955002648516015,21.946574217637128
2005-04-22,22.031858023978344,21.991850195619087,21.955002648516015
2005-04-25,22.05719176448296,22.031858023978344,21.991850195619087
2005-04-26,22.06367155964058,22.05719176448296,22.031858023978344
2005-04-27,22.061237742795743,22.06367155964058,22.05719176448296
2005-04-28,22.068620777222225,22.061237742795743,22.06367155964058
2005-04-29,22.10519809186092,22.068620777222225,22.061237742795743
2005-05-02,22.183318587545884,22.10519809186092,22.068620777222225
2005-05-03,22.304338623694903,22.183318587545884,22.10519809186092
2005-05-04,22.46030316317761,22.304338623694903,22.183318587545884
2005-05-05,22.640434918398785,22.46030316317761,22.304338623694903
2005-05-06,22.839541632868084,22.640434918398785,22.46030316317761
2005-05-09,23.06327381811714,22.839541632868084,22.640434918398785
2005-05-10,23.326085036007207,23.06327381811714,22.839541632868084
2005-05-11,23.642137193634166,23.326085036007207,23.06327381811714
2005-05-12,24.014355872620417,23.642137193634166,23.326085036007207
2005-05-13,24.42928976941691,24.014355872620417,23.642137193634166
2005-05-16,24.86121136037555,24.42928976941691,24.014355872620417
2005-05-17,25.282517712104063,24.86121136037555,24.42928976941691
2005-05-18,25.673459604462742,25.282517712104063,24.86121136037555
2005-05-19,26.025420299670657,25.673459604462742,25.282517712104063
2005-05-20,26.337858845939678,26.025420299670657,25.673459604462742
2005-05-23,26.61311150331806,26.337858845939678,26.025420299670657
2005-05-24,26.85323156760809,26.61311150331806,26.337858845939678
2005-05-25,27.06012387102073,26.85323156760809,26.61311150331806
2005-05-26,27.236691322818597,27.06012387102073,26.85323156760809
2005-05-27,27.38695101933868,27.236691322818597,27.06012387102073
2005-05-31,27.514085718250705,27.38695101933868,27.236691322818597
2005-06-01,27.618619839021573,27.514085718250705,27.38695101933868
2005-06-02,27.698618627819133,27.618619839021573,27.514085718250705
2005-06-03,27.752114460259296,27.698618627819133,27.618619839021573
2005-06-06,27.77927265575249,27.752114460259296,27.698618627819133
2005-06-07,27.78230402495957,27.77927265575249,27.752114460259296
2005-06-08,27.76294902025827,27.78230402495957,27.77927265575249
2005-06-09,27.72086944267029,27.76294902025827,27.78230402495957
2005-06-10,27.655527246895165,27.72086944267029,27.76294902025827
2005-06-13,27.570788360879973,27.655527246895165,27.72086944267029
2005-06-14,27.478139504892006,27.570788360879973,27.655527246895165
2005-06-15,27.394586652686648,27.478139504892006,27.570788360879973
2005-06-16,27.3355882333069,27.394586652686648,27.478139504892006
2005-06-17,27.30716092126929,27.3355882333069,27.394586652686648
2005-06-20,27.302483782930175,27.30716092126929,27.3355882333069
2005-06-21,27.30530296713301,27.302483782930175,27.30716092126929
2005-06-22,27.298110205748042,27.30530296713301,27.302483782930175
2005-06-23,27.270718670199706,27.298110205748042,27.30530296713301
2005-06-24,27.22528764510324,27.270718670199706,27.298110205748042
2005-06-27,27.17572564105176,27.22528764510324,27.270718670199706
2005-06-28,27.142603689884485,27.17572564105176,27.22528764510324
2005-06-29,27.145826664239674,27.142603689884485,27.17572564105176
2005-06-30,27.19779550113992,27.145826664239674,27.142603689884485
2005-07-01,27.29904267505286,27.19779550113992,27.145826664239674
2005-07-05,27.436856591318325,27.29904267505286,27.19779550113992
2005-07-06,27.58736123125363,27.436856591318325,27.29904267505286
2005-07-07,27.720114009692793,27.58736123125363,27.436856591318325
2005-07-08,27.804556624860957,27.720114009692793,27.58736123125363
2005-07-11,27.81727597447038,27.804556624860957,27.720114009692793
2005-07-12,27.748350584286158,27.81727597447038,27.804556624860957
2005-07-13,27.604631733266935,27.748350584286158,27.81727597447038
2005-07-14,27.4081560993943,27.604631733266935,27.748350584286158
2005-07-15,27.189532833118463,27.4081560993943,27.604631733266935
2005-07-18,26.97939495048042,27.189532833118463,27.4081560993943
2005-07-19,26.801851056726846,26.97939495048042,27.189532833118463
2005-07-20,26.672527860824886,26.801851056726846,26.97939495048042
2005-07-21,26.60018942966596,26.672527860824886,26.801851056726846
2005-07-22,26.588817016148127,26.60018942966596,26.672527860824886
2005-07-25,26.637753966646954,26.588817016148127,26.60018942966596
2005-07-26,26.74056844646412,26.637753966646954,26.588817016148127
2005-07-27,26.884869900653204,26.74056844646412,26.637753966646954
2005-07-28,27.054636923103516,26.884869900653204,26.74056844646412
2005-07-29,27.234227691642587,27.054636923103516,26.884869900653204
2005-08-01,27.412023206753886,27.234227691642587,27.054636923103516
2005-08-02,27.582242016921942,27.412023206753886,27.234227691642587
2005-08-03,27.74509126398277,27.582242016921942,27.412023206753886
2005-08-04,27.90616055999136,27.74509126398277,27.582242016921942
2005-08-05,28.07521137830055,27.90616055999136,27.74509126398277
2005-08-08,28.263709435941323,28.07521137830055,27.90616055999136
2005-08-09,28.480069801435075,28.263709435941323,28.07521137830055
2005-08-10,28.723268023626034,28.480069801435075,28.263709435941323
2005-08-11,28.978147517274937,28.723268023626034,28.480069801435075
2005-08-12,29.216495518191596,28.978147517274937,28.723268023626034
2005-08-15,29.40550126071652,29.216495518191596,28.978147517274937
2005-08-16,29.520515358106906,29.40550126071652,29.216495518191596
2005-08-17,29.55539177502309,29.520515358106906,29.40550126071652
2005-08-18,29.524868430092088,29.55539177502309,29.520515358106906
2005-08-19,29.458384819320976,29.524868430092088,29.55539177502309
2005-08-22,29.389613217924044,29.458384819320976,29.524868430092088
2005-08-23,29.347507600767184,29.389613217924044,29.458384819320976
2005-08-24,29.351818653814938,29.347507600767184,29.389613217924044
2005-08-25,29.412659823218604,29.351818653814938,29.347507600767184
2005-08-26,29.53148717932093,29.412659823218604,29.351818653814938
2005-08-29,29.702664880485628,29.53148717932093,29.412659823218604
2005-08-30,29.915677025943808,29.702664880485628,29.53148717932093
2005-08-31,30.158826376177476,29.915677025943808,29.702664880485628
2005-09-01,30.423209102585318,30.158826376177476,29.915677025943808
2005-09-02,30.704320290788274,30.423209102585318,30.158826376177476
2005-09-06,31.000245137522683,30.704320290788274,30.423209102585318
2005-09-07,31.30777753325491,31.000245137522683,30.704320290788274
2005-09-08,31.619183636570042,31.30777753325491,31.000245137522683
2005-09-09,31.922063783566266,31.619183636570042,31.30777753325491
2005-09-12,32.20178486554309,31.922063783566266,31.619183636570042
2005-09-13,32.44478683321691,32.20178486554309,31.922063783566266
2005-09-14,32.64110832816142,32.44478683321691,32.20178486554309
2005-09-15,32.78599399852251,32.64110832816142,32.44478683321691
2005-09-16,32.88079718864097,32.78599399852251,32.64110832816142
2005-09-19,32.933776517398286,32.88079718864097,32.78599399852251
2005-09-20,32.96025982390132,32.933776517398286,32.88079718864097
2005-09-21,32.98114615286947,32.96025982390132,32.933776517398286
2005-09-22,33.019264617924726,32.98114615286947,32.96025982390132
2005-09-23,33.0937532314511,33.019264617924726,32.98114615286947
2005-09-26,33.21385476812566,33.0937532314511,33.019264617924726
2005-09-27,33.374102788795575,33.21385476812566,33.0937532314511
2005-09-28,33.552963110147395,33.374102788795575,33.21385476812566
2005-09-29,33.716221375760426,33.552963110147395,33.374102788795575
2005-09-30,33.82499639254065,33.716221375760426,33.552963110147395
2005-10-03,33.846797354589,33.82499639254065,33.716221375760426
2005-10-04,33.765657568727505,33.846797354589,33.82499639254065
2005-10-05,33.58758407635055,33.765657568727505,33.846797354589
2005-10-06,33.33869330494983,33.58758407635055,33.765657568727505
2005-10-07,33.05683993481951,33.33869330494983,33.58758407635055
2005-10-10,32.780408536383234,33.05683993481951,33.33869330494983
2005-10-11,32.5385685954404,32.780408536383234,33.05683993481951
2005-10-12,32.346497399299665,32.5385685954404,32.780408536383234
2005-10-13,32.206513625679264,32.346497399299665,32.5385685954404
2005-10-14,32.11337362081092,32.206513625679264,32.346497399299665
2005-10-17,32.060562320153,32.11337362081092,32.206513625679264
2005-10-18,32.04365943568639,32.060562320153,32.11337362081092
2005-10-19,32.06007873868902,32.04365943568639,32.060562320153
2005-10-20,32.10665459076486,32.06007873868902,32.04365943568639
2005-10-21,32.17875905742184,32.10665459076486,32.06007873868902
2005-10-24,32.27281672096909,32.17875905742184,32.10665459076486
2005-10-25,32.3901259457152,32.27281672096909,32.17875905742184
2005-10-26,32.538062652041695,32.3901259457152,32.27281672096909
2005-10-27,32.72506414872835,32.538062652041695,32.3901259457152
2005-10-28,32.95180878671535,32.72506414872835,32.538062652041695
2005-10-31,33.204640045282524,32.95180878671535,32.72506414872835
2005-11-01,33.45687859939322,33.204640045282524,32.95180878671535
2005-11-02,33.67832906446909,33.45687859939322,33.204640045282524
2005-11-03,33.84824222078257,33.67832906446909,33.45687859939322
2005-11-04,33.964135779774765,33.84824222078257,33.67832906446909
2005-11-07,34.04219630056393,33.964135779774765,33.84824222078257
2005-11-08,34.1104125537584,34.04219630056393,33.964135779774765
2005-11-09,34.19886400350185,34.1104125537584,34.04219630056393
2005-11-10,34.33195659646597,34.19886400350185,34.1104125537584
2005-11-11,34.52488199071243,34.33195659646597,34.19886400350185
2005-11-14,34.78280650553745,34.52488199071243,34.33195659646597
2005-11-15,35.10122223459559,34.78280650553745,34.52488199071243
2005-11-16,35.46593989062792,35.10122223459559,34.78280650553745
2005-11-17,35.85298523643531,35.46593989062792,35.10122223459559
2005-11-18,36.229587599028314,35.85298523643531,35.46593989062792
2005-11-21,36.558015121025406,36.229587599028314,35.85298523643531
2005-11-22,36.80312511633569,36.558015121025406,36.229587599028314
2005-11-23,36.9415494684234,36.80312511633569,36.558015121025406
2005-11-25,36.969424812753516,36.9415494684234,36.80312511633569
2005-11-28,36.90420339198877,36.969424812753516,36.9415494684234
2005-11-29,36.778843274152074,36.90420339198877,36.969424812753516
2005-11-30,36.63110279036884,36.778843274152074,36.90420339198877
2005-12-01,36.49299548480474,36.63110279036884,36.778843274152074
2005-12-02,36.38585657549723,36.49299548480474,36.63110279036884
2005-12-05,36.32084631628423,36.38585657549723,36.49299548480474
2005-12-06,36.30190733836635,36.32084631628423,36.38585657549723
2005-12-07,36.327226374354815,36.30190733836635,36.32084631628423
2005-12-08,36.388633441328,36.327226374354815,36.30190733836635
2005-12-09,36.47090926798078,36.388633441328,36.327226374354815
2005-12-12,36.55429563186879,36.47090926798078,36.388633441328
2005-12-13,36.620725850756045,36.55429563186879,36.47090926798078
2005-12-14,36.6612334683865,36.620725850756045,36.55429563186879
2005-12-15,36.68046078195742,36.6612334683865,36.620725850756045
2005-12-16,36.69542682573527,36.68046078195742,36.6612334683865
2005-12-19,36.728447704052456,36.69542682573527,36.68046078195742
2005-12-20,36.79784770427129,36.728447704052456,36.69542682573527
2005-12-21,36.91077351044878,36.79784770427129,36.728447704052456
2005-12-22,37.06278844875202,36.91077351044878,36.79784770427129
2005-12-23,37.24455364167597,37.06278844875202,36.91077351044878
2005-12-27,37.452442105561765,37.24455364167597,37.06278844875202
2005-12-28,37.69602415362099,37.452442105561765,37.24455364167597
2005-12-29,37.99703765083725,37.69602415362099,37.452442105561765
2005-12-30,38.379398950768774,37.99703765083725,37.69602415362099
2006-01-03,38.855181003444486,38.379398950768774,37.99703765083725
2006-01-04,39.4150521953213,38.855181003444486,38.379398950768774
2006-01-05,40.02770760810013,39.4150521953213,38.855181003444486
2006-01-06,40.64848869348023,40.02770760810013,39.4150521953213
2006-01-09,41.23273653793353,40.64848869348023,40.02770760810013
2006-01-10,41.74806045228248,41.23273653793353,40.64848869348023
2006-01-11,42.18178616228385,41.74806045228248,41.23273653793353
2006-01-12,42.541224860668734,42.18178616228385,41.74806045228248
2006-01-13,42.8471806185296,42.541224860668734,42.18178616228385
2006-01-17,43.12352890675604,42.8471806185296,42.541224860668734
2006-01-18,43.38836816195938,43.12352890675604,42.8471806185296
2006-01-19,43.65037866163946,43.38836816195938,43.12352890675604
2006-01-20,43.91036297747807,43.65037866163946,43.38836816195938
2006-01-23,44.16449349453609,43.91036297747807,43.65037866163946
2006-01-24,44.40481068725694,44.16449349453609,43.91036297747807
2006-01-25,44.61763893681061,44.40481068725694,44.16449349453609
2006-01-26,44.78379375843932,44.61763893681061,44.40481068725694
2006-01-27,44.88396513164447,44.78379375843932,44.61763893681061
2006-01-30,44.90791350111267,44.88396513164447,44.78379375843932
2006-01-31,44.86148854864762,44.90791350111267,44.88396513164447
2006-02-01,44.766291154289256,44.86148854864762,44.90791350111267
2006-02-02,44.65163695131196,44.766291154289256,44.86148854864762
2006-02-03,44.5444153967419,44.65163695131196,44.766291154289256
2006-02-06,44.46307493468602,44.5444153967419,44.65163695131196
2006-02-07,44.4188808357313,44.46307493468602,44.5444153967419
2006-02-08,44.42173890676136,44.4188808357313,44.46307493468602
2006-02-09,44.48402855907008,44.42173890676136,44.4188808357313
2006-02-10,44.61877508319559,44.48402855907008,44.42173890676136
2006-02-13,44.831262971361696,44.61877508319559,44.48402855907008
2006-02-14,45.11033330155448,44.831262971361696,44.61877508319559
2006-02-15,45.4265902983379,45.11033330155448,44.831262971361696
2006-02-16,45.74138879156506,45.4265902983379,45.11033330155448
2006-02-17,46.023565372377746,45.74138879156506,45.4265902983379
2006-02-21,46.26436133345791,46.023565372377746,45.74138879156506
2006-02-22,46.48090561017577,46.26436133345791,46.023565372377746
2006-02-23,46.70526371017512,46.48090561017577,46.26436133345791
2006-02-24,46.965086110140845,46.70526371017512,46.48090561017577
2006-02-27,47.266707270324694,46.965086110140845,46.70526371017512
2006-02-28,47.58958984562027,47.266707270324694,46.965086110140845
2006-03-01,47.89487534996024,47.58958984562027,47.266707270324694
2006-03-02,48.1419290163212,47.89487534996024,47.58958984562027
2006-03-03,48.305526477986184,48.1419290163212,47.89487534996024
2006-03-06,48.385371053370875,48.305526477986184,48.1419290163212
2006-03-07,48.405381179692725,48.385371053370875,48.305526477986184
2006-03-08,48.4033932049918,48.405381179692725,48.385371053370875
2006-03-09,48.41666985351493,48.4033932049918,48.405381179692725
2006-03-10,48.46956677950205,48.41666985351493,48.4033932049918
2006-03-13,48.56915503426931,48.46956677950205,48.41666985351493
2006-03-14,48.71019942883053,48.56915503426931,48.46956677950205
2006-03-15,48.8864967430948,48.71019942883053,48.56915503426931
2006-03-16,49.10185225733338,48.8864967430948,48.71019942883053
2006-03-17,49.37478277081989,49.10185225733338,48.8864967430948
2006-03-20,49.73475290603552,49.37478277081989,49.10185225733338
2006-03-21,50.213374175800745,49.73475290603552,49.37478277081989
2006-03-22,50.83255020315383,50.213374175800745,49.73475290603552
2006-03-23,51.596719891109984,50.83255020315383,50.213374175800745
2006-03-24,52.4842009990456,51.596719891109984,50.83255020315383
2006-03-27,53.44219379606623,52.4842009990456,51.596719891109984
2006-03-28,54.38201153675952,53.44219379606623,52.4842009990456
2006-03-29,55.173644209006845,54.38201153675952,53.44219379606623
2006-03-30,55.64099387176169,55.173644209006845,54.38201153675952
2006-03-31,55.56808137928944,55.64099387176169,55.173644209006845
2006-04-03,54.73175116464623,55.56808137928944,55.64099387176169
2006-04-04,52.969533490674465,54.73175116464623,55.56808137928944
2006-04-05,50.26544293718797,52.969533490674465,54.73175116464623
2006-04-06,46.80821798713418,50.26544293718797,52.969533490674465
2006-04-07,42.974057555170624,46.80821798713418,50.26544293718797
2006-04-10,39.22401947801326,42.974057555170624,46.80821798713418
2006-04-11,35.96013135722498,39.22401947801326,42.974057555170624
2006-04-12,33.414208289999195,35.96013135722498,39.22401947801326
2006-04-13,31.619121456590783,33.414208289999195,35.96013135722498
2006-04-17,30.46028937374051,31.619121456590783,33.414208289999195
2006-04-18,29.762469587468996,30.46028937374051,31.619121456590783
2006-04-19,29.36341047784659,29.762469587468996,30.46028937374051
2006-04-20,29.14972504758471,29.36341047784659,29.762469587468996
2006-04-21,29.058953427842948,29.14972504758471,29.36341047784659
2006-04-24,29.06397003451289,29.058953427842948,29.14972504758471
2006-04-25,29.15430824386309,29.06397003451289,29.058953427842948
2006-04-26,29.32133635875372,29.15430824386309,29.06397003451289
2006-04-27,29.549644987182727,29.32133635875372,29.15430824386309
2006-04-28,29.81172385057809,29.549644987182727,29.32133635875372
2006-05-01,30.07047496880369,29.81172385057809,29.549644987182727
2006-05-02,30.282575116403954,30.07047496880369,29.81172385057809
2006-05-03,30.404911643077398,30.282575116403954,30.07047496880369
2006-05-04,30.400554713543443,30.404911643077398,30.282575116403954
2006-05-05,30.24406599435251,30.400554713543443,30.404911643077398
2006-05-08,29.925548119732237,30.24406599435251,30.400554713543443
2006-05-09,29.453385896036067,29.925548119732237,30.24406599435251
2006-05-10,28.85432132589142,29.453385896036067,29.925548119732237
2006-05-11,28.16957396521319,28.85432132589142,29.453385896036067
2006-05-12,27.44777250847254,28.16957396521319,28.85432132589142
2006-05-15,26.736596533389367,27.44777250847254,28.16957396521319
2006-05-16,26.076129463039198,26.736596533389367,27.44777250847254
2006-05-17,25.495185940170828,26.076129463039198,26.736596533389367
2006-05-18,25.009801662674775,25.495185940170828,26.076129463039198
2006-05-19,24.62316409924089,25.009801662674775,25.495185940170828
2006-05-22,24.326690611303654,24.62316409924089,25.009801662674775
2006-05-23,24.103166610875988,24.326690611303654,24.62316409924089
2006-05-24,23.931273355520652,24.103166610875988,24.326690611303654
2006-05-25,23.790126971866933,23.931273355520652,24.103166610875988
2006-05-26,23.66132597475859,23.790126971866933,23.931273355520652
2006-05-30,23.528247031388336,23.66132597475859,23.790126971866933
2006-05-31,23.374397544394007,23.528247031388336,23.66132597475859
2006-06-01,23.18398710246124,23.374397544394007,23.528247031388336
2006-06-02,22.945705433703445,23.18398710246124,23.374397544394007
2006-06-05,22.658229927803227,22.945705433703445,23.18398710246124
2006-06-06,22.333541048345836,22.658229927803227,22.945705433703445
2006-06-07,21.99612568374391,22.333541048345836,22.658229927803227
2006-06-08,21.67767785521443,21.99612568374391,22.333541048345836
2006-06-09,21.40904259657863,21.67767785521443,21.99612568374391
2006-06-12,21.21125180408022,21.40904259657863,21.67767785521443
2006-06-13,21.088287384604868,21.21125180408022,21.40904259657863
2006-06-14,21.02491185565632,21.088287384604868,21.21125180408022
2006-06-15,20.991859551292485,21.02491185565632,21.088287384604868
2006-06-16,20.957156722629502,20.991859551292485,21.02491185565632
2006-06-19,20.898606343204435,20.957156722629502,20.991859551292485
2006-06-20,20.811482834632866,20.898606343204435,20.957156722629502
2006-06-21,20.708417525913912,20.811482834632866,20.898606343204435
2006-06-22,20.612556047544835,20.708417525913912,20.811482834632866
2006-06-23,20.547281634626025,20.612556047544835,20.708417525913912
2006-06-26,20.526049894789544,20.547281634626025,20.612556047544835
2006-06-27,20.544912566171664,20.526049894789544,20.547281634626025
2006-06-28,20.580612544759962,20.544912566171664,20.526049894789544
2006-06-29,20.59613014768241,20.580612544759962,20.544912566171664
2006-06-30,20.55248540519127,20.59613014768241,20.580612544759962
2006-07-03,20.42255617055597,20.55248540519127,20.59613014768241
2006-07-05,20.200606486453125,20.42255617055597,20.55248540519127
2006-07-06,19.903834388602416,20.200606486453125,20.42255617055597
2006-07-07,19.565914099734567,19.903834388602416,20.200606486453125
2006-07-10,19.227408912830477,19.565914099734567,19.903834388602416
2006-07-11,18.92702589836244,19.227408912830477,19.565914099734567
2006-07-12,18.695824459540262,18.92702589836244,19.227408912830477
2006-07-13,18.553588040358864,18.695824459540262,18.92702589836244
2006-07-14,18.507177235832167,18.553588040358864,18.695824459540262
2006-07-17,18.551214206494887,18.507177235832167,18.553588040358864
2006-07-18,18.672285198089952,18.551214206494887,18.507177235832167
2006-07-19,18.856125543929327,18.672285198089952,18.551214206494887
2006-07-20,19.093913617136423,18.856125543929327,18.672285198089952
2006-07-21,19.383685315883746,19.093913617136423,18.856125543929327
2006-07-24,19.726233396548142,19.383685315883746,19.093913617136423
2006-07-25,20.118882401010968,19.726233396548142,19.383685315883746
2006-07-26,20.552018653205295,20.118882401010968,19.726233396548142
2006-07-27,21.01042207173692,20.552018653205295,20.118882401010968
2006-07-28,21.47748660416533,21.01042207173692,20.552018653205295
2006-07-31,21.93846969891065,21.47748660416533,21.01042207173692
2006-08-01,22.3804526966966,21.93846969891065,21.47748660416533
2006-08-02,22.790657945618022,22.3804526966966,21.93846969891065
2006-08-03,23.15602142867852,22.790657945618022,22.3804526966966
2006-08-04,23.466803420104778,23.15602142867852,22.790657945618022
2006-08-07,23.72294343832986,23.466803420104778,23.15602142867852
2006-08-08,23.939270348217825,23.72294343832986,23.466803420104778
2006-08-09,24.144991049832278,23.939270348217825,23.72294343832986
2006-08-10,24.375363406790626,24.144991049832278,23.939270348217825
2006-08-11,24.65762653835807,24.375363406790626,24.144991049832278
2006-08-14,24.997159584884475,24.65762653835807,24.375363406790626
2006-08-15,25.372293581969583,24.997159584884475,24.65762653835807
2006-08-16,25.742299150079603,25.372293581969583,24.997159584884475
2006-08-17,26.066030331992984,25.742299150079603,25.372293581969583
2006-08-18,26.321081617872977,26.066030331992984,25.742299150079603
2006-08-21,26.513797898699295,26.321081617872977,26.066030331992984
2006-08-22,26.67465212677225,26.513797898699295,26.321081617872977
2006-08-23,26.842360436578335,26.67465212677225,26.513797898699295
2006-08-24,27.045050066693626,26.842360436578335,26.67465212677225
2006-08-25,27.287214647093066,27.045050066693626,26.842360436578335
2006-08-28,27.547701527060678,27.287214647093066,27.045050066693626
2006-08-29,27.78914696926251,27.547701527060678,27.287214647093066
2006-08-30,27.974718534362136,27.78914696926251,27.547701527060678
2006-08-31,28.08461033866196,27.974718534362136,27.78914696926251
2006-09-01,28.125199738003246,28.08461033866196,27.974718534362136
2006-09-05,28.126675345533258,28.125199738003246,28.08461033866196
2006-09-06,28.131182668691988,28.126675345533258,28.125199738003246
2006-09-07,28.177628590873837,28.131182668691988,28.126675345533258
2006-09-08,28.289980261124008,28.177628590873837,28.131182668691988
2006-09-11,28.473062174475896,28.289980261124008,28.177628590873837
2006-09-12,28.715454504237982,28.473062174475896,28.289980261124008
2006-09-13,28.99595018595211,28.715454504237982,28.473062174475896
2006-09-14,29.289699118681263,28.99595018595211,28.715454504237982
2006-09-15,29.572200693825064,29.289699118681263,28.99595018595211
2006-09-18,29.821619907672538,29.572200693825064,29.289699118681263
2006-09-19,30.0201781510379,29.821619907672538,29.572200693825064
2006-09-20,30.155893240033297,30.0201781510379,29.821619907672538
2006-09-21,30.223708419446886,30.155893240033297,30.0201781510379
2006-09-22,30.225796321416524,30.223708419446886,30.155893240033297
2006-09-25,30.171959070513505,30.225796321416524,30.223708419446886
2006-09-26,30.08002246137627,30.171959070513505,30.225796321416524
2006-09-27,29.976710029997147,30.08002246137627,30.171959070513505
2006-09-28,29.896492048488177,29.976710029997147,30.08002246137627
2006-09-29,29.876896015081364,29.896492048488177,29.976710029997147
2006-10-02,29.94993700001147,29.876896015081364,29.896492048488177
2006-10-03,30.132445736251437,29.94993700001147,29.876896015081364
2006-10-04,30.419752379894316,30.132445736251437,29.94993700001147
2006-10-05,30.786226816158404,30.419752379894316,30.132445736251437
2006-10-06,31.19230126458742,30.786226816158404,30.419752379894316
2006-10-09,31.59426710018481,31.19230126458742,30.786226816158404
2006-10-10,31.9529754694828,31.59426710018481,31.19230126458742
2006-10-11,32.23850089510715,31.9529754694828,31.59426710018481
2006-10-12,32.432446583124346,32.23850089510715,31.9529754694828
2006-10-13,32.529840277734756,32.432446583124346,32.23850089510715
2006-10-16,32.541025143307465,32.529840277734756,32.432446583124346
2006-10-17,32.49235973528398,32.541025143307465,32.529840277734756
2006-10-18,32.421666051999786,32.49235973528398,32.541025143307465
2006-10-19,32.36854859919508,32.421666051999786,32.49235973528398
2006-10-20,32.36258672334489,32.36854859919508,32.421666051999786
2006-10-23,32.414834624948526,32.36258672334489,32.36854859919508
2006-10-24,32.51649640593675,32.414834624948526,32.36258672334489
2006-10-25,32.64452420414416,32.51649640593675,32.414834624948526
2006-10-26,32.77227296087709,32.64452420414416,32.51649640593675
2006-10-27,32.88025721298408,32.77227296087709,32.64452420414416
2006-10-30,32.96387738671683,32.88025721298408,32.77227296087709
2006-10-31,33.03596124307904,32.96387738671683,32.88025721298408
2006-11-01,33.12254014248239,33.03596124307904,32.96387738671683
2006-11-02,33.253210281386714,33.12254014248239,33.03596124307904
2006-11-03,33.44930097472362,33.253210281386714,33.12254014248239
2006-11-06,33.71553583693271,33.44930097472362,33.253210281386714
2006-11-07,34.03890911209588,33.71553583693271,33.44930097472362
2006-11-08,34.39465083100356,34.03890911209588,33.71553583693271
2006-11-09,34.75515555783795,34.39465083100356,34.03890911209588
2006-11-10,35.096966869504755,34.75515555783795,34.39465083100356
2006-11-13,35.4039083122832,35.096966869504755,34.75515555783795
2006-11-14,35.66678938118708,35.4039083122832,35.096966869504755
2006-11-15,35.8820281293542,35.66678938118708,35.4039083122832
2006-11-16,36.04958505771563,35.8820281293542,35.66678938118708
2006-11-17,36.17173545166726,36.04958505771563,35.8820281293542
2006-11-20,36.25239353990769,36.17173545166726,36.04958505771563
2006-11-21,36.2972899890065,36.25239353990769,36.17173545166726
2006-11-22,36.3149701044572,36.2972899890065,36.25239353990769
2006-11-24,36.316573551691306,36.3149701044572,36.2972899890065
2006-11-27,36.31374734291572,36.316573551691306,36.3149701044572
2006-11-28,36.314856179591104,36.31374734291572,36.316573551691306
2006-11-29,36.321742019708324,36.314856179591104,36.31374734291572
2006-11-30,36.329285834724075,36.321742019708324,36.314856179591104
2006-12-01,36.32850484754616,36.329285834724075,36.321742019708324
2006-12-04,36.31230843245925,36.32850484754616,36.329285834724075
2006-12-05,36.28111660815557,36.31230843245925,36.32850484754616
2006-12-06,36.245982944825165,36.28111660815557,36.31230843245925
2006-12-07,36.22763731511791,36.245982944825165,36.28111660815557
2006-12-08,36.25101356292357,36.22763731511791,36.245982944825165
2006-12-11,36.3370824051438,36.25101356292357,36.22763731511791
2006-12-12,36.49464301357031,36.3370824051438,36.25101356292357
2006-12-13,36.71502325298518,36.49464301357031,36.3370824051438
2006-12-14,36.971753745738766,36.71502325298518,36.49464301357031
2006-12-15,37.225812615873934,36.971753745738766,36.71502325298518
2006-12-18,37.435931394253224,37.225812615873934,36.971753745738766
2006-12-19,37.56967242771187,37.435931394253224,37.225812615873934
2006-12-20,37.61134060819144,37.56967242771187,37.435931394253224
2006-12-21,37.56221431373408,37.61134060819144,37.56967242771187
2006-12-22,37.433914825682166,37.56221431373408,37.61134060819144
2006-12-26,37.23843042379581,37.433914825682166,37.56221431373408
2006-12-27,36.9820086126881,37.23843042379581,37.433914825682166
2006-12-28,36.666676064548625,36.9820086126881,37.23843042379581
2006-12-29,36.298674354048835,36.666676064548625,36.9820086126881
2007-01-03,35.897114879352024,36.298674354048835,36.666676064548625
2007-01-04,35.495965243084086,35.897114879352024,36.298674354048835
2007-01-05,35.135734576390796,35.495965243084086,35.897114879352024
2007-01-08,34.847333053092825,35.135734576390796,35.495965243084086
2007-01-09,34.63670783403241,34.847333053092825,35.135734576390796
2007-01-10,34.479057673659284,34.63670783403241,34.847333053092825
2007-01-11,34.327694005971296,34.479057673659284,34.63670783403241
2007-01-12,34.133996864392806,34.327694005971296,34.479057673659284
2007-01-16,33.869006235904884,34.133996864392806,34.327694005971296
2007-01-17,33.53499796047149,33.869006235904884,34.133996864392806
2007-01-18,33.16125572198821,33.53499796047149,33.869006235904884
2007-01-19,32.78727378387735,33.16125572198821,33.53499796047149
2007-01-22,32.444034485955896,32.78727378387735,33.16125572198821
2007-01-23,32.14466360169371,32.444034485955896,32.78727378387735
2007-01-24,31.888687971309476,32.14466360169371,32.444034485955896
2007-01-25,31.675049695545226,31.888687971309476,32.14466360169371
2007-01-26,31.51325963127046,31.675049695545226,31.888687971309476
2007-01-29,31.425509665622364,31.51325963127046,31.675049695545226
2007-01-30,31.438166086798937,31.425509665622364,31.51325963127046
2007-01-31,31.56821721629712,31.438166086798937,31.425509665622364
2007-02-01,31.811768618061855,31.56821721629712,31.438166086798937
2007-02-02,32.14018396498583,31.811768618061855,31.56821721629712
2007-02-05,32.50565334700835,32.14018396498583,31.811768618061855
2007-02-06,32.854082014249634,32.50565334700835,32.14018396498583
2007-02-07,33.140140453207955,32.854082014249634,32.50565334700835
2007-02-08,33.33824975100039,33.140140453207955,32.854082014249634
2007-02-09,33.44454085917923,33.33824975100039,33.140140453207955
2007-02-12,33.4703899587052,33.44454085917923,33.33824975100039
2007-02-13,33.43259147021825,33.4703899587052,33.44454085917923
2007-02-14,33.34574976258741,33.43259147021825,33.4703899587052
2007-02-15,33.219772830291134,33.34574976258741,33.43259147021825
2007-02-16,33.06008746807021,33.219772830291134,33.34574976258741
2007-02-20,32.86869828640202,33.06008746807021,33.219772830291134
2007-02-21,32.644249160415015,32.86869828640202,33.06008746807021
2007-02-22,32.3832779692557,32.644249160415015,32.86869828640202
2007-02-23,32.083527803095905,32.3832779692557,32.644249160415015
2007-02-26,31.74890799634418,32.083527803095905,32.3832779692557
2007-02-27,31.39334330337536,31.74890799634418,32.083527803095905
2007-02-28,31.040828482289783,31.39334330337536,31.74890799634418
2007-03-01,30.7203434908595,31.040828482289783,31.39334330337536
2007-03-02,30.456793680912725,30.7203434908595,31.040828482289783
2007-03-05,30.26154286338192,30.456793680912725,30.7203434908595
2007-03-06,30.126525516420703,30.26154286338192,30.456793680912725
2007-03-07,30.026040118874374,30.126525516420703,30.26154286338192
2007-03-08,29.92667266718033,30.026040118874374,30.126525516420703
2007-03-09,29.80133121943177,29.92667266718033,30.026040118874374
2007-03-12,29.641472770916074,29.80133121943177,29.92667266718033
2007-03-13,29.461483718126722,29.641472770916074,29.80133121943177
2007-03-14,29.293588975434623,29.461483718126722,29.641472770916074
2007-03-15,29.175361223249674,29.293588975434623,29.461483718126722
2007-03-16,29.134987538159475,29.175361223249674,29.293588975434623
2007-03-19,29.1796089775129,29.134987538159475,29.175361223249674
2007-03-20,29.291058949971386,29.1796089775129,29.134987538159475
2007-03-21,29.430471100733186,29.291058949971386,29.1796089775129
2007-03-22,29.551083760260386,29.430471100733186,29.291058949971386
2007-03-23,29.61421929076694,29.551083760260386,29.430471100733186
2007-03-26,29.602573516089407,29.61421929076694,29.551083760260386
2007-03-27,29.52506029729384,29.602573516089407,29.61421929076694
2007-03-28,29.412574056718945,29.52506029729384,29.602573516089407
2007-03-29,29.3064884522122,29.412574056718945,29.52506029729384
2007-03-30,29.24500931243067,29.3064884522122,29.412574056718945
2007-04-02,29.251812652016053,29.24500931243067,29.3064884522122
2007-04-03,29.330555527454994,29.251812652016053,29.24500931243067
2007-04-04,29.46654684433665,29.330555527454994,29.251812652016053
2007-04-05,29.63502357147597,29.46654684433665,29.330555527454994
2007-04-09,29.81220382384039,29.63502357147597,29.46654684433665
2007-04-10,29.984211132856082,29.81220382384039,29.63502357147597
2007-04-11,30.14996905900459,29.984211132856082,29.81220382384039
2007-04-12,30.317732093843805,30.14996905900459,29.984211132856082
2007-04-13,30.498666542817787,30.317732093843805,30.14996905900459
2007-04-16,30.70149958946642,30.498666542817787,30.317732093843805
2007-04-17,30.93026198111747,30.70149958946642,30.498666542817787
2007-04-18,31.184434460581222,30.93026198111747,30.70149958946642
2007-04-19,31.459709846021447,31.184434460581222,30.93026198111747
2007-04-20,31.748156630793723,31.459709846021447,31.184434460581222
2007-04-23,32.03782419308399,31.748156630793723,31.459709846021447
2007-04-24,32.31337805216721,32.03782419308399,31.748156630793723
2007-04-25,32.5590335340661,32.31337805216721,32.03782419308399
2007-04-26,32.763030805255035,32.5590335340661,32.31337805216721
2007-04-27,32.921507799916405,32.763030805255035,32.5590335340661
2007-04-30,33.03943111473506,32.921507799916405,32.763030805255035
2007-05-01,33.12787585819439,33.03943111473506,32.921507799916405
2007-05-02,33.20017997567205,33.12787585819439,33.03943111473506
2007-05-03,33.26921030627298,33.20017997567205,33.12787585819439
2007-05-04,33.346977443332555,33.26921030627298,33.20017997567205
2007-05-07,33.44472586466754,33.346977443332555,33.26921030627298
2007-05-08,33.57133894741434,33.44472586466754,33.346977443332555
2007-05-09,33.72979753878556,33.57133894741434,33.44472586466754
2007-05-10,33.91391620751002,33.72979753878556,33.57133894741434
2007-05-11,34.10843991765975,33.91391620751002,33.72979753878556
2007-05-14,34.293284142973214,34.10843991765975,33.91391620751002
2007-05-15,34.44914906499986,34.293284142973214,34.10843991765975
2007-05-16,34.561495418533745,34.44914906499986,34.293284142973214
2007-05-17,34.62159717631323,34.561495418533745,34.44914906499986
2007-05-18,34.62658613464483,34.62159717631323,34.561495418533745
2007-05-21,34.5809891560102,34.62658613464483,34.62159717631323
2007-05-22,34.4995276028789,34.5809891560102,34.62658613464483
2007-05-23,34.40812228481701,34.4995276028789,34.5809891560102
2007-05-24,34.33995688338892,34.40812228481701,34.4995276028789
2007-05-25,34.32694933692833,34.33995688338892,34.40812228481701
2007-05-29,34.3904735082177,34.32694933692833,34.33995688338892
2007-05-30,34.53596520539251,34.3904735082177,34.32694933692833
2007-05-31,34.7532268137068,34.53596520539251,34.3904735082177
2007-06-01,35.021741321075886,34.7532268137068,34.53596520539251
2007-06-04,35.31764312368924,35.021741321075886,34.7532268137068
2007-06-05,35.62104379465039,35.31764312368924,35.021741321075886
2007-06-06,35.921679314344935,35.62104379465039,35.31764312368924
2007-06-07,36.222066168722364,35.921679314344935,35.62104379465039
2007-06-08,36.53679285059452,36.222066168722364,35.921679314344935
2007-06-11,36.887407849476254,36.53679285059452,36.222066168722364
2007-06-12,37.29430022782876,36.887407849476254,36.53679285059452
2007-06-13,37.76890009313058,37.29430022782876,36.887407849476254
2007-06-14,38.30923224633444,37.76890009313058,37.29430022782876
2007-06-15,38.89935275729886,38.30923224633444,37.76890009313058
2007-06-18,39.511491544931744,38.89935275729886,38.30923224633444
2007-06-19,40.10921748922693,39.511491544931744,38.89935275729886
2007-06-20,40.652487655016046,40.10921748922693,39.511491544931744
2007-06-21,41.106215160456685,40.652487655016046,40.10921748922693
2007-06-22,41.451970294048564,41.106215160456685,40.652487655016046
2007-06-25,41.697506226569566,41.451970294048564,41.106215160456685
2007-06-26,41.87701598560427,41.697506226569566,41.451970294048564
2007-06-27,42.04020800035966,41.87701598560427,41.697506226569566
2007-06-28,42.23500282639872,42.04020800035966,41.87701598560427
2007-06-29,42.492874733916935,42.23500282639872,42.04020800035966
2007-07-02,42.82306416199561,42.492874733916935,42.23500282639872
2007-07-03,43.215609746315025,42.82306416199561,42.492874733916935
2007-07-05,43.648740253876845,43.215609746315025,42.82306416199561
2007-07-06,44.09591368167631,43.648740253876845,43.215609746315025
2007-07-09,44.53035258262959,44.09591368167631,43.648740253876845
2007-07-10,44.92727527852355,44.53035258262959,44.09591368167631
2007-07-11,45.264835491132004,44.92727527852355,44.53035258262959
2007-07-12,45.52512032129853,45.264835491132004,44.92727527852355
2007-07-13,45.69521229274553,45.52512032129853,45.264835491132004
2007-07-16,45.76916935589539,45.69521229274553,45.52512032129853
2007-07-17,45.75007422051754,45.76916935589539,45.69521229274553
2007-07-18,45.65116519810465,45.75007422051754,45.76916935589539
2007-07-19,45.49515312146438,45.65116519810465,45.75007422051754
2007-07-20,45.31128841861891,45.49515312146438,45.65116519810465
2007-07-23,45.13098454059574,45.31128841861891,45.49515312146438
2007-07-24,44.98151327570917,45.13098454059574,45.31128841861891
2007-07-25,44.87900047945416,44.98151327570917,45.13098454059574
2007-07-26,44.82266214971381,44.87900047945416,44.98151327570917
2007-07-27,44.79404367263205,44.82266214971381,44.87900047945416
2007-07-30,44.76413865990004,44.79404367263205,44.82266214971381
2007-07-31,44.70774967393191,44.76413865990004,44.79404367263205
2007-08-01,44.61774426210906,44.70774967393191,44.76413865990004
2007-08-02,44.50974274988991,44.61774426210906,44.70774967393191
2007-08-03,44.41341415965419,44.50974274988991,44.61774426210906
2007-08-06,44.35409781731497,44.41341415965419,44.50974274988991
2007-08-07,44.33753089446532,44.35409781731497,44.41341415965419
2007-08-08,44.348441135767544,44.33753089446532,44.35409781731497
2007-08-09,44.36421779083092,44.348441135767544,44.33753089446532
2007-08-10,44.374568158483044,44.36421779083092,44.348441135767544
2007-08-13,44.394599833435706,44.374568158483044,44.36421779083092
2007-08-14,44.46272308273687,44.394599833435706,44.374568158483044
2007-08-15,44.62537288836323,44.46272308273687,44.394599833435706
2007-08-16,44.915724034148326,44.62537288836323,44.46272308273687
2007-08-17,45.33713776126645,44.915724034148326,44.62537288836323
2007-08-20,45.858905834380515,45.33713776126645,44.915724034148326
2007-08-21,46.42673547837488,45.858905834380515,45.33713776126645
2007-08-22,46.98416116448944,46.42673547837488,45.858905834380515
2007-08-23,47.49394610029431,46.98416116448944,46.42673547837488
2007-08-24,47.95119901979825,47.49394610029431,46.98416116448944
2007-08-27,48.377466425352225,47.95119901979825,47.49394610029431
2007-08-28,48.79870241547238,48.377466425352225,47.95119901979825
2007-08-29,49.21431768906929,48.79870241547238,48.377466425352225
2007-08-30,49.570660233824455,49.21431768906929,48.79870241547238
2007-08-31,49.7522510364985,49.570660233824455,49.21431768906929
2007-09-04,49.59969206009244,49.7522510364985,49.570660233824455
2007-09-05,48.95352375714466,49.59969206009244,49.7522510364985
2007-09-06,47.7139865500199,48.95352375714466,49.59969206009244
2007-09-07,45.89516683697737,47.7139865500199,48.95352375714466
2007-09-10,43.64768453916035,45.89516683697737,47.7139865500199
2007-09-11,41.23282885807722,43.64768453916035,45.89516683697737
2007-09-12,38.951639823982575,41.23282885807722,43.64768453916035
2007-09-13,37.0579725984491,38.951639823982575,41.23282885807722
2007-09-14,35.69402029606611,37.0579725984491,38.951639823982575
2007-09-17,34.874326214155616,35.69402029606611,37.0579725984491
2007-09-18,34.516205024480215,34.874326214155616,35.69402029606611
2007-09-19,34.49302190862061,34.516205024480215,34.874326214155616
2007-09-20,34.68079903130779,34.49302190862061,34.516205024480215
2007-09-21,34.98288469346042,34.68079903130779,34.49302190862061
2007-09-24,35.3324973150326,34.98288469346042,34.68079903130779
2007-09-25,35.68401269075082,35.3324973150326,34.98288469346042
2007-09-26,36.004543000235344,35.68401269075082,35.3324973150326
2007-09-27,36.27035895448289,36.004543000235344,35.68401269075082
2007-09-28,36.46843356348298,36.27035895448289,36.004543000235344
2007-10-01,36.5976816968906,36.46843356348298,36.27035895448289
2007-10-02,36.6686671378977,36.5976816968906,36.46843356348298
2007-10-03,36.69816419779082,36.6686671378977,36.5976816968906
2007-10-04,36.70254336401078,36.69816419779082,36.6686671378977
2007-10-05,36.693734254214405,36.70254336401078,36.69816419779082
2007-10-08,36.68141029738788,36.693734254214405,36.70254336401078
2007-10-09,36.67896861567196,36.68141029738788,36.693734254214405
2007-10-10,36.707884783759354,36.67896861567196,36.68141029738788
2007-10-11,36.79359809401231,36.707884783759354,36.67896861567196
2007-10-12,36.9533180413831,36.79359809401231,36.707884783759354
2007-10-15,37.18180508359351,36.9533180413831,36.79359809401231
2007-10-16,37.44442630363653,37.18180508359351,36.9533180413831
2007-10-17,37.68230461191471,37.44442630363653,37.18180508359351
2007-10-18,37.82779390317926,37.68230461191471,37.44442630363653
2007-10-19,37.82459432003231,37.82779390317926,37.68230461191471
2007-10-22,37.64536990745147,37.82459432003231,37.82779390317926
2007-10-23,37.302983611303716,37.64536990745147,37.82459432003231
2007-10-24,36.85154521802525,37.302983611303716,37.64536990745147
2007-10-25,36.37452496902746,36.85154521802525,37.302983611303716
2007-10-26,35.96172402968174,36.37452496902746,36.85154521802525
2007-10-29,35.68076976219666,35.96172402968174,36.37452496902746
2007-10-30,35.55488935946055,35.68076976219666,35.96172402968174
2007-10-31,35.55496013225377,35.55488935946055,35.68076976219666
2007-11-01,35.60894846267187,35.55496013225377,35.55488935946055
2007-11-02,35.624880602577676,35.60894846267187,35.55496013225377
2007-11-05,35.519605552255626,35.624880602577676,35.60894846267187
2007-11-06,35.24492085812075,35.519605552255626,35.624880602577676
2007-11-07,34.80178054619428,35.24492085812075,35.519605552255626
2007-11-08,34.23717750860218,34.80178054619428,35.24492085812075
2007-11-09,33.62389979813956,34.23717750860218,34.80178054619428
2007-11-12,33.031641229946096,33.62389979813956,34.23717750860218
2007-11-13,32.50397771827627,33.031641229946096,33.62389979813956
2007-11-14,32.05203443543299,32.50397771827627,33.031641229946096
2007-11-15,31.666018513702483,32.05203443543299,32.50397771827627
2007-11-16,31.335301691971534,31.666018513702483,32.05203443543299
2007-11-19,31.064000982480565,31.335301691971534,31.666018513702483
2007-11-20,30.87315583799407,31.064000982480565,31.335301691971534
2007-11-21,30.78985267254803,30.87315583799407,31.064000982480565
2007-11-23,30.83094362330132,30.78985267254803,30.87315583799407
2007-11-26,30.99140120893555,30.83094362330132,30.78985267254803
2007-11-27,31.24414915746718,30.99140120893555,30.83094362330132
2007-11-28,31.551195291608426,31.24414915746718,30.99140120893555
2007-11-29,31.87909371454645,31.551195291608426,31.24414915746718
2007-11-30,32.20974361970786,31.87909371454645,31.551195291608426
2007-12-03,32.53985049575286,32.20974361970786,31.87909371454645
2007-12-04,32.8721679662257,32.53985049575286,32.20974361970786
2007-12-05,33.20469152635495,32.8721679662257,32.53985049575286
2007-12-06,33.52597759436743,33.20469152635495,32.8721679662257
2007-12-07,33.817747041943534,33.52597759436743,33.20469152635495
2007-12-10,34.06151456665558,33.817747041943534,33.52597759436743
2007-12-11,34.245729120777135,34.06151456665558,33.817747041943534
2007-12-12,34.37037686102495,34.245729120777135,34.06151456665558
2007-12-13,34.448612476906966,34.37037686102495,34.245729120777135
2007-12-14,34.504076283330555,34.448612476906966,34.37037686102495
2007-12-17,34.563343253246096,34.504076283330555,34.448612476906966
2007-12-18,34.64501611666613,34.563343253246096,34.504076283330555
2007-12-19,34.74964993981587,34.64501611666613,34.563343253246096
2007-12-20,34.85522492665439,34.74964993981587,34.64501611666613
2007-12-21,34.92078200840742,34.85522492665439,34.74964993981587
2007-12-24,34.896271169391476,34.92078200840742,34.85522492665439
2007-12-26,34.734810734741195,34.896271169391476,34.92078200840742
2007-12-27,34.40281441084328,34.734810734741195,34.896271169391476
2007-12-28,33.88723122454403,34.40281441084328,34.734810734741195
2007-12-31,33.19988449149222,33.88723122454403,34.40281441084328
2008-01-02,32.37879388721855,33.19988449149222,33.88723122454403
2008-01-03,31.484625682071844,32.37879388721855,33.19988449149222
2008-01-04,30.58932923074776,31.484625682071844,32.37879388721855
2008-01-07,29.757237139865445,30.58932923074776,31.484625682071844
2008-01-08,29.02474853328829,29.757237139865445,30.58932923074776
2008-01-09,28.390149509079475,29.02474853328829,29.757237139865445
2008-01-10,27.820251231420517,28.390149509079475,29.02474853328829
2008-01-11,27.272481513398933,27.820251231420517,28.390149509079475
2008-01-14,26.720950644438847,27.272481513398933,27.820251231420517
2008-01-15,26.172527671251864,26.720950644438847,27.272481513398933
2008-01-16,25.664231847108553,26.172527671251864,26.720950644438847
2008-01-17,25.24492290165934,25.664231847108553,26.172527671251864
2008-01-18,24.95219124022764,25.24492290165934,25.664231847108553
2008-01-22,24.796716732317716,24.95219124022764,25.24492290165934
2008-01-23,24.760916029598306,24.796716732317716,24.95219124022764
2008-01-24,24.809532655191184,24.760916029598306,24.796716732317716
2008-01-25,24.90390829507523,24.809532655191184,24.760916029598306
2008-01-28,25.01204809121705,24.90390829507523,24.809532655191184
2008-01-29,25.111170225611197,25.01204809121705,24.90390829507523
2008-01-30,25.185648924714833,25.111170225611197,25.01204809121705
2008-01-31,25.22477001801503,25.185648924714833,25.111170225611197
2008-02-01,25.224097338172204,25.22477001801503,25.185648924714833
2008-02-04,25.1883280485167,25.224097338172204,25.22477001801503
2008-02-05,25.130201312214215,25.1883280485167,25.224097338172204
2008-02-06,25.062649096705147,25.130201312214215,25.1883280485167
2008-02-07,24.987130677319364,25.062649096705147,25.130201312214215
2008-02-08,24.886103804055292,24.987130677319364,25.062649096705147
2008-02-11,24.727124338392475,24.886103804055292,24.987130677319364
2008-02-12,24.479454756926334,24.727124338392475,24.886103804055292
2008-02-13,24.13417351311021,24.479454756926334,24.727124338392475
2008-02-14,23.715419735348924,24.13417351311021,24.479454756926334
2008-02-15,23.275356831702414,23.715419735348924,24.13417351311021
2008-02-19,22.87460947482266,23.275356831702414,23.715419735348924
2008-02-20,22.558859728172536,22.87460947482266,23.275356831702414
2008-02-21,22.343092770494394,22.558859728172536,22.87460947482266
2008-02-22,22.210026912262922,22.343092770494394,22.558859728172536
2008-02-25,22.12037580034295,22.210026912262922,22.343092770494394
2008-02-26,22.029200845758034,22.12037580034295,22.210026912262922
2008-02-27,21.90018867294296,22.029200845758034,22.12037580034295
2008-02-28,21.71332923284109,21.90018867294296,22.029200845758034
2008-02-29,21.464943474359284,21.71332923284109,21.90018867294296
2008-03-03,21.16287689688286,21.464943474359284,21.71332923284109
2008-03-04,20.821583140390242,21.16287689688286,21.464943474359284
2008-03-05,20.459197927584636,20.821583140390242,21.16287689688286
2008-03-06,20.096101775382778,20.459197927584636,20.821583140390242
2008-03-07,19.753396310250572,20.096101775382778,20.459197927584636
2008-03-10,19.449267112038513,19.753396310250572,20.096101775382778
2008-03-11,19.19547085107072,19.449267112038513,19.753396310250572
2008-03-12,18.996702659282263,19.19547085107072,19.449267112038513
2008-03-13,18.85403531976409,18.996702659282263,19.19547085107072
2008-03-14,18.7693855440683,18.85403531976409,18.996702659282263
2008-03-17,18.747324497726154,18.7693855440683,18.85403531976409
2008-03-18,18.79166793098738,18.747324497726154,18.7693855440683
2008-03-19,18.899284921255884,18.79166793098738,18.747324497726154
2008-03-20,19.05599915713241,18.899284921255884,18.79166793098738
2008-03-24,19.238501635205907,19.05599915713241,18.899284921255884
2008-03-25,19.421321564455553,19.238501635205907,19.05599915713241
2008-03-26,19.584080552786048,19.421321564455553,19.238501635205907
2008-03-27,19.714201482782087,19.584080552786048,19.421321564455553
2008-03-28,19.80453557430363,19.714201482782087,19.584080552786048
2008-03-31,19.849616032137668,19.80453557430363,19.714201482782087
2008-04-01,19.84520952473259,19.849616032137668,19.80453557430363
2008-04-02,19.79138216254806,19.84520952473259,19.849616032137668
2008-04-03,19.695538920363102,19.79138216254806,19.84520952473259
2008-04-04,19.57105406166614,19.695538920363102,19.79138216254806
2008-04-07,19.432306275725434,19.57105406166614,19.695538920363102
2008-04-08,19.289903642208536,19.432306275725434,19.57105406166614
2008-04-09,19.150593787105905,19.289903642208536,19.432306275725434
2008-04-10,19.021904742682636,19.150593787105905,19.289903642208536
2008-04-11,18.916774035261575,19.021904742682636,19.150593787105905
2008-04-14,18.853292789942067,18.916774035261575,19.021904742682636
2008-04-15,18.848872318692866,18.853292789942067,18.916774035261575
2008-04-16,18.91240059645905,18.848872318692866,18.853292789942067
2008-04-17,19.039433987446337,18.91240059645905,18.848872318692866
2008-04-18,19.21337568080068,19.039433987446337,18.91240059645905
2008-04-21,19.41176120237129,19.21337568080068,19.039433987446337
2008-04-22,19.61467819355442,19.41176120237129,19.21337568080068
2008-04-23,19.811910050985986,19.61467819355442,19.41176120237129
2008-04-24,20.005712856382726,19.811910050985986,19.61467819355442
2008-04-25,20.208241377731667,20.005712856382726,19.811910050985986
2008-04-28,20.43393750325616,20.208241377731667,20.005712856382726
2008-04-29,20.690307082012524,20.43393750325616,20.208241377731667
2008-04-30,20.97143484477936,20.690307082012524,20.43393750325616
2008-05-01,21.25792243245832,20.97143484477936,20.690307082012524
2008-05-02,21.52377169989859,21.25792243245832,20.97143484477936
2008-05-05,21.746765139543765,21.52377169989859,21.25792243245832
2008-05-06,21.917520976191277,21.746765139543765,21.52377169989859
2008-05-07,22.043265891845117,21.917520976191277,21.746765139543765
2008-05-08,22.145478694531032,22.043265891845117,21.917520976191277
2008-05-09,22.25216593819879,22.145478694531032,22.043265891845117
2008-05-12,22.38730861867926,22.25216593819879,22.145478694531032
2008-05-13,22.56114041910523,22.38730861867926,22.25216593819879
2008-05-14,22.76495431973146,22.56114041910523,22.38730861867926
2008-05-15,22.974273120172917,22.76495431973146,22.56114041910523
2008-05-16,23.15967869363735,22.974273120172917,22.76495431973146
2008-05-19,23.300304060456014,23.15967869363735,22.974273120172917
2008-05-20,23.392752230567094,23.300304060456014,23.15967869363735
2008-05-21,23.45124973837875,23.392752230567094,23.300304060456014
2008-05-22,23.499729241961262,23.45124973837875,23.392752230567094
2008-05-23,23.560908905099232,23.499729241961262,23.45124973837875
2008-05-27,23.647517987308536,23.560908905099232,23.499729241961262
2008-05-28,23.75800510139532,23.647517987308536,23.560908905099232
2008-05-29,23.877217114588824,23.75800510139532,23.647517987308536
2008-05-30,23.980453489672804,23.877217114588824,23.75800510139532
2008-06-02,24.038979827634858,23.980453489672804,23.877217114588824
2008-06-03,24.025607975673637,24.038979827634858,23.980453489672804
2008-06-04,23.919562673233543,24.025607975673637,24.038979827634858
2008-06-05,23.710819332673296,23.919562673233543,24.025607975673637
2008-06-06,23.40353799433909,23.710819332673296,23.919562673233543
2008-06-09,23.016922898629623,23.40353799433909,23.710819332673296
2008-06-10,22.581689792605086,23.016922898629623,23.40353799433909
2008-06-11,22.13230693968994,22.581689792605086,23.016922898629623
2008-06-12,21.69811927413528,22.13230693968994,22.581689792605086
2008-06-13,21.29795759838017,21.69811927413528,22.13230693968994
2008-06-16,20.940326732794997,21.29795759838017,21.69811927413528
2008-06-17,20.627113926858677,20.940326732794997,21.29795759838017
2008-06-18,20.357312955631123,20.627113926858677,20.940326732794997
2008-06-19,20.12702674972207,20.357312955631123,20.627113926858677
2008-06-20,19.926464219740154,20.12702674972207,20.357312955631123
2008-06-23,19.736320889028114,19.926464219740154,20.12702674972207
2008-06-24,19.52615875198609,19.736320889028114,19.926464219740154
2008-06-25,19.256016734266122,19.52615875198609,19.736320889028114
2008-06-26,18.88173368226292,19.256016734266122,19.52615875198609
2008-06-27,18.364343607784356,18.88173368226292,19.256016734266122
2008-06-30,17.68285401960578,18.364343607784356,18.88173368226292
2008-07-01,16.8471431137094,17.68285401960578,18.364343607784356
2008-07-02,15.904123957044444,16.8471431137094,17.68285401960578
2008-07-03,14.930718007113938,15.904123957044444,16.8471431137094
2008-07-07,14.013613883763032,14.930718007113938,15.904123957044444
2008-07-08,13.224119422702348,14.013613883763032,14.930718007113938
2008-07-09,12.600603595308858,13.224119422702348,14.013613883763032
2008-07-10,12.145836872688758,12.600603595308858,13.224119422702348
2008-07-11,11.837455607133853,12.145836872688758,12.600603595308858
2008-07-14,11.64281802620158,11.837455607133853,12.145836872688758
2008-07-15,11.530234260584862,11.64281802620158,11.837455607133853
2008-07-16,11.47348517681261,11.530234260584862,11.64281802620158
2008-07-17,11.451888058339165,11.47348517681261,11.530234260584862
2008-07-18,11.449391518324003,11.451888058339165,11.47348517681261
2008-07-21,11.454196887387909,11.449391518324003,11.451888058339165
2008-07-22,11.458847898774357,11.454196887387909,11.449391518324003
2008-07-23,11.459466813289726,11.458847898774357,11.454196887387909
2008-07-24,11.453744501265616,11.459466813289726,11.458847898774357
2008-07-25,11.439372433398251,11.453744501265616,11.459466813289726
2008-07-28,11.413666430219862,11.439372433398251,11.453744501265616
2008-07-29,11.375253328656175,11.413666430219862,11.439372433398251
2008-07-30,11.32662480267255,11.375253328656175,11.413666430219862
2008-07-31,11.275341390391532,11.32662480267255,11.375253328656175
2008-08-01,11.23255987694445,11.275341390391532,11.32662480267255
2008-08-04,11.209910517856335,11.23255987694445,11.275341390391532
2008-08-05,11.216898212565074,11.209910517856335,11.23255987694445
2008-08-06,11.26078107481515,11.216898212565074,11.209910517856335
2008-08-07,11.348012618542336,11.26078107481515,11.216898212565074
2008-08-08,11.484778404350479,11.348012618542336,11.26078107481515
2008-08-11,11.674717393888809,11.484778404350479,11.348012618542336
2008-08-12,11.914719422364524,11.674717393888809,11.484778404350479
2008-08-13,12.19178050613894,11.914719422364524,11.674717393888809
2008-08-14,12.483800061455803,12.19178050613894,11.914719422364524
2008-08-15,12.764002827176371,12.483800061455803,12.19178050613894
2008-08-18,13.006933982230036,12.764002827176371,12.483800061455803
2008-08-19,13.193179092508831,13.006933982230036,12.764002827176371
2008-08-20,13.311633222309217,13.193179092508831,13.006933982230036
2008-08-21,13.35942130095981,13.311633222309217,13.193179092508831
2008-08-22,13.340127290528379,13.35942130095981,13.311633222309217
2008-08-25,13.261029163469939,13.340127290528379,13.35942130095981
2008-08-26,13.130385178206431,13.261029163469939,13.340127290528379
2008-08-27,12.955849058102704,13.130385178206431,13.261029163469939
2008-08-28,12.744694590446578,12.955849058102704,13.130385178206431
2008-08-29,12.504922757161987,12.744694590446578,12.955849058102704
2008-09-02,12.245806595976736,12.504922757161987,12.744694590446578
2008-09-03,11.976963616859452,12.245806595976736,12.504922757161987
2008-09-04,11.706398703834088,11.976963616859452,12.245806595976736
2008-09-05,11.439385553155397,11.706398703834088,11.976963616859452
2008-09-08,11.179592703438743,11.439385553155397,11.706398703834088
2008-09-09,10.932184696058876,11.179592703438743,11.439385553155397
2008-09-10,10.707272917815192,10.932184696058876,11.179592703438743
2008-09-11,10.52095156819877,10.707272917815192,10.932184696058876
2008-09-12,10.392596320050806,10.52095156819877,10.707272917815192
2008-09-15,10.338127640976161,10.392596320050806,10.52095156819877
2008-09-16,10.362426203989074,10.338127640976161,10.392596320050806
2008-09-17,10.454797477513663,10.362426203989074,10.338127640976161
2008-09-18,10.590142837171118,10.454797477513663,10.362426203989074
2008-09-19,10.735538499553819,10.590142837171118,10.454797477513663
2008-09-22,10.858447040821405,10.735538499553819,10.590142837171118
2008-09-23,10.932445005904531,10.858447040821405,10.735538499553819
2008-09-24,10.939009327024912,10.932445005904531,10.858447040821405
2008-09-25,10.86651892442373,10.939009327024912,10.932445005904531
2008-09-26,10.708792273802985,10.86651892442373,10.939009327024912
2008-09-29,10.464989633312449,10.708792273802985,10.86651892442373
2008-09-30,10.140860270702465,10.464989633312449,10.708792273802985
2008-10-01,9.750409694546505,10.140860270702465,10.464989633312449
2008-10-02,9.317161298663393,9.750409694546505,10.140860270702465
2008-10-03,8.873190110874013,9.317161298663393,9.750409694546505
2008-10-06,8.455120494215162,8.873190110874013,9.317161298663393
2008-10-07,8.096962030468209,8.455120494215162,8.873190110874013
2008-10-08,7.822152295936703,8.096962030468209,8.455120494215162
2008-10-09,7.637875047722158,7.822152295936703,8.096962030468209
2008-10-10,7.534281053917809,7.637875047722158,7.822152295936703
2008-10-13,7.488826332098093,7.534281053917809,7.637875047722158
2008-10-14,7.473772499610828,7.488826332098093,7.534281053917809
2008-10-15,7.46365291586768,7.473772499610828,7.488826332098093
2008-10-16,7.440830464380688,7.46365291586768,7.473772499610828
2008-10-17,7.398689864751303,7.440830464380688,7.46365291586768
2008-10-20,7.343023139447456,7.398689864751303,7.440830464380688
2008-10-21,7.29103557207131,7.343023139447456,7.398689864751303
2008-10-22,7.267134679015997,7.29103557207131,7.343023139447456
2008-10-23,7.295006464909625,7.267134679015997,7.29103557207131
2008-10-24,7.3883167363006095,7.295006464909625,7.267134679015997
2008-10-27,7.543998166282541,7.3883167363006095,7.295006464909625
2008-10-28,7.741705723052331,7.543998166282541,7.3883167363006095
2008-10-29,7.9497544580339135,7.741705723052331,7.543998166282541
2008-10-30,8.13500599191827,7.9497544580339135,7.741705723052331
2008-10-31,8.271952083413659,8.13500599191827,7.9497544580339135
2008-11-03,8.347541160884983,8.271952083413659,8.13500599191827
2008-11-04,8.36099832395608,8.347541160884983,8.271952083413659
2008-11-05,8.320007748602617,8.36099832395608,8.347541160884983
2008-11-06,8.235500085718805,8.320007748602617,8.36099832395608
2008-11-07,8.117582697888396,8.235500085718805,8.320007748602617
2008-11-10,7.973584163342881,8.117582697888396,8.235500085718805
2008-11-11,7.808273259877645,7.973584163342881,8.117582697888396
2008-11-12,7.62555590344307,7.808273259877645,7.973584163342881
2008-11-13,7.430950393648217,7.62555590344307,7.808273259877645
2008-11-14,7.233918388037621,7.430950393648217,7.62555590344307
2008-11-17,7.049125532816084,7.233918388037621,7.430950393648217
2008-11-18,6.895256998554246,7.049125532816084,7.233918388037621
2008-11-19,6.790718268106509,6.895256998554246,7.049125532816084
2008-11-20,6.747450834463469,6.790718268106509,6.895256998554246
2008-11-21,6.76564470801157,6.747450834463469,6.790718268106509
2008-11-24,6.8326753571748,6.76564470801157,6.747450834463469
2008-11-25,6.927380922003608,6.8326753571748,6.76564470801157
2008-11-26,7.027814178861147,6.927380922003608,6.8326753571748
2008-11-28,7.118950968162557,7.027814178861147,6.927380922003608
2008-12-01,7.196517659642208,7.118950968162557,7.027814178861147
2008-12-02,7.266351619872009,7.196517659642208,7.118950968162557
2008-12-03,7.3403899266830415,7.266351619872009,7.196517659642208
2008-12-04,7.431381050973887,7.3403899266830415,7.266351619872009
2008-12-05,7.54807766216255,7.431381050973887,7.3403899266830415
2008-12-08,7.69210597138741,7.54807766216255,7.431381050973887
2008-12-09,7.857043467869317,7.69210597138741,7.54807766216255
2008-12-10,8.029887267822621,7.857043467869317,7.69210597138741
2008-12-11,8.194080377305449,8.029887267822621,7.857043467869317
2008-12-12,8.332751056963643,8.194080377305449,8.029887267822621
2008-12-15,8.431248169594454,8.332751056963643,8.194080377305449
2008-12-16,8.479137540870033,8.431248169594454,8.332751056963643
2008-12-17,8.472421462603524,8.479137540870033,8.431248169594454
2008-12-18,8.415603638241302,8.472421462603524,8.479137540870033
2008-12-19,8.322603734486181,8.415603638241302,8.472421462603524
2008-12-22,8.215138720525452,8.322603734486181,8.415603638241302
2008-12-23,8.118417655941998,8.215138720525452,8.322603734486181
2008-12-24,8.055298651144994,8.118417655941998,8.215138720525452
2008-12-26,8.04068792361415,8.055298651144994,8.118417655941998
2008-12-29,8.077538960619185,8.04068792361415,8.055298651144994
2008-12-30,8.155536381754565,8.077538960619185,8.04068792361415
2008-12-31,8.25289760335184,8.155536381754565,8.077538960619185
2009-01-02,8.341475315214936,8.25289760335184,8.155536381754565
2009-01-05,8.394148892649717,8.341475315214936,8.25289760335184
2009-01-06,8.392478894111349,8.394148892649717,8.341475315214936
2009-01-07,8.331990808231716,8.392478894111349,8.394148892649717
2009-01-08,8.222885110263151,8.331990808231716,8.392478894111349
2009-01-09,8.085843553900162,8.222885110263151,8.331990808231716
2009-01-12,7.944953024150667,8.085843553900162,8.222885110263151
2009-01-13,7.820738014033557,7.944953024150667,8.085843553900162
2009-01-14,7.726253102257521,7.820738014033557,7.944953024150667
2009-01-15,7.6670902165848345,7.726253102257521,7.820738014033557
2009-01-16,7.644213252871541,7.6670902165848345,7.726253102257521
2009-01-20,7.65696623394226,7.644213252871541,7.6670902165848345
2009-01-21,7.70402139348465,7.65696623394226,7.644213252871541
2009-01-22,7.782034866997057,7.70402139348465,7.65696623394226
2009-01-23,7.883914697104174,7.782034866997057,7.70402139348465
2009-01-26,7.999035328209516,7.883914697104174,7.782034866997057
2009-01-27,8.116645939923346,7.999035328209516,7.883914697104174
2009-01-28,8.230510835025708,8.116645939923346,7.999035328209516
2009-01-29,8.341696048370896,8.230510835025708,8.116645939923346
2009-01-30,8.4566675531204,8.341696048370896,8.230510835025708
2009-02-02,8.580927403910556,8.4566675531204,8.341696048370896
2009-02-03,8.711783044299343,8.580927403910556,8.4566675531204
2009-02-04,8.834602527379209,8.711783044299343,8.580927403910556
2009-02-05,8.925740929278756,8.834602527379209,8.711783044299343
2009-02-06,8.961018575614169,8.925740929278756,8.834602527379209
2009-02-09,8.925673450676973,8.961018575614169,8.925740929278756
2009-02-10,8.820618665214095,8.925673450676973,8.961018575614169
2009-02-11,8.661845182343779,8.820618665214095,8.925673450676973
2009-02-12,8.47430974755219,8.661845182343779,8.820618665214095
2009-02-13,8.284068542119856,8.47430974755219,8.661845182343779
2009-02-17,8.112727284689399,8.284068542119856,8.47430974755219
2009-02-18,7.975472670328784,8.112727284689399,8.284068542119856
2009-02-19,7.881117197567212,7.975472670328784,8.112727284689399
2009-02-20,7.832370100344175,7.881117197567212,7.975472670328784
2009-02-23,7.825682492459805,7.832370100344175,7.881117197567212
2009-02-24,7.851965836563041,7.825682492459805,7.832370100344175
2009-02-25,7.899330017968592,7.851965836563041,7.825682492459805
2009-02-26,7.957444128920239,7.899330017968592,7.851965836563041
2009-02-27,8.021387604451464,7.957444128920239,7.899330017968592
2009-03-02,8.09283389054662,8.021387604451464,7.957444128920239
2009-03-03,8.178264437506176,8.09283389054662,8.021387604451464
2009-03-04,8.285428549462502,8.178264437506176,8.09283389054662
2009-03-05,8.420013030892873,8.285428549462502,8.178264437506176
2009-03-06,8.583114353325696,8.420013030892873,8.285428549462502
2009-03-09,8.77011673525531,8.583114353325696,8.420013030892873
2009-03-10,8.970952871650088,8.77011673525531,8.583114353325696
2009-03-11,9.171955207603807,8.970952871650088,8.77011673525531
2009-03-12,9.359236580097066,9.171955207603807,8.970952871650088
2009-03-13,9.522107667620293,9.359236580097066,9.171955207603807
2009-03-16,9.655190094287263,9.522107667620293,9.359236580097066
2009-03-17,9.758531711075904,9.655190094287263,9.522107667620293
2009-03-18,9.836429597173968,9.758531711075904,9.655190094287263
2009-03-19,9.895683512042405,9.836429597173968,9.758531711075904
2009-03-20,9.943759210845679,9.895683512042405,9.836429597173968
2009-03-23,9.98711668947765,9.943759210845679,9.895683512042405
2009-03-24,10.030100091826448,9.98711668947765,9.943759210845679
2009-03-25,10.075351222922796,10.030100091826448,9.98711668947765
2009-03-26,10.125982907725959,10.075351222922796,10.030100091826448
2009-03-27,10.187728141452983,10.125982907725959,10.075351222922796
2009-03-30,10.269101714324508,10.187728141452983,10.125982907725959
2009-03-31,10.378296306776308,10.269101714324508,10.187728141452983
2009-04-01,10.518591235584049,10.378296306776308,10.269101714324508
2009-04-02,10.685284022231238,10.518591235584049,10.378296306776308
2009-04-03,10.866245598053837,10.685284022231238,10.518591235584049
2009-04-06,11.04563208455317,10.866245598053837,10.685284022231238
2009-04-07,11.20824957462227,11.04563208455317,10.866245598053837
2009-04-08,11.342378034020122,11.20824957462227,11.04563208455317
2009-04-09,11.440746981485372,11.342378034020122,11.20824957462227
2009-04-13,11.500470882984029,11.440746981485372,11.342378034020122
2009-04-14,11.52269216443898,11.500470882984029,11.440746981485372
2009-04-15,11.512227930960595,11.52269216443898,11.500470882984029
2009-04-16,11.47693802838477,11.512227930960595,11.52269216443898
2009-04-17,11.426502041478072,11.47693802838477,11.512227930960595
2009-04-20,11.370920006521375,11.426502041478072,11.47693802838477
2009-04-21,11.318981065457045,11.370920006521375,11.426502041478072
2009-04-22,11.277364956607624,11.318981065457045,11.370920006521375
2009-04-23,11.250847382562286,11.277364956607624,11.318981065457045
2009-04-24,11.242825924466711,11.250847382562286,11.277364956607624
2009-04-27,11.254924943046353,11.242825924466711,11.250847382562286
2009-04-28,11.284533245942226,11.254924943046353,11.242825924466711
2009-04-29,11.32103209623065,11.284533245942226,11.254924943046353
2009-04-30,11.343510019907763,11.32103209623065,11.284533245942226
2009-05-01,11.323017853653319,11.343510019907763,11.32103209623065
2009-05-04,11.23047786178963,11.323017853653319,11.343510019907763
2009-05-05,11.047471012815684,11.23047786178963,11.323017853653319
2009-05-06,10.775219316232953,11.047471012815684,11.23047786178963
2009-05-07,10.437160698068283,10.775219316232953,11.047471012815684
2009-05-08,10.073777397219445,10.437160698068283,10.775219316232953
2009-05-11,9.732106102293205,10.073777397219445,10.437160698068283
2009-05-12,9.454050235673012,9.732106102293205,10.073777397219445
2009-05-13,9.26753515381362,9.454050235673012,9.732106102293205
2009-05-14,9.182562168747577,9.26753515381362,9.454050235673012
2009-05-15,9.19228041976571,9.182562168747577,9.26753515381362
2009-05-18,9.277984860306043,9.19228041976571,9.182562168747577
2009-05-19,9.41579771647994,9.277984860306043,9.19228041976571
2009-05-20,9.58290518561726,9.41579771647994,9.277984860306043
2009-05-21,9.761280487817194,9.58290518561726,9.41579771647994
2009-05-22,9.938503761943508,9.761280487817194,9.58290518561726
2009-05-26,10.106534632165227,9.938503761943508,9.761280487817194
2009-05-27,10.260220408906445,10.106534632165227,9.938503761943508
2009-05-28,10.396488639392025,10.260220408906445,10.106534632165227
2009-05-29,10.514534465801894,10.396488639392025,10.260220408906445
2009-06-01,10.616529823664074,10.514534465801894,10.396488639392025
2009-06-02,10.707648826305075,10.616529823664074,10.514534465801894
2009-06-03,10.794980682971968,10.707648826305075,10.616529823664074
2009-06-04,10.884953169339727,10.794980682971968,10.707648826305075
2009-06-05,10.980149715340211,10.884953169339727,10.794980682971968
2009-06-08,11.077059404562632,10.980149715340211,10.884953169339727
2009-06-09,11.16632056335181,11.077059404562632,10.980149715340211
2009-06-10,11.235851906125182,11.16632056335181,11.077059404562632
2009-06-11,11.275489929756318,11.235851906125182,11.16632056335181
2009-06-12,11.280833972386901,11.275489929756318,11.235851906125182
2009-06-15,11.254605165440221,11.280833972386901,11.275489929756318
2009-06-16,11.205417510322535,11.254605165440221,11.280833972386901
2009-06-17,11.145507616025242,11.205417510322535,11.254605165440221
2009-06-18,11.088503063594924,11.145507616025242,11.205417510322535
2009-06-19,11.047400069911363,11.088503063594924,11.145507616025242
2009-06-22,11.031785132827775,11.047400069911363,11.088503063594924
2009-06-23,11.044339510451927,11.031785132827775,11.047400069911363
2009-06-24,11.078156535286096,11.044339510451927,11.031785132827775
2009-06-25,11.117017867126263,11.078156535286096,11.044339510451927
2009-06-26,11.139809819660352,11.117017867126263,11.078156535286096
2009-06-29,11.12771688455643,11.139809819660352,11.117017867126263
2009-06-30,11.071131952065604,11.12771688455643,11.139809819660352
2009-07-01,10.973508490867326,11.071131952065604,11.12771688455643
2009-07-02,10.850886831948777,10.973508490867326,11.071131952065604
2009-07-06,10.72767580060323,10.850886831948777,10.973508490867326
2009-07-07,10.63044679406362,10.72767580060323,10.850886831948777
2009-07-08,10.581912916436163,10.63044679406362,10.72767580060323
2009-07-09,10.596729131175755,10.581912916436163,10.63044679406362
2009-07-10,10.679764962822066,10.596729131175755,10.581912916436163
2009-07-13,10.826411893268391,10.679764962822066,10.596729131175755
2009-07-14,11.024426738450464,10.826411893268391,10.679764962822066
2009-07-15,11.256715614769773,11.024426738450464,10.826411893268391
2009-07-16,11.504885296301467,11.256715614769773,11.024426738450464
2009-07-17,11.7527180240648,11.504885296301467,11.256715614769773
2009-07-20,11.988403779846971,11.7527180240648,11.504885296301467
2009-07-21,12.204559365310558,11.988403779846971,11.7527180240648
2009-07-22,12.396689192365404,12.204559365310558,11.988403779846971
2009-07-23,12.561606126742197,12.396689192365404,12.204559365310558
2009-07-24,12.697564462089117,12.561606126742197,12.396689192365404
2009-07-27,12.805678853241925,12.697564462089117,12.561606126742197
2009-07-28,12.890976399061325,12.805678853241925,12.697564462089117
2009-07-29,12.961457333818977,12.890976399061325,12.805678853241925
2009-07-30,13.025208301033683,12.961457333818977,12.890976399061325
2009-07-31,13.087253206618291,13.025208301033683,12.961457333818977
2009-08-03,13.148013469814167,13.087253206618291,13.025208301033683
2009-08-04,13.2043635706729,13.148013469814167,13.087253206618291
2009-08-05,13.252228992990347,13.2043635706729,13.148013469814167
2009-08-06,13.289088711328958,13.252228992990347,13.2043635706729
2009-08-07,13.315033490626227,13.289088711328958,13.252228992990347
2009-08-10,13.332097499544556,13.315033490626227,13.289088711328958
2009-08-11,13.342994899414345,13.332097499544556,13.315033490626227
2009-08-12,13.350498396863099,13.342994899414345,13.332097499544556
2009-08-13,13.357849598322602,13.350498396863099,13.342994899414345
2009-08-14,13.369619686887722,13.357849598322602,13.350498396863099
2009-08-17,13.391525330177133,13.369619686887722,13.357849598322602
2009-08-18,13.428764219198621,13.391525330177133,13.369619686887722
2009-08-19,13.484073635512448,13.428764219198621,13.391525330177133
2009-08-20,13.557007579142297,13.484073635512448,13.428764219198621
2009-08-21,13.644995220350022,13.557007579142297,13.484073635512448
2009-08-24,13.744982858237858,13.644995220350022,13.557007579142297
2009-08-25,13.854304210976354,13.744982858237858,13.644995220350022
2009-08-26,13.970701018475483,13.854304210976354,13.744982858237858
2009-08-27,14.092747496485348,13.970701018475483,13.854304210976354
2009-08-28,14.221256805691219,14.092747496485348,13.970701018475483
2009-08-31,14.360965587601376,14.221256805691219,14.092747496485348
2009-09-01,14.520107962427291,14.360965587601376,14.221256805691219
2009-09-02,14.706565535707407,14.520107962427291,14.360965587601376
2009-09-03,14.922054414803624,14.706565535707407,14.520107962427291
2009-09-04,15.157624083163192,14.922054414803624,14.706565535707407
2009-09-08,15.393438999353235,15.157624083163192,14.922054414803624
2009-09-09,15.603196373084664,15.393438999353235,15.157624083163192
2009-09-10,15.761409092425527,15.603196373084664,15.393438999353235
2009-09-11,15.850241924689392,15.761409092425527,15.603196373084664
2009-09-14,15.863702552969428,15.850241924689392,15.761409092425527
2009-09-15,15.808062571359063,15.863702552969428,15.850241924689392
2009-09-16,15.699088434360089,15.808062571359063,15.863702552969428
2009-09-17,15.557111576465985,15.699088434360089,15.808062571359063
2009-09-18,15.401844439672361,15.557111576465985,15.699088434360089
2009-09-21,15.248386195749628,15.401844439672361,15.557111576465985
2009-09-22,15.105535262671964,15.248386195749628,15.401844439672361
2009-09-23,14.97609644610331,15.105535262671964,15.248386195749628
2009-09-24,14.858196571079596,14.97609644610331,15.105535262671964
2009-09-25,14.746986004508601,14.858196571079596,14.97609644610331
2009-09-28,14.636678103886258,14.746986004508601,14.858196571079596
2009-09-29,14.52316678929015,14.636678103886258,14.746986004508601
2009-09-30,14.40661121868866,14.52316678929015,14.636678103886258
2009-10-01,14.292400696475958,14.40661121868866,14.52316678929015
2009-10-02,14.189315507373493,14.292400696475958,14.40661121868866
2009-10-05,14.105473250533464,14.189315507373493,14.292400696475958
2009-10-06,14.044111137345599,14.105473250533464,14.189315507373493
2009-10-07,14.001639764458746,14.044111137345599,14.105473250533464
2009-10-08,13.969017278912812,14.001639764458746,14.044111137345599
2009-10-09,13.935420645006744,13.969017278912812,14.001639764458746
2009-10-12,13.892389923186691,13.935420645006744,13.969017278912812
2009-10-13,13.836453799267144,13.892389923186691,13.935420645006744
2009-10-14,13.76905075669769,13.836453799267144,13.892389923186691
2009-10-15,13.69408526400272,13.76905075669769,13.836453799267144
2009-10-16,13.614316521661351,13.69408526400272,13.76905075669769
2009-10-19,13.528655149972163,13.614316521661351,13.69408526400272
2009-10-20,13.432058387243734,13.528655149972163,13.614316521661351
2009-10-21,13.31797430780128,13.432058387243734,13.528655149972163
2009-10-22,13.182240398355459,13.31797430780128,13.432058387243734
2009-10-23,13.026248168873357,13.182240398355459,13.31797430780128
2009-10-26,12.858062240577503,13.026248168873357,13.182240398355459
2009-10-27,12.69110070682163,12.858062240577503,13.026248168873357
2009-10-28,12.541511454762773,12.69110070682163,12.858062240577503
2009-10-29,12.42536577878804,12.541511454762773,12.69110070682163
2009-10-30,12.356404499902158,12.42536577878804,12.541511454762773
2009-11-02,12.344211701051927,12.356404499902158,12.42536577878804
2009-11-03,12.39229377439576,12.344211701051927,12.356404499902158
2009-11-04,12.496306905169043,12.39229377439576,12.344211701051927
2009-11-05,12.6435498787834,12.496306905169043,12.39229377439576
2009-11-06,12.814901555855425,12.6435498787834,12.496306905169043
2009-11-09,12.988947444000434,12.814901555855425,12.6435498787834
2009-11-10,13.146526499723624,12.988947444000434,12.814901555855425
2009-11-11,13.273660765709133,13.146526499723624,12.988947444000434
2009-11-12,13.361944014768032,13.273660765709133,13.146526499723624
2009-11-13,13.407669482589839,13.361944014768032,13.273660765709133
2009-11-16,13.411260478474897,13.407669482589839,13.361944014768032
2009-11-17,13.377752851377949,13.411260478474897,13.407669482589839
2009-11-18,13.317485773032667,13.377752851377949,13.411260478474897
2009-11-19,13.245304629711832,13.317485773032667,13.377752851377949
2009-11-20,13.178536536360383,13.245304629711832,13.317485773032667
2009-11-23,13.134067383085512,13.178536536360383,13.245304629711832
2009-11-24,13.12638535611492,13.134067383085512,13.178536536360383
2009-11-25,13.166944105506156,13.12638535611492,13.134067383085512
2009-11-27,13.264089668397862,13.166944105506156,13.12638535611492
2009-11-30,13.422398213904353,13.264089668397862,13.166944105506156
2009-12-01,13.640689111704926,13.422398213904353,13.264089668397862
2009-12-02,13.909823265593596,13.640689111704926,13.422398213904353
2009-12-03,14.211859896416463,13.909823265593596,13.640689111704926
2009-12-04,14.522618799118943,14.211859896416463,13.909823265593596
2009-12-07,14.818002247616008,14.522618799118943,14.211859896416463
2009-12-08,15.08195606928106,14.818002247616008,14.522618799118943
2009-12-09,15.312178174062101,15.08195606928106,14.818002247616008
2009-12-10,15.520170191818073,15.312178174062101,15.08195606928106
2009-12-11,15.725234803817214,15.520170191818073,15.312178174062101
2009-12-14,15.945480114661551,15.725234803817214,15.520170191818073
2009-12-15,16.190520346263643,15.945480114661551,15.725234803817214
2009-12-16,16.45895603575956,16.190520346263643,15.945480114661551
2009-12-17,16.740534243921033,16.45895603575956,16.190520346263643
2009-12-18,17.020859077796146,16.740534243921033,16.45895603575956
2009-12-21,17.28609226409835,17.020859077796146,16.740534243921033
2009-12-22,17.526296272352468,17.28609226409835,17.020859077796146
2009-12-23,17.737043151661435,17.526296272352468,17.28609226409835
2009-12-24,17.919148575170183,17.737043151661435,17.526296272352468
2009-12-28,18.07645779959184,17.919148575170183,17.737043151661435
2009-12-29,18.212344034724108,18.07645779959184,17.919148575170183
2009-12-30,18.326925613382496,18.212344034724108,18.07645779959184
2009-12-31,18.416001712879947,18.326925613382496,18.212344034724108
2010-01-04,18.472428062500356,18.416001712879947,18.326925613382496
2010-01-05,18.488878614819132,18.472428062500356,18.416001712879947
2010-01-06,18.46065817828428,18.488878614819132,18.472428062500356
2010-01-07,18.387644395831884,18.46065817828428,18.488878614819132
2010-01-08,18.274838842829713,18.387644395831884,18.46065817828428
2010-01-11,18.1314327343327,18.274838842829713,18.387644395831884
2010-01-12,17.96870219613384,18.1314327343327,18.274838842829713
2010-01-13,17.797295289846147,17.96870219613384,18.1314327343327
2010-01-14,17.624804695961366,17.797295289846147,17.96870219613384
2010-01-15,17.454825194689185,17.624804695961366,17.797295289846147
2010-01-19,17.287668496630246,17.454825194689185,17.624804695961366
2010-01-20,17.122575643168418,17.287668496630246,17.454825194689185
2010-01-21,16.9600805860724,17.122575643168418,17.287668496630246
2010-01-22,16.80358327882142,16.9600805860724,17.122575643168418
2010-01-25,16.659489270312314,16.80358327882142,16.9600805860724
2010-01-26,16.53590843438992,16.659489270312314,16.80358327882142
2010-01-27,16.440230981462214,16.53590843438992,16.659489270312314
2010-01-28,16.376320277629276,16.440230981462214,16.53590843438992
2010-01-29,16.342457573921692,16.376320277629276,16.440230981462214
2010-02-01,16.331535686510946,16.342457573921692,16.376320277629276
2010-02-02,16.334530925814747,16.331535686510946,16.342457573921692
2010-02-03,16.345813411436204,16.334530925814747,16.331535686510946
2010-02-04,16.367052525314705,16.345813411436204,16.334530925814747
2010-02-05,16.40671021201332,16.367052525314705,16.345813411436204
2010-02-08,16.474480677756596,16.40671021201332,16.367052525314705
2010-02-09,16.573493053035715,16.474480677756596,16.40671021201332
2010-02-10,16.694779584662808,16.573493053035715,16.474480677756596
2010-02-11,16.817348709094738,16.694779584662808,16.573493053035715
2010-02-12,16.91461670117956,16.817348709094738,16.694779584662808
2010-02-16,16.964202840244813,16.91461670117956,16.817348709094738
2010-02-17,16.956659742147952,16.964202840244813,16.91461670117956
2010-02-18,16.898724740886564,16.956659742147952,16.964202840244813
2010-02-19,16.81013719768885,16.898724740886564,16.956659742147952
2010-02-22,16.715966620356674,16.81013719768885,16.898724740886564
2010-02-23,16.63840465680317,16.715966620356674,16.81013719768885
2010-02-24,16.591615518059587,16.63840465680317,16.715966620356674
2010-02-25,16.580531662830168,16.591615518059587,16.63840465680317
2010-02-26,16.603004460189315,16.580531662830168,16.591615518059587
2010-03-01,16.653100211180984,16.603004460189315,16.580531662830168
2010-03-02,16.724049178191798,16.653100211180984,16.603004460189315
2010-03-03,16.80977816889387,16.724049178191798,16.653100211180984
2010-03-04,16.904835896473717,16.80977816889387,16.724049178191798
2010-03-05,17.00362186629977,16.904835896473717,16.80977816889387
2010-03-08,17.100236813444106,17.00362186629977,16.904835896473717
2010-03-09,17.189569326830274,17.100236813444106,17.00362186629977
2010-03-10,17.268686549711163,17.189569326830274,17.100236813444106
2010-03-11,17.337369814067806,17.268686549711163,17.189569326830274
2010-03-12,17.396793212192144,17.337369814067806,17.268686549711163
2010-03-15,17.447389369521986,17.396793212192144,17.337369814067806
2010-03-16,17.487760021681527,17.447389369521986,17.396793212192144
2010-03-17,17.5154586274597,17.487760021681527,17.447389369521986
2010-03-18,17.52894634690437,17.5154586274597,17.487760021681527
2010-03-19,17.529137742916284,17.52894634690437,17.5154586274597
2010-03-22,17.51925604800976,17.529137742916284,17.52894634690437
2010-03-23,17.50356352076272,17.51925604800976,17.529137742916284
2010-03-24,17.485741860011565,17.50356352076272,17.51925604800976
2010-03-25,17.467690838062712,17.485741860011565,17.50356352076272
2010-03-26,17.44897107730189,17.467690838062712,17.485741860011565
2010-03-29,17.427269965978304,17.44897107730189,17.467690838062712
2010-03-30,17.399730829328774,17.427269965978304,17.44897107730189
2010-03-31,17.365048012931563,17.399730829328774,17.427269965978304
2010-04-01,17.325274548427668,17.365048012931563,17.399730829328774
2010-04-05,17.286401107351487,17.325274548427668,17.365048012931563
2010-04-06,17.25721215157585,17.286401107351487,17.325274548427668
2010-04-07,17.24621183516225,17.25721215157585,17.286401107351487
2010-04-08,17.257558662241877,17.24621183516225,17.25721215157585
2010-04-09,17.28757875792147,17.257558662241877,17.24621183516225
2010-04-12,17.323910658548265,17.28757875792147,17.257558662241877
2010-04-13,17.3484663959567,17.323910658548265,17.28757875792147
2010-04-14,17.343458561671213,17.3484663959567,17.323910658548265
2010-04-15,17.298026242255844,17.343458561671213,17.3484663959567
2010-04-16,17.211750200160118,17.298026242255844,17.343458561671213
2010-04-19,17.093684906102542,17.211750200160118,17.298026242255844
2010-04-20,16.957596811593085,17.093684906102542,17.211750200160118
2010-04-21,16.816202186179602,16.957596811593085,17.093684906102542
2010-04-22,16.676913009384997,16.816202186179602,16.957596811593085
2010-04-23,16.540073020321156,16.676913009384997,16.816202186179602
2010-04-26,16.3995411563667,16.540073020321156,16.676913009384997
2010-04-27,16.245025477706065,16.3995411563667,16.540073020321156
2010-04-28,16.065722475062863,16.245025477706065,16.3995411563667
2010-04-29,15.85503607586837,16.065722475062863,16.245025477706065
2010-04-30,15.614644874492434,15.85503607586837,16.065722475062863
2010-05-03,15.356185251359186,15.614644874492434,15.85503607586837
2010-05-04,15.098626942529693,15.356185251359186,15.614644874492434
2010-05-05,14.861681743804267,15.098626942529693,15.356185251359186
2010-05-06,14.657514790882324,14.861681743804267,15.098626942529693
2010-05-07,14.484994969126735,14.657514790882324,14.861681743804267
2010-05-10,14.329491640698526,14.484994969126735,14.657514790882324
2010-05-11,14.169242916340519,14.329491640698526,14.484994969126735
2010-05-12,13.985574884512104,14.169242916340519,14.329491640698526
2010-05-13,13.772063260582819,13.985574884512104,14.169242916340519
2010-05-14,13.538021906288261,13.772063260582819,13.985574884512104
2010-05-17,13.304689791166266,13.538021906288261,13.772063260582819
2010-05-18,13.096807272861527,13.304689791166266,13.538021906288261
2010-05-19,12.93408006912553,13.096807272861527,13.304689791166266
2010-05-20,12.825963011412485,12.93408006912553,13.096807272861527
2010-05-21,12.770654183525929,12.825963011412485,12.93408006912553
2010-05-24,12.756620832791942,12.770654183525929,12.825963011412485
2010-05-25,12.765228990609522,12.756620832791942,12.770654183525929
2010-05-26,12.773934908230618,12.765228990609522,12.756620832791942
2010-05-27,12.760289809886462,12.773934908230618,12.765228990609522
2010-05-28,12.706364274791206,12.760289809886462,12.773934908230618
2010-06-01,12.602673035429778,12.706364274791206,12.760289809886462
2010-06-02,12.450546660283813,12.602673035429778,12.706364274791206
2010-06-03,12.262398297737498,12.450546660283813,12.602673035429778
2010-06-04,12.059669681517686,12.262398297737498,12.450546660283813
2010-06-07,11.868703303695252,12.059669681517686,12.262398297737498
2010-06-08,11.714631591383485,11.868703303695252,12.059669681517686
2010-06-09,11.615220964024807,11.714631591383485,11.868703303695252
2010-06-10,11.576456244184444,11.615220964024807,11.714631591383485
2010-06-11,11.591627066943271,11.576456244184444,11.615220964024807
2010-06-14,11.643729220052812,11.591627066943271,11.576456244184444
2010-06-15,11.709912971379591,11.643729220052812,11.591627066943271
2010-06-16,11.766288990075576,11.709912971379591,11.643729220052812
2010-06-17,11.792353901541183,11.766288990075576,11.709912971379591
2010-06-18,11.774322546103244,11.792353901541183,11.766288990075576
2010-06-21,11.706940176127587,11.774322546103244,11.792353901541183
2010-06-22,11.593383723786594,11.706940176127587,11.774322546103244
2010-06-23,11.443224881768039,11.593383723786594,11.706940176127587
2010-06-24,11.26958706840263,11.443224881768039,11.593383723786594
2010-06-25,11.08671510692619,11.26958706840263,11.443224881768039
2010-06-28,10.908528600802805,11.08671510692619,11.26958706840263
2010-06-29,10.747764015417324,10.908528600802805,11.08671510692619
2010-06-30,10.615096369305812,10.747764015417324,10.908528600802805
2010-07-01,10.517833325518382,10.615096369305812,10.747764015417324
2010-07-02,10.458822488699884,10.517833325518382,10.615096369305812
2010-07-06,10.436231210158393,10.458822488699884,10.517833325518382
2010-07-07,10.444013897667983,10.436231210158393,10.458822488699884
2010-07-08,10.472981199488864,10.444013897667983,10.436231210158393
2010-07-09,10.511916492084026,10.472981199488864,10.444013897667983
2010-07-12,10.549156167134349,10.511916492084026,10.472981199488864
2010-07-13,10.574828654965847,10.549156167134349,10.511916492084026
2010-07-14,10.583370364873344,10.574828654965847,10.549156167134349
2010-07-15,10.574660708238227,10.583370364873344,10.574828654965847
2010-07-16,10.552850611212834,10.574660708238227,10.583370364873344
2010-07-19,10.522965268862926,10.552850611212834,10.574660708238227
2010-07-20,10.487024709120956,10.522965268862926,10.552850611212834
2010-07-21,10.441946131393873,10.487024709120956,10.522965268862926
2010-07-22,10.380215495847946,10.441946131393873,10.487024709120956
2010-07-23,10.293075822010533,10.380215495847946,10.441946131393873
2010-07-26,10.175096821355215,10.293075822010533,10.380215495847946
2010-07-27,10.028311750468738,10.175096821355215,10.293075822010533
2010-07-28,9.863879319257826,10.028311750468738,10.175096821355215
2010-07-29,9.70003777619572,9.863879319257826,10.028311750468738
2010-07-30,9.55656784607945,9.70003777619572,9.863879319257826
2010-08-02,9.447932964485076,9.55656784607945,9.70003777619572
2010-08-03,9.378377157649574,9.447932964485076,9.55656784607945
2010-08-04,9.341314975230281,9.378377157649574,9.447932964485076
2010-08-05,9.32333566126984,9.341314975230281,9.378377157649574
2010-08-06,9.310823170166026,9.32333566126984,9.341314975230281
2010-08-09,9.295895143102953,9.310823170166026,9.32333566126984
2010-08-10,9.279022230875844,9.295895143102953,9.310823170166026
2010-08-11,9.267592414936193,9.279022230875844,9.295895143102953
2010-08-12,9.271475101221558,9.267592414936193,9.279022230875844
2010-08-13,9.298285143092912,9.271475101221558,9.267592414936193
2010-08-16,9.350195053177947,9.298285143092912,9.271475101221558
2010-08-17,9.423168453479388,9.350195053177947,9.298285143092912
2010-08-18,9.508224062547294,9.423168453479388,9.350195053177947
2010-08-19,9.593986182105578,9.508224062547294,9.423168453479388
2010-08-20,9.669500067079824,9.593986182105578,9.508224062547294
2010-08-23,9.726495714516457,9.669500067079824,9.593986182105578
2010-08-24,9.760681054961625,9.726495714516457,9.669500067079824
2010-08-25,9.772069786377799,9.760681054961625,9.726495714516457
2010-08-26,9.764936921574128,9.772069786377799,9.760681054961625
2010-08-27,9.747704154173832,9.764936921574128,9.772069786377799
2010-08-30,9.732064149685533,9.747704154173832,9.764936921574128
2010-08-31,9.730694611556583,9.732064149685533,9.747704154173832
2010-09-01,9.753729219910566,9.730694611556583,9.732064149685533
2010-09-02,9.805515631764312,9.753729219910566,9.730694611556583
2010-09-03,9.883441027628393,9.805515631764312,9.753729219910566
2010-09-07,9.979689615165794,9.883441027628393,9.805515631764312
2010-09-08,10.084710174008748,9.979689615165794,9.883441027628393
2010-09-09,10.190586382790741,10.084710174008748,9.979689615165794
2010-09-10,10.293046253708992,10.190586382790741,10.084710174008748
2010-09-13,10.391983254482112,10.293046253708992,10.190586382790741
2010-09-14,10.49109468531298,10.391983254482112,10.293046253708992
2010-09-15,10.596889218610556,10.49109468531298,10.391983254482112
2010-09-16,10.716783348707526,10.596889218610556,10.49109468531298
2010-09-17,10.85622631377113,10.716783348707526,10.596889218610556
2010-09-20,11.015407576512665,10.85622631377113,10.716783348707526
2010-09-21,11.187178743150167,11.015407576512665,10.85622631377113
2010-09-22,11.357294673359348,11.187178743150167,11.015407576512665
2010-09-23,11.507317094114356,11.357294673359348,11.187178743150167
2010-09-24,11.619274274776618,11.507317094114356,11.357294673359348
2010-09-27,11.680285520840243,11.619274274776618,11.507317094114356
2010-09-28,11.68558701363208,11.680285520840243,11.619274274776618
2010-09-29,11.63911730037291,11.68558701363208,11.680285520840243
2010-09-30,11.551913616480011,11.63911730037291,11.68558701363208
2010-10-01,11.439402836304122,11.551913616480011,11.63911730037291
2010-10-04,11.318592477876287,11.439402836304122,11.551913616480011
2010-10-05,11.205814226100955,11.318592477876287,11.439402836304122
2010-10-06,11.114885365099738,11.205814226100955,11.318592477876287
2010-10-07,11.05532572361918,11.114885365099738,11.205814226100955
2010-10-08,11.030932834808906,11.05532572361918,11.114885365099738
2010-10-11,11.039311506031337,11.030932834808906,11.05532572361918
2010-10-12,11.072980138798707,11.039311506031337,11.030932834808906
2010-10-13,11.122156843922774,11.072980138798707,11.039311506031337
2010-10-14,11.178245257246456,11.122156843922774,11.072980138798707
2010-10-15,11.23656221196237,11.178245257246456,11.122156843922774
2010-10-18,11.297245975613855,11.23656221196237,11.178245257246456
2010-10-19,11.363895019752114,11.297245975613855,11.23656221196237
2010-10-20,11.440655610422391,11.363895019752114,11.297245975613855
2010-10-21,11.52919952388862,11.440655610422391,11.363895019752114
2010-10-22,11.627230005327839,11.52919952388862,11.440655610422391
2010-10-25,11.729297105446399,11.627230005327839,11.52919952388862
2010-10-26,11.82930853444619,11.729297105446399,11.627230005327839
2010-10-27,11.923320342981356,11.82930853444619,11.729297105446399
2010-10-28,12.010800762033451,11.923320342981356,11.82930853444619
2010-10-29,12.093993535154155,12.010800762033451,11.923320342981356
2010-11-01,12.176023323519713,12.093993535154155,12.010800762033451
2010-11-02,12.259001135267011,12.176023323519713,12.093993535154155
2010-11-03,12.343198028119836,12.259001135267011,12.176023323519713
2010-11-04,12.427511893055339,12.343198028119836,12.259001135267011
2010-11-05,12.510574693312243,12.427511893055339,12.343198028119836
2010-11-08,12.591708248028262,12.510574693312243,12.427511893055339
2010-11-09,12.671167006732283,12.591708248028262,12.510574693312243
2010-11-10,12.74992713010118,12.671167006732283,12.591708248028262
2010-11-11,12.829489949396395,12.74992713010118,12.671167006732283
2010-11-12,12.911889251953738,12.829489949396395,12.74992713010118
2010-11-15,12.999492438696493,12.911889251953738,12.829489949396395
2010-11-16,13.094114641511826,12.999492438696493,12.911889251953738
2010-11-17,13.195483963161944,13.094114641511826,12.999492438696493
2010-11-18,13.300430481977621,13.195483963161944,13.094114641511826
2010-11-19,13.403856573367749,13.300430481977621,13.195483963161944
2010-11-22,13.501576392294544,13.403856573367749,13.300430481977621
2010-11-23,13.593329069844184,13.501576392294544,13.403856573367749
2010-11-24,13.683870763773928,13.593329069844184,13.501576392294544
2010-11-26,13.781304786745094,13.683870763773928,13.593329069844184
2010-11-29,13.893297536153947,13.781304786745094,13.683870763773928
2010-11-30,14.023213362522226,13.893297536153947,13.781304786745094
2010-12-01,14.167897428059526,14.023213362522226,13.893297536153947
2010-12-02,14.317909616326679,14.167897428059526,14.023213362522226
2010-12-03,14.459933139863947,14.317909616326679,14.167897428059526
2010-12-06,14.580004975760872,14.459933139863947,14.317909616326679
2010-12-07,14.666717220962184,14.580004975760872,14.459933139863947
2010-12-08,14.713698968350013,14.666717220962184,14.580004975760872
2010-12-09,14.721109088617478,14.713698968350013,14.666717220962184
2010-12-10,14.696053236902284,14.721109088617478,14.713698968350013
2010-12-13,14.651595485375974,14.696053236902284,14.721109088617478
2010-12-14,14.60427146197301,14.651595485375974,14.696053236902284
2010-12-15,14.57044097677024,14.60427146197301,14.651595485375974
2010-12-16,14.562302273155854,14.57044097677024,14.60427146197301
2010-12-17,14.585086128370655,14.562302273155854,14.57044097677024
2010-12-20,14.63644630585928,14.585086128370655,14.562302273155854
2010-12-21,14.708732945795772,14.63644630585928,14.585086128370655
2010-12-22,14.793666791227132,14.708732945795772,14.63644630585928
2010-12-23,14.887634295772182,14.793666791227132,14.708732945795772
2010-12-27,14.995839361501869,14.887634295772182,14.793666791227132
2010-12-28,15.133514460982694,14.995839361501869,14.887634295772182
2010-12-29,15.324342585070799,15.133514460982694,14.995839361501869
2010-12-30,15.596080804548704,15.324342585070799,15.133514460982694
2010-12-31,15.974390444600767,15.596080804548704,15.324342585070799
2011-01-03,16.475740843811366,15.974390444600767,15.596080804548704
2011-01-04,17.101196811551375,16.475740843811366,15.974390444600767
2011-01-05,17.83339442787135,17.101196811551375,16.475740843811366
2011-01-06,18.637854734855765,17.83339442787135,17.101196811551375
2011-01-07,19.468591328044113,18.637854734855765,17.83339442787135
2011-01-10,20.275197864915945,19.468591328044113,18.637854734855765
2011-01-11,21.01006808892974,20.275197864915945,19.468591328044113
2011-01-12,21.635573116988823,21.01006808892974,20.275197864915945
2011-01-13,22.131532755807825,21.635573116988823,21.01006808892974
2011-01-14,22.501125908184406,22.131532755807825,21.635573116988823
2011-01-18,22.77079877054252,22.501125908184406,22.131532755807825
2011-01-19,22.981468617498933,22.77079877054252,22.501125908184406
2011-01-20,23.173042038927704,22.981468617498933,22.77079877054252
2011-01-21,23.37025910303437,23.173042038927704,22.981468617498933
2011-01-24,23.577422693606206,23.37025910303437,23.173042038927704
2011-01-25,23.78427162048733,23.577422693606206,23.37025910303437
2011-01-26,23.977809866709265,23.78427162048733,23.577422693606206
2011-01-27,24.151138766715313,23.977809866709265,23.78427162048733
2011-01-28,24.30369008428125,24.151138766715313,23.977809866709265
2011-01-31,24.434291012355487,24.30369008428125,24.151138766715313
2011-02-01,24.533551811963154,24.434291012355487,24.30369008428125
2011-02-02,24.58292919649854,24.533551811963154,24.434291012355487
2011-02-03,24.56212249422076,24.58292919649854,24.533551811963154
2011-02-04,24.461262338594533,24.56212249422076,24.58292919649854
2011-02-07,24.290049345548923,24.461262338594533,24.56212249422076
2011-02-08,24.078638479785447,24.290049345548923,24.461262338594533
2011-02-09,23.86958165723511,24.078638479785447,24.290049345548923
2011-02-10,23.70432862344938,23.86958165723511,24.078638479785447
2011-02-11,23.609692431156773,23.70432862344938,23.86958165723511
2011-02-14,23.588237259485908,23.609692431156773,23.70432862344938
2011-02-15,23.616306761588007,23.588237259485908,23.609692431156773
2011-02-16,23.65089110640873,23.616306761588007,23.588237259485908
2011-02-17,23.64424763823974,23.65089110640873,23.616306761588007
2011-02-18,23.560755104337748,23.64424763823974,23.65089110640873
2011-02-22,23.387570337954998,23.560755104337748,23.64424763823974
2011-02-23,23.134018970872397,23.387570337954998,23.560755104337748
2011-02-24,22.82126733080945,23.134018970872397,23.387570337954998
2011-02-25,22.470446570517364,22.82126733080945,23.134018970872397
2011-02-28,22.095884809936788,22.470446570517364,22.82126733080945
2011-03-01,21.7049341117639,22.095884809936788,22.470446570517364
2011-03-02,21.300716251103385,21.7049341117639,22.095884809936788
2011-03-03,20.884635902125787,21.300716251103385,21.7049341117639
2011-03-04,20.45827906892509,20.884635902125787,21.300716251103385
2011-03-07,20.02579518880777,20.45827906892509,20.884635902125787
2011-03-08,19.59653042381269,20.02579518880777,20.45827906892509
2011-03-09,19.185725788633953,19.59653042381269,20.02579518880777
2011-03-10,18.81207696758439,19.185725788633953,19.59653042381269
2011-03-11,18.492697497997767,18.81207696758439,19.185725788633953
2011-03-14,18.23889106682651,18.492697497997767,18.81207696758439
2011-03-15,18.055051586143218,18.23889106682651,18.492697497997767
2011-03-16,17.940505195770584,18.055051586143218,18.23889106682651
2011-03-17,17.892369383907187,17.940505195770584,18.055051586143218
2011-03-18,17.906939570074456,17.892369383907187,17.940505195770584
2011-03-21,17.97825193764543,17.906939570074456,17.892369383907187
2011-03-22,18.09477864728275,17.97825193764543,17.906939570074456
2011-03-23,18.236704787627428,18.09477864728275,17.97825193764543
2011-03-24,18.376670235919892,18.236704787627428,18.09477864728275
2011-03-25,18.48490864059781,18.376670235919892,18.236704787627428
2011-03-28,18.537092777843764,18.48490864059781,18.376670235919892
2011-03-29,18.521439804808068,18.537092777843764,18.48490864059781
2011-03-30,18.44166634449925,18.521439804808068,18.537092777843764
2011-03-31,18.3149110172335,18.44166634449925,18.521439804808068
2011-04-01,18.16571872968727,18.3149110172335,18.44166634449925
2011-04-04,18.01889352824882,18.16571872968727,18.3149110172335
2011-04-05,17.89409853281936,18.01889352824882,18.16571872968727
2011-04-06,17.803825622292226,17.89409853281936,18.01889352824882
2011-04-07,17.75427650707811,17.803825622292226,17.89409853281936
2011-04-08,17.747356525834164,17.75427650707811,17.803825622292226
2011-04-11,17.781648724586343,17.747356525834164,17.75427650707811
2011-04-12,17.85204561411926,17.781648724586343,17.747356525834164
2011-04-13,17.949596529179377,17.85204561411926,17.781648724586343
2011-04-14,18.06333722947538,17.949596529179377,17.85204561411926
2011-04-15,18.184333049918084,18.06333722947538,17.949596529179377
2011-04-18,18.3090033690543,18.184333049918084,18.06333722947538
2011-04-19,18.439330012765993,18.3090033690543,18.184333049918084
2011-04-20,18.5792608019054,18.439330012765993,18.3090033690543
2011-04-21,18.729428565609076,18.5792608019054,18.439330012765993
2011-04-25,18.883449212417716,18.729428565609076,18.5792608019054
2011-04-26,19.02799934486061,18.883449212417716,18.729428565609076
2011-04-27,19.146673569838192,19.02799934486061,18.883449212417716
2011-04-28,19.226632713285063,19.146673569838192,19.02799934486061
2011-04-29,19.264717225533257,19.226632713285063,19.146673569838192
2011-05-02,19.270306607830648,19.264717225533257,19.226632713285063
2011-05-03,19.26221616178922,19.270306607830648,19.264717225533257
2011-05-04,19.260011004761147,19.26221616178922,19.270306607830648
2011-05-05,19.27325900448688,19.260011004761147,19.26221616178922
2011-05-06,19.294538000424296,19.27325900448688,19.260011004761147
2011-05-09,19.30067924249383,19.294538000424296,19.27325900448688
2011-05-10,19.26270413718768,19.30067924249383,19.294538000424296
2011-05-11,19.159986255965478,19.26270413718768,19.30067924249383
2011-05-12,18.99159422942988,19.159986255965478,19.26270413718768
2011-05-13,18.779053262872264,18.99159422942988,19.159986255965478
2011-05-16,18.559280391862146,18.779053262872264,18.99159422942988
2011-05-17,18.371549783779535,18.559280391862146,18.779053262872264
2011-05-18,18.24557124655867,18.371549783779535,18.559280391862146
2011-05-19,18.19563785405117,18.24557124655867,18.371549783779535
2011-05-20,18.22126650038781,18.19563785405117,18.24557124655867
2011-05-23,18.310995039408663,18.22126650038781,18.19563785405117
2011-05-24,18.44546640739596,18.310995039408663,18.22126650038781
2011-05-25,18.598735967600803,18.44546640739596,18.310995039408663
2011-05-26,18.7398516580296,18.598735967600803,18.44546640739596
2011-05-27,18.83700994544695,18.7398516580296,18.598735967600803
2011-05-31,18.864486454224043,18.83700994544695,18.7398516580296
2011-06-01,18.809471299097247,18.864486454224043,18.83700994544695
2011-06-02,18.675147326481373,18.809471299097247,18.864486454224043
2011-06-03,18.47809210208449,18.675147326481373,18.809471299097247
2011-06-06,18.24173990404354,18.47809210208449,18.675147326481373
2011-06-07,17.98888496400638,18.24173990404354,18.47809210208449
2011-06-08,17.736223929199724,17.98888496400638,18.24173990404354
2011-06-09,17.492285347257823,17.736223929199724,17.98888496400638
2011-06-10,17.258534796875086,17.492285347257823,17.736223929199724
2011-06-13,17.032634128974628,17.258534796875086,17.492285347257823
2011-06-14,16.81267091295149,17.032634128974628,17.258534796875086
2011-06-15,16.60055698072384,16.81267091295149,17.032634128974628
2011-06-16,16.402842732908475,16.60055698072384,16.81267091295149
2011-06-17,16.22840138961365,16.402842732908475,16.60055698072384
2011-06-20,16.084338710473045,16.22840138961365,16.402842732908475
2011-06-21,15.972792465203966,16.084338710473045,16.22840138961365
2011-06-22,15.89089900473472,15.972792465203966,16.084338710473045
2011-06-23,15.833391466914424,15.89089900473472,15.972792465203966
2011-06-24,15.795551664845554,15.833391466914424,15.89089900473472
2011-06-27,15.773945362176397,15.795551664845554,15.833391466914424
2011-06-28,15.764507750655598,15.773945362176397,15.795551664845554
2011-06-29,15.759825015167083,15.764507750655598,15.773945362176397
2011-06-30,15.748222199027005,15.759825015167083,15.764507750655598
2011-07-01,15.715686595851647,15.748222199027005,15.759825015167083
2011-07-05,15.6498224174759,15.715686595851647,15.748222199027005
2011-07-06,15.543549844139596,15.6498224174759,15.715686595851647
2011-07-07,15.397166811387276,15.543549844139596,15.6498224174759
2011-07-08,15.218372968440745,15.397166811387276,15.543549844139596
2011-07-11,15.02080333815305,15.218372968440745,15.397166811387276
2011-07-12,14.821886669827785,15.02080333815305,15.218372968440745
2011-07-13,14.640245016227727,14.821886669827785,15.02080333815305
2011-07-14,14.492833284991763,14.640245016227727,14.821886669827785
2011-07-15,14.391464259988343,14.492833284991763,14.640245016227727
2011-07-18,14.339560042756759,14.391464259988343,14.492833284991763
2011-07-19,14.330064457761107,14.339560042756759,14.391464259988343
2011-07-20,14.346469405975236,14.330064457761107,14.339560042756759
2011-07-21,14.367452500841637,14.346469405975236,14.330064457761107
2011-07-22,14.374242355448956,14.367452500841637,14.346469405975236
2011-07-25,14.356978994321473,14.374242355448956,14.367452500841637
2011-07-26,14.316766346024963,14.356978994321473,14.374242355448956
2011-07-27,14.261285097642771,14.316766346024963,14.356978994321473
2011-07-28,14.196686219388228,14.261285097642771,14.316766346024963
2011-07-29,14.1207538340211,14.196686219388228,14.261285097642771
2011-08-01,14.022641321340458,14.1207538340211,14.196686219388228
2011-08-02,13.889944280535302,14.022641321340458,14.1207538340211
2011-08-03,13.719022844141286,13.889944280535302,14.022641321340458
2011-08-04,13.521590324538707,13.719022844141286,13.889944280535302
2011-08-05,13.322593637149472,13.521590324538707,13.719022844141286
2011-08-08,13.149951285198378,13.322593637149472,13.521590324538707
2011-08-09,13.021963649708036,13.149951285198378,13.322593637149472
2011-08-10,12.939609166205543,13.021963649708036,13.149951285198378
2011-08-11,12.887593030831106,12.939609166205543,13.021963649708036
2011-08-12,12.843367106915169,12.887593030831106,12.939609166205543
2011-08-15,12.789036231826344,12.843367106915169,12.887593030831106
2011-08-16,12.72023793182052,12.789036231826344,12.843367106915169
2011-08-17,12.647862545850106,12.72023793182052,12.789036231826344
2011-08-18,12.592242834569113,12.647862545850106,12.72023793182052
2011-08-19,12.573188822002555,12.592242834569113,12.647862545850106
2011-08-22,12.601041782927364,12.573188822002555,12.592242834569113
2011-08-23,12.673324912696117,12.601041782927364,12.573188822002555
2011-08-24,12.777309837896507,12.673324912696117,12.601041782927364
2011-08-25,12.896127475835211,12.777309837896507,12.673324912696117
2011-08-26,13.01467999915426,12.896127475835211,12.777309837896507
2011-08-29,13.12367903906521,13.01467999915426,12.896127475835211
2011-08-30,13.22133427112849,13.12367903906521,13.01467999915426
2011-08-31,13.313265549385175,13.22133427112849,13.12367903906521
2011-09-01,13.4100395915957,13.313265549385175,13.22133427112849
2011-09-02,13.523110880208067,13.4100395915957,13.313265549385175
2011-09-06,13.66041319039244,13.523110880208067,13.4100395915957
2011-09-07,13.823969160768696,13.66041319039244,13.523110880208067
2011-09-08,14.009697024492109,13.823969160768696,13.66041319039244
2011-09-09,14.20838506311635,14.009697024492109,13.823969160768696
2011-09-12,14.40600408395835,14.20838506311635,14.009697024492109
2011-09-13,14.583718491660642,14.40600408395835,14.20838506311635
2011-09-14,14.71927002146186,14.583718491660642,14.40600408395835
2011-09-15,14.791453830053706,14.71927002146186,14.583718491660642
2011-09-16,14.786674063346467,14.791453830053706,14.71927002146186
2011-09-19,14.704051053197785,14.786674063346467,14.791453830053706
2011-09-20,14.556186239062544,14.704051053197785,14.786674063346467
2011-09-21,14.364466756315002,14.556186239062544,14.704051053197785
2011-09-22,14.151473741778567,14.364466756315002,14.556186239062544
2011-09-23,13.93456135126289,14.151473741778567,14.364466756315002
2011-09-26,13.724435486225193,13.93456135126289,14.151473741778567
2011-09-27,13.529105826580032,13.724435486225193,13.93456135126289
2011-09-28,13.359925400398138,13.529105826580032,13.724435486225193
2011-09-29,13.234981207123475,13.359925400398138,13.529105826580032
2011-09-30,13.176469925478342,13.234981207123475,13.359925400398138
2011-10-03,13.202637103451286,13.176469925478342,13.234981207123475
2011-10-04,13.31923137542061,13.202637103451286,13.176469925478342
2011-10-05,13.51550743182604,13.31923137542061,13.202637103451286
2011-10-06,13.7670281185358,13.51550743182604,13.31923137542061
2011-10-07,14.043143889333068,13.7670281185358,13.51550743182604
2011-10-10,14.314817850187893,14.043143889333068,13.7670281185358
2011-10-11,14.559100041247,14.314817850187893,14.043143889333068
2011-10-12,14.75981624097336,14.559100041247,14.314817850187893
2011-10-13,14.906681323989824,14.75981624097336,14.559100041247
2011-10-14,14.995054212761069,14.906681323989824,14.75981624097336
2011-10-17,15.0270353531909,14.995054212761069,14.906681323989824
2011-10-18,15.012517996591432,15.0270353531909,14.995054212761069
2011-10-19,14.968211773648365,15.012517996591432,15.0270353531909
2011-10-20,14.913832075871882,14.968211773648365,15.012517996591432
2011-10-21,14.866351708030894,14.913832075871882,14.968211773648365
2011-10-24,14.834680419553038,14.866351708030894,14.913832075871882
2011-10-25,14.817303692735294,14.834680419553038,14.866351708030894
2011-10-26,14.80444864946813,14.817303692735294,14.834680419553038
2011-10-27,14.784211204892781,14.80444864946813,14.817303692735294
2011-10-28,14.749939288143974,14.784211204892781,14.80444864946813
2011-10-31,14.704517607245513,14.749939288143974,14.784211204892781
2011-11-01,14.658974961080887,14.704517607245513,14.749939288143974
2011-11-02,14.626093759323357,14.658974961080887,14.704517607245513
2011-11-03,14.61321022408427,14.626093759323357,14.658974961080887
2011-11-04,14.618859754672364,14.61321022408427,14.626093759323357
2011-11-07,14.63488064570389,14.618859754672364,14.61321022408427
2011-11-08,14.651308874581083,14.63488064570389,14.618859754672364
2011-11-09,14.660398318595714,14.651308874581083,14.63488064570389
2011-11-10,14.657824776192436,14.660398318595714,14.651308874581083
2011-11-11,14.64223055274929,14.657824776192436,14.660398318595714
2011-11-14,14.614871525459213,14.64223055274929,14.657824776192436
2011-11-15,14.580246054110283,14.614871525459213,14.64223055274929
2011-11-16,14.546253916147158,14.580246054110283,14.614871525459213
2011-11-17,14.522720800311253,14.546253916147158,14.580246054110283
2011-11-18,14.518722002908794,14.522720800311253,14.546253916147158
2011-11-21,14.540560265139604,14.518722002908794,14.522720800311253
2011-11-22,14.591489763428072,14.540560265139604,14.518722002908794
2011-11-23,14.672194874964145,14.591489763428072,14.540560265139604
2011-11-25,14.780186746321009,14.672194874964145,14.591489763428072
2011-11-28,14.907690260427417,14.780186746321009,14.672194874964145
2011-11-29,15.039964065196537,14.907690260427417,14.780186746321009
2011-11-30,15.156469620425105,15.039964065196537,14.907690260427417
2011-12-01,15.23570368255509,15.156469620425105,15.039964065196537
2011-12-02,15.261354647962978,15.23570368255509,15.156469620425105
2011-12-05,15.226298942533559,15.261354647962978,15.23570368255509
2011-12-06,15.132924213925937,15.226298942533559,15.261354647962978
2011-12-07,14.990190983031999,15.132924213925937,15.226298942533559
2011-12-08,14.810267460257263,14.990190983031999,15.132924213925937
2011-12-09,14.606737171702159,14.810267460257263,14.990190983031999
2011-12-12,14.39477272544208,14.606737171702159,14.810267460257263
2011-12-13,14.191622178246202,14.39477272544208,14.606737171702159
2011-12-14,14.015628936194323,14.191622178246202,14.39477272544208
2011-12-15,13.883001337962225,14.015628936194323,14.191622178246202
2011-12-16,13.803442694994233,13.883001337962225,14.015628936194323
2011-12-19,13.77671776794049,13.803442694994233,13.883001337962225
2011-12-20,13.792523550538451,13.77671776794049,13.803442694994233
2011-12-21,13.833996171582761,13.792523550538451,13.77671776794049
2011-12-22,13.883781330873203,13.833996171582761,13.792523550538451
2011-12-23,13.930016220810087,13.883781330873203,13.833996171582761
2011-12-27,13.969486988527311,13.930016220810087,13.883781330873203
2011-12-28,14.006642986388215,13.969486988527311,13.930016220810087
2011-12-29,14.049073863310301,14.006642986388215,13.969486988527311
2011-12-30,14.101860937282108,14.049073863310301,14.006642986388215
2012-01-03,14.163470141067382,14.101860937282108,14.049073863310301
2012-01-04,14.225159787434043,14.163470141067382,14.101860937282108
2012-01-05,14.273883476031989,14.225159787434043,14.163470141067382
2012-01-06,14.297433032424522,14.273883476031989,14.225159787434043
2012-01-09,14.289625900212311,14.297433032424522,14.273883476031989
2012-01-10,14.253509320542646,14.289625900212311,14.297433032424522
2012-01-11,14.201471770724922,14.253509320542646,14.289625900212311
2012-01-12,14.152017999020408,14.201471770724922,14.253509320542646
2012-01-13,14.12440231930074,14.152017999020408,14.201471770724922
2012-01-17,14.13275108688974,14.12440231930074,14.152017999020408
2012-01-18,14.181946148817236,14.13275108688974,14.12440231930074
2012-01-19,14.26673289957868,14.181946148817236,14.13275108688974
2012-01-20,14.374383365055158,14.26673289957868,14.181946148817236
2012-01-23,14.489619397736481,14.374383365055158,14.26673289957868
2012-01-24,14.599937103451666,14.489619397736481,14.374383365055158
2012-01-25,14.6994454618999,14.599937103451666,14.489619397736481
2012-01-26,14.790079739682964,14.6994454618999,14.599937103451666
2012-01-27,14.87980527174576,14.790079739682964,14.6994454618999
2012-01-30,14.978755215116758,14.87980527174576,14.790079739682964
2012-01-31,15.094714976509723,14.978755215116758,14.87980527174576
2012-02-01,15.229719097780084,15.094714976509723,14.978755215116758
2012-02-02,15.37920883473138,15.229719097780084,15.094714976509723
2012-02-03,15.533637917192213,15.37920883473138,15.229719097780084
2012-02-06,15.681667969386138,15.533637917192213,15.37920883473138
2012-02-07,15.813321599745912,15.681667969386138,15.533637917192213
2012-02-08,15.921937604664702,15.813321599745912,15.681667969386138
2012-02-09,16.00455891872872,15.921937604664702,15.813321599745912
2012-02-10,16.061060212721042,16.00455891872872,15.921937604664702
2012-02-13,16.092670713355883,16.061060212721042,16.00455891872872
2012-02-14,16.10074948564049,16.092670713355883,16.061060212721042
2012-02-15,16.08640590826865,16.10074948564049,16.092670713355883
2012-02-16,16.050933552747672,16.08640590826865,16.10074948564049
2012-02-17,15.996274452662327,16.050933552747672,16.08640590826865
2012-02-21,15.925048228862066,15.996274452662327,16.050933552747672
2012-02-22,15.840157274539488,15.925048228862066,15.996274452662327
2012-02-23,15.7444991820119,15.840157274539488,15.925048228862066
2012-02-24,15.64107391572781,15.7444991820119,15.840157274539488
2012-02-27,15.53313383697611,15.64107391572781,15.7444991820119
2012-02-28,15.424068917794958,15.53313383697611,15.64107391572781
2012-02-29,15.316880102058478,15.424068917794958,15.53313383697611
2012-03-01,15.213813717458134,15.316880102058478,15.424068917794958
2012-03-02,15.116492538605616,15.213813717458134,15.316880102058478
2012-03-05,15.026332430172449,15.116492538605616,15.213813717458134
2012-03-06,14.944550404986764,15.026332430172449,15.116492538605616
2012-03-07,14.871778103766621,14.944550404986764,15.026332430172449
2012-03-08,14.807736296513013,14.871778103766621,14.944550404986764
2012-03-09,14.751396999168676,14.807736296513013,14.871778103766621
2012-03-12,14.701739188695337,14.751396999168676,14.807736296513013
2012-03-13,14.65832554724004,14.701739188695337,14.751396999168676
2012-03-14,14.621475344890484,14.65832554724004,14.701739188695337
2012-03-15,14.59208065571493,14.621475344890484,14.65832554724004
2012-03-16,14.571613737342169,14.59208065571493,14.621475344890484
2012-03-19,14.562451500182613,14.571613737342169,14.59208065571493
2012-03-20,14.568054513463489,14.562451500182613,14.571613737342169
2012-03-21,14.592320664536334,14.568054513463489,14.562451500182613
2012-03-22,14.63791384366235,14.592320664536334,14.568054513463489
2012-03-23,14.70405485001828,14.63791384366235,14.592320664536334
2012-03-26,14.784836097985758,14.70405485001828,14.63791384366235
2012-03-27,14.868953753834257,14.784836097985758,14.70405485001828
2012-03-28,14.94144832100758,14.868953753834257,14.784836097985758
2012-03-29,14.987109176343015,14.94144832100758,14.868953753834257
2012-03-30,14.994608064558612,14.987109176343015,14.94144832100758
2012-04-02,14.959933500661002,14.994608064558612,14.987109176343015
2012-04-03,14.887556770129748,14.959933500661002,14.994608064558612
2012-04-04,14.788775544883805,14.887556770129748,14.959933500661002
2012-04-05,14.677583471930461,14.788775544883805,14.887556770129748
2012-04-09,14.565874103872977,14.677583471930461,14.788775544883805
2012-04-10,14.45984294960464,14.565874103872977,14.677583471930461
2012-04-11,14.359121111470426,14.45984294960464,14.565874103872977
2012-04-12,14.258566589380592,14.359121111470426,14.45984294960464
2012-04-13,14.151549819327343,14.258566589380592,14.359121111470426
2012-04-16,14.033054882566752,14.151549819327343,14.258566589380592
2012-04-17,13.901609569897838,14.033054882566752,14.151549819327343
2012-04-18,13.759827400223287,13.901609569897838,14.033054882566752
2012-04-19,13.613916728290713,13.759827400223287,13.901609569897838
2012-04-20,13.472325162852709,13.613916728290713,13.759827400223287
2012-04-23,13.343593246489544,13.472325162852709,13.613916728290713
2012-04-24,13.233714490887674,13.343593246489544,13.472325162852709
2012-04-25,13.143959991779806,13.233714490887674,13.343593246489544
2012-04-26,13.070217243213191,13.143959991779806,13.233714490887674
2012-04-27,13.00460224667322,13.070217243213191,13.143959991779806
2012-04-30,12.938877426508459,13.00460224667322,13.070217243213191
2012-05-01,12.868381181418165,12.938877426508459,13.00460224667322
2012-05-02,12.794613138228751,12.868381181418165,12.938877426508459
2012-05-03,12.725206181505783,12.794613138228751,12.868381181418165
2012-05-04,12.671027770482322,12.725206181505783,12.794613138228751
2012-05-07,12.641546048956656,12.671027770482322,12.725206181505783
2012-05-08,12.640244218781923,12.641546048956656,12.671027770482322
2012-05-09,12.662129892252342,12.640244218781923,12.641546048956656
2012-05-10,12.694325100206381,12.662129892252342,12.640244218781923
2012-05-11,12.719853666053364,12.694325100206381,12.662129892252342
2012-05-14,12.723372783275266,12.719853666053364,12.694325100206381
2012-05-15,12.696665163280073,12.723372783275266,12.719853666053364
2012-05-16,12.641507932951141,12.696665163280073,12.723372783275266
2012-05-17,12.568678202110789,12.641507932951141,12.696665163280073
2012-05-18,12.49355787880457,12.568678202110789,12.641507932951141
2012-05-21,12.43036338379179,12.49355787880457,12.568678202110789
2012-05-22,12.38739173355427,12.43036338379179,12.49355787880457
2012-05-23,12.364821727934482,12.38739173355427,12.43036338379179
2012-05-24,12.35553773608848,12.364821727934482,12.38739173355427
2012-05-25,12.3484580347279,12.35553773608848,12.364821727934482
2012-05-29,12.33319056122033,12.3484580347279,12.35553773608848
2012-05-30,12.304355050133111,12.33319056122033,12.3484580347279
2012-05-31,12.263698274774521,12.304355050133111,12.33319056122033
2012-06-01,12.219092092727653,12.263698274774521,12.304355050133111
2012-06-04,12.180712762824593,12.219092092727653,12.263698274774521
2012-06-05,12.156751705852235,12.180712762824593,12.219092092727653
2012-06-06,12.150836407085075,12.156751705852235,12.180712762824593
2012-06-07,12.162155479874247,12.150836407085075,12.156751705852235
2012-06-08,12.18781332412734,12.162155479874247,12.150836407085075
2012-06-11,12.225763410191853,12.18781332412734,12.162155479874247
2012-06-12,12.27650330625312,12.225763410191853,12.18781332412734
2012-06-13,12.342603777184147,12.27650330625312,12.225763410191853
2012-06-14,12.42586906380639,12.342603777184147,12.27650330625312
2012-06-15,12.524037109763135,12.42586906380639,12.342603777184147
2012-06-18,12.629230385260184,12.524037109763135,12.42586906380639
2012-06-19,12.730183549120555,12.629230385260184,12.524037109763135
2012-06-20,12.81752787562754,12.730183549120555,12.629230385260184
2012-06-21,12.888891942491991,12.81752787562754,12.730183549120555
2012-06-22,12.9503112429558,12.888891942491991,12.81752787562754
2012-06-25,13.012576473177122,12.9503112429558,12.888891942491991
2012-06-26,13.084554007507016,13.012576473177122,12.9503112429558
2012-06-27,13.167303128356817,13.084554007507016,13.012576473177122
2012-06-28,13.25224637148472,13.167303128356817,13.084554007507016
2012-06-29,13.323876935825073,13.25224637148472,13.167303128356817
2012-07-02,13.365266603848506,13.323876935825073,13.25224637148472
2012-07-03,13.363840487253698,13.365266603848506,13.323876935825073
2012-07-05,13.31545375547744,13.363840487253698,13.365266603848506
2012-07-06,13.225770705793929,13.31545375547744,13.363840487253698
2012-07-09,13.109048207639495,13.225770705793929,13.31545375547744
2012-07-10,12.984817604949983,13.109048207639495,13.225770705793929
2012-07-11,12.873303223214116,12.984817604949983,13.109048207639495
2012-07-12,12.79074908177285,12.873303223214116,12.984817604949983
2012-07-13,12.746072967453879,12.79074908177285,12.873303223214116
2012-07-16,12.739583945251944,12.746072967453879,12.79074908177285
2012-07-17,12.764417484147552,12.739583945251944,12.746072967453879
2012-07-18,12.810005679725505,12.764417484147552,12.739583945251944
2012-07-19,12.866269700604873,12.810005679725505,12.764417484147552
2012-07-20,12.926828425698261,12.866269700604873,12.810005679725505
2012-07-23,12.989769615862773,12.926828425698261,12.866269700604873
2012-07-24,13.056192143517782,12.989769615862773,12.926828425698261
2012-07-25,13.127661110477092,13.056192143517782,12.989769615862773
2012-07-26,13.204644663842199,13.127661110477092,13.056192143517782
2012-07-27,13.28670183265887,13.204644663842199,13.127661110477092
2012-07-30,13.373954668453525,13.28670183265887,13.204644663842199
2012-07-31,13.468329020101116,13.373954668453525,13.28670183265887
2012-08-01,13.573258032640048,13.468329020101116,13.373954668453525
2012-08-02,13.691878109383897,13.573258032640048,13.468329020101116
2012-08-03,13.824634596577807,13.691878109383897,13.573258032640048
2012-08-06,13.96774302564138,13.824634596577807,13.691878109383897
2012-08-07,14.113375611728623,13.96774302564138,13.824634596577807
2012-08-08,14.251454151326222,14.113375611728623,13.96774302564138
2012-08-09,14.372281085382479,14.251454151326222,14.113375611728623
2012-08-10,14.469084822585362,14.372281085382479,14.251454151326222
2012-08-13,14.539326322169526,14.469084822585362,14.372281085382479
2012-08-14,14.584455947240928,14.539326322169526,14.469084822585362
2012-08-15,14.608322998489063,14.584455947240928,14.539326322169526
2012-08-16,14.615155408115891,14.608322998489063,14.584455947240928
2012-08-17,14.608163315215199,14.615155408115891,14.608322998489063
2012-08-20,14.589167427116246,14.608163315215199,14.615155408115891
2012-08-21,14.558890459314714,14.589167427116246,14.608163315215199
2012-08-22,14.517393860780592,14.558890459314714,14.589167427116246
2012-08-23,14.464120821608567,14.517393860780592,14.558890459314714
2012-08-24,14.39778466955186,14.464120821608567,14.517393860780592
2012-08-27,14.316665511863889,14.39778466955186,14.464120821608567
2012-08-28,14.21969500019018,14.316665511863889,14.39778466955186
2012-08-29,14.10809306982135,14.21969500019018,14.316665511863889
2012-08-30,13.986703598350521,14.10809306982135,14.21969500019018
2012-08-31,13.864052575538281,13.986703598350521,14.10809306982135
2012-09-04,13.750683099271523,13.864052575538281,13.986703598350521
2012-09-05,13.65646672958893,13.750683099271523,13.864052575538281
2012-09-06,13.58806124987263,13.65646672958893,13.750683099271523
2012-09-07,13.547516777754863,13.58806124987263,13.65646672958893
2012-09-10,13.53234228282089,13.547516777754863,13.58806124987263
2012-09-11,13.536572462503793,13.53234228282089,13.547516777754863
2012-09-12,13.552388609359026,13.536572462503793,13.53234228282089
2012-09-13,13.57189368531809,13.552388609359026,13.536572462503793
2012-09-14,13.58867578051199,13.57189368531809,13.552388609359026
2012-09-17,13.598433708150239,13.58867578051199,13.57189368531809
2012-09-18,13.598698226657593,13.598433708150239,13.58867578051199
2012-09-19,13.58794038424173,13.598698226657593,13.598433708150239
2012-09-20,13.565135089585164,13.58794038424173,13.598698226657593
2012-09-21,13.530164176199266,13.565135089585164,13.58794038424173
2012-09-24,13.484669186838065,13.530164176199266,13.565135089585164
2012-09-25,13.432560911344732,13.484669186838065,13.530164176199266
2012-09-26,13.379386786656491,13.432560911344732,13.484669186838065
2012-09-27,13.330707463927697,13.379386786656491,13.432560911344732
2012-09-28,13.290181598047578,13.330707463927697,13.379386786656491
2012-10-01,13.258060531887171,13.290181598047578,13.330707463927697
2012-10-02,13.230774412836867,13.258060531887171,13.290181598047578
2012-10-03,13.201951693276117,13.230774412836867,13.258060531887171
2012-10-04,13.16494982817141,13.201951693276117,13.230774412836867
2012-10-05,13.115971609497207,13.16494982817141,13.201951693276117
2012-10-08,13.056314963390717,13.115971609497207,13.16494982817141
2012-10-09,12.992155865002228,13.056314963390717,13.115971609497207
2012-10-10,12.931419732694357,12.992155865002228,13.056314963390717
2012-10-11,12.879231866868778,12.931419732694357,12.992155865002228
2012-10-12,12.834499941084012,12.879231866868778,12.931419732694357
2012-10-15,12.789836082642248,12.834499941084012,12.879231866868778
2012-10-16,12.735363134721565,12.789836082642248,12.834499941084012
2012-10-17,12.664303416551999,12.735363134721565,12.789836082642248
2012-10-18,12.5772730392701,12.664303416551999,12.735363134721565
2012-10-19,12.482862448535897,12.5772730392701,12.664303416551999
2012-10-22,12.394467237260505,12.482862448535897,12.5772730392701
2012-10-23,12.325603799072262,12.394467237260505,12.482862448535897
2012-10-24,12.286219368099081,12.325603799072262,12.394467237260505
2012-10-25,12.28085831327445,12.286219368099081,12.325603799072262
2012-10-26,12.30818026973293,12.28085831327445,12.286219368099081
2012-10-31,12.360652361702734,12.30818026973293,12.28085831327445
2012-11-01,12.424675487635943,12.360652361702734,12.30818026973293
2012-11-02,12.482081280355247,12.424675487635943,12.360652361702734
2012-11-05,12.513796659468117,12.482081280355247,12.424675487635943
2012-11-06,12.504837630152299,12.513796659468117,12.482081280355247
2012-11-07,12.448744419688833,12.504837630152299,12.513796659468117
2012-11-08,12.349449862851658,12.448744419688833,12.504837630152299
2012-11-09,12.219996736489989,12.349449862851658,12.448744419688833
2012-11-12,12.078781456882727,12.219996736489989,12.349449862851658
2012-11-13,11.945077663161655,12.078781456882727,12.219996736489989
2012-11-14,11.835194409641556,11.945077663161655,12.078781456882727
2012-11-15,11.760095422568416,11.835194409641556,11.945077663161655
2012-11-16,11.724471017195093,11.760095422568416,11.835194409641556
2012-11-19,11.72688522817214,11.724471017195093,11.760095422568416
2012-11-20,11.76056188520026,11.72688522817214,11.724471017195093
2012-11-21,11.814765831648359,11.76056188520026,11.72688522817214
2012-11-23,11.876699917879638,11.814765831648359,11.76056188520026
2012-11-26,11.934101909976357,11.876699917879638,11.814765831648359
2012-11-27,11.977983827252146,11.934101909976357,11.876699917879638
2012-11-28,12.00475809827875,11.977983827252146,11.934101909976357
2012-11-29,12.016914284308573,12.00475809827875,11.977983827252146
2012-11-30,12.021807664463793,12.016914284308573,12.00475809827875
2012-12-03,12.029104710621588,12.021807664463793,12.016914284308573
2012-12-04,12.047789165466952,12.029104710621588,12.021807664463793
2012-12-05,12.083665636586819,12.047789165466952,12.029104710621588
2012-12-06,12.137953937297002,12.083665636586819,12.047789165466952
2012-12-07,12.207050011842595,12.137953937297002,12.083665636586819
2012-12-10,12.283603680627865,12.207050011842595,12.137953937297002
2012-12-11,12.358568028227921,12.283603680627865,12.207050011842595
2012-12-12,12.42365953826266,12.358568028227921,12.283603680627865
2012-12-13,12.473091827337042,12.42365953826266,12.358568028227921
2012-12-14,12.504003132709885,12.473091827337042,12.42365953826266
2012-12-17,12.515824527240545,12.504003132709885,12.473091827337042
2012-12-18,12.509466222446646,12.515824527240545,12.504003132709885
2012-12-19,12.487287562425662,12.509466222446646,12.515824527240545
2012-12-20,12.453824514764765,12.487287562425662,12.509466222446646
2012-12-21,12.4164527155468,12.453824514764765,12.487287562425662
2012-12-24,12.384955669506521,12.4164527155468,12.453824514764765
2012-12-26,12.369404607968075,12.384955669506521,12.4164527155468
2012-12-27,12.376847446057765,12.369404607968075,12.384955669506521
2012-12-28,12.408019739837771,12.376847446057765,12.369404607968075
2012-12-31,12.455715407305416,12.408019739837771,12.376847446057765
2013-01-02,12.506036930060256,12.455715407305416,12.408019739837771
2013-01-03,12.542620114933388,12.506036930060256,12.455715407305416
2013-01-04,12.552331331461414,12.542620114933388,12.506036930060256
2013-01-07,12.5298775618916,12.552331331461414,12.542620114933388
2013-01-08,12.479189635319674,12.5298775618916,12.552331331461414
2013-01-09,12.411126993116872,12.479189635319674,12.5298775618916
2013-01-10,12.33898571401619,12.411126993116872,12.479189635319674
2013-01-11,12.274216362013096,12.33898571401619,12.411126993116872
2013-01-14,12.224004866573146,12.274216362013096,12.33898571401619
2013-01-15,12.191121807948205,12.224004866573146,12.274216362013096
2013-01-16,12.175173359421505,12.191121807948205,12.224004866573146
2013-01-17,12.174233189780015,12.175173359421505,12.191121807948205
2013-01-18,12.185912661697735,12.174233189780015,12.175173359421505
2013-01-22,12.207607208489147,12.185912661697735,12.174233189780015
2013-01-23,12.236068105575583,12.207607208489147,12.185912661697735
2013-01-24,12.266981855299873,12.236068105575583,12.207607208489147
2013-01-25,12.295387135321933,12.266981855299873,12.236068105575583
2013-01-28,12.316965292062694,12.295387135321933,12.266981855299873
2013-01-29,12.329643878191643,12.316965292062694,12.295387135321933
2013-01-30,12.33433900868338,12.329643878191643,12.316965292062694
2013-01-31,12.334414448635329,12.33433900868338,12.329643878191643
2013-02-01,12.334155831579293,12.334414448635329,12.33433900868338
2013-02-04,12.337236132892684,12.334155831579293,12.334414448635329
2013-02-05,12.345891336517413,12.337236132892684,12.334155831579293
2013-02-06,12.360893048788885,12.345891336517413,12.337236132892684
2013-02-07,12.381906416874216,12.360893048788885,12.345891336517413
2013-02-08,12.407673869341219,12.381906416874216,12.360893048788885
2013-02-11,12.435921716711434,12.407673869341219,12.381906416874216
2013-02-12,12.463256604601572,12.435921716711434,12.407673869341219
2013-02-13,12.485517547858588,12.463256604601572,12.435921716711434
2013-02-14,12.498913076443984,12.485517547858588,12.463256604601572
2013-02-15,12.50163479303032,12.498913076443984,12.485517547858588
2013-02-19,12.495153661467256,12.50163479303032,12.498913076443984
2013-02-20,12.484341694165831,12.495153661467256,12.50163479303032
2013-02-21,12.47604846111955,12.484341694165831,12.495153661467256
2013-02-22,12.476792459883193,12.47604846111955,12.484341694165831
2013-02-25,12.49055426732681,12.476792459883193,12.47604846111955
2013-02-26,12.517699019203457,12.49055426732681,12.476792459883193
2013-02-27,12.555202138715309,12.517699019203457,12.49055426732681
2013-02-28,12.597953011123284,12.555202138715309,12.517699019203457
2013-03-01,12.640390682550468,12.597953011123284,12.555202138715309
2013-03-04,12.677846781132592,12.640390682550468,12.597953011123284
2013-03-05,12.707202218762651,12.677846781132592,12.640390682550468
2013-03-06,12.726955108814034,12.707202218762651,12.677846781132592
2013-03-07,12.736861530215387,12.726955108814034,12.707202218762651
2013-03-08,12.737420821802433,12.736861530215387,12.726955108814034
2013-03-11,12.72942376934733,12.737420821802433,12.736861530215387
2013-03-12,12.713713474070657,12.72942376934733,12.737420821802433
2013-03-13,12.691223272359514,12.713713474070657,12.72942376934733
2013-03-14,12.663316512298007,12.691223272359514,12.713713474070657
2013-03-15,12.632051208070934,12.663316512298007,12.691223272359514
2013-03-18,12.6002436843558,12.632051208070934,12.663316512298007
2013-03-19,12.57108206839409,12.6002436843558,12.632051208070934
2013-03-20,12.547380433099631,12.57108206839409,12.6002436843558
2013-03-21,12.530697554838776,12.547380433099631,12.57108206839409
2013-03-22,12.520514524996848,12.530697554838776,12.547380433099631
2013-03-25,12.513953053381336,12.520514524996848,12.530697554838776
2013-03-26,12.506532299881734,12.513953053381336,12.520514524996848
2013-03-27,12.494100513521298,12.506532299881734,12.513953053381336
2013-03-28,12.475409674140653,12.494100513521298,12.506532299881734
2013-04-01,12.453791624739928,12.475409674140653,12.494100513521298
2013-04-02,12.436775257776496,12.453791624739928,12.475409674140653
2013-04-03,12.433405118387952,12.436775257776496,12.453791624739928
2013-04-04,12.450530246566231,12.433405118387952,12.436775257776496
2013-04-05,12.489926866785538,12.450530246566231,12.433405118387952
2013-04-08,12.547469544744205,12.489926866785538,12.450530246566231
2013-04-09,12.614404504597406,12.547469544744205,12.489926866785538
2013-04-10,12.679973585975025,12.614404504597406,12.547469544744205
2013-04-11,12.73440631746822,12.679973585975025,12.614404504597406
2013-04-12,12.771667829558039,12.73440631746822,12.679973585975025
2013-04-15,12.79140520200854,12.771667829558039,12.73440631746822
2013-04-16,12.799634399018128,12.79140520200854,12.771667829558039
2013-04-17,12.807542595329721,12.799634399018128,12.79140520200854
2013-04-18,12.828380221179625,12.807542595329721,12.799634399018128
2013-04-19,12.873158379044131,12.828380221179625,12.807542595329721
2013-04-22,12.946876370166205,12.873158379044131,12.828380221179625
2013-04-23,13.046857997286114,12.946876370166205,12.873158379044131
2013-04-24,13.164109854005456,13.046857997286114,12.946876370166205
2013-04-25,13.286764112811483,13.164109854005456,13.046857997286114
2013-04-26,13.40397690911919,13.286764112811483,13.164109854005456
2013-04-29,13.508505473999884,13.40397690911919,13.286764112811483
2013-04-30,13.597485375889235,13.508505473999884,13.40397690911919
2013-05-01,13.671983659894273,13.597485375889235,13.508505473999884
2013-05-02,13.736138593984183,13.671983659894273,13.597485375889235
2013-05-03,13.796204133849521,13.736138593984183,13.671983659894273
2013-05-06,13.859332394183228,13.796204133849521,13.736138593984183
2013-05-07,13.931875726516802,13.859332394183228,13.796204133849521
2013-05-08,14.017481069239569,13.931875726516802,13.859332394183228
2013-05-09,14.115889898828808,14.017481069239569,13.931875726516802
2013-05-10,14.222946900749434,14.115889898828808,14.017481069239569
2013-05-13,14.33180236092592,14.222946900749434,14.115889898828808
2013-05-14,14.434510064735838,14.33180236092592,14.222946900749434
2013-05-15,14.52343266834434,14.434510064735838,14.33180236092592
2013-05-16,14.592292255112241,14.52343266834434,14.434510064735838
2013-05-17,14.637121136134201,14.592292255112241,14.52343266834434
2013-05-20,14.657165975761735,14.637121136134201,14.592292255112241
2013-05-21,14.655248134650549,14.657165975761735,14.637121136134201
2013-05-22,14.637122333281464,14.655248134650549,14.657165975761735
2013-05-23,14.609725840938548,14.637122333281464,14.655248134650549
2013-05-24,14.579054171903376,14.609725840938548,14.637122333281464
2013-05-28,14.548641500506694,14.579054171903376,14.609725840938548
2013-05-29,14.519326920518138,14.548641500506694,14.579054171903376
2013-05-30,14.49024111550992,14.519326920518138,14.548641500506694
2013-05-31,14.460348621714498,14.49024111550992,14.519326920518138
2013-06-03,14.429595657801578,14.460348621714498,14.49024111550992
2013-06-04,14.399191321541986,14.429595657801578,14.460348621714498
2013-06-05,14.371122989296712,14.399191321541986,14.429595657801578
2013-06-06,14.34741844495981,14.371122989296712,14.399191321541986
2013-06-07,14.329906655417606,14.34741844495981,14.371122989296712
2013-06-10,14.320320511277178,14.329906655417606,14.34741844495981
2013-06-11,14.320306446944173,14.320320511277178,14.329906655417606
2013-06-12,14.330662795638663,14.320306446944173,14.320320511277178
2013-06-13,14.350077132810954,14.330662795638663,14.320306446944173
2013-06-14,14.37412392323693,14.350077132810954,14.330662795638663
2013-06-17,14.395616899462851,14.37412392323693,14.350077132810954
2013-06-18,14.406486694034815,14.395616899462851,14.37412392323693
2013-06-19,14.400511310505951,14.406486694034815,14.395616899462851
2013-06-20,14.375598412064118,14.400511310505951,14.406486694034815
2013-06-21,14.334579735167166,14.375598412064118,14.400511310505951
2013-06-24,14.284197108542198,14.334579735167166,14.375598412064118
2013-06-25,14.232882568835944,14.284197108542198,14.334579735167166
2013-06-26,14.188466415766726,14.232882568835944,14.284197108542198
2013-06-27,14.156628452876351,14.188466415766726,14.232882568835944
2013-06-28,14.140426160794362,14.156628452876351,14.188466415766726
2013-07-01,14.140706283370404,14.140426160794362,14.156628452876351
2013-07-02,14.156898197522894,14.140706283370404,14.140426160794362
2013-07-03,14.18773066748381,14.156898197522894,14.140706283370404
2013-07-05,14.231405937065187,14.18773066748381,14.156898197522894
2013-07-08,14.285262153220149,14.231405937065187,14.18773066748381
2013-07-09,14.345118245536744,14.285262153220149,14.231405937065187
2013-07-10,14.404961312525586,14.345118245536744,14.285262153220149
2013-07-11,14.457370865643624,14.404961312525586,14.345118245536744
2013-07-12,14.494919410193955,14.457370865643624,14.404961312525586
2013-07-15,14.51195978203091,14.494919410193955,14.457370865643624
2013-07-16,14.506287185029603,14.51195978203091,14.494919410193955
2013-07-17,14.479929414990497,14.506287185029603,14.51195978203091
2013-07-18,14.438846240664855,14.479929414990497,14.506287185029603
2013-07-19,14.391565507869755,14.438846240664855,14.479929414990497
2013-07-22,14.347250743562908,14.391565507869755,14.438846240664855
2013-07-23,14.313874230208107,14.347250743562908,14.391565507869755
2013-07-24,14.297084821787962,14.313874230208107,14.347250743562908
2013-07-25,14.299870192113708,14.297084821787962,14.313874230208107
2013-07-26,14.322574225165605,14.299870192113708,14.297084821787962
2013-07-29,14.362906336093735,14.322574225165605,14.299870192113708
2013-07-30,14.415857502104014,14.362906336093735,14.322574225165605
2013-07-31,14.474088070784383,14.415857502104014,14.362906336093735
2013-08-01,14.529168488571315,14.474088070784383,14.415857502104014
2013-08-02,14.573726444350653,14.529168488571315,14.474088070784383
2013-08-05,14.603774283786732,14.573726444350653,14.529168488571315
2013-08-06,14.620277000865565,14.603774283786732,14.573726444350653
2013-08-07,14.629159491595912,14.620277000865565,14.603774283786732
2013-08-08,14.639479425433342,14.629159491595912,14.620277000865565
2013-08-09,14.660183212742249,14.639479425433342,14.629159491595912
2013-08-12,14.696502475260102,14.660183212742249,14.639479425433342
2013-08-13,14.74752402408847,14.696502475260102,14.660183212742249
2013-08-14,14.806291319093518,14.74752402408847,14.696502475260102
2013-08-15,14.862608983202376,14.806291319093518,14.74752402408847
2013-08-16,14.907191923877608,14.862608983202376,14.806291319093518
2013-08-19,14.934919474525262,14.907191923877608,14.862608983202376
2013-08-20,14.945605735100237,14.934919474525262,14.907191923877608
2013-08-21,14.94248183080502,14.945605735100237,14.934919474525262
2013-08-22,14.929851601909412,14.94248183080502,14.945605735100237
2013-08-23,14.911600086283771,14.929851601909412,14.94248183080502
2013-08-26,14.891080536578395,14.911600086283771,14.929851601909412
2013-08-27,14.871854538438441,14.891080536578395,14.911600086283771
2013-08-28,14.858253222945851,14.871854538438441,14.891080536578395
2013-08-29,14.855270603636393,14.858253222945851,14.871854538438441
2013-08-30,14.867930139774385,14.855270603636393,14.858253222945851
2013-09-03,14.900478502354133,14.867930139774385,14.855270603636393
2013-09-04,14.955679988663851,14.900478502354133,14.867930139774385
2013-09-05,15.034069796433567,14.955679988663851,14.900478502354133
2013-09-06,15.133276911432379,15.034069796433567,14.955679988663851
2013-09-09,15.24763699253405,15.133276911432379,15.034069796433567
2013-09-10,15.368677672747067,15.24763699253405,15.133276911432379
2013-09-11,15.48658016484962,15.368677672747067,15.24763699253405
2013-09-12,15.592178488092246,15.48658016484962,15.368677672747067
2013-09-13,15.678587821055569,15.592178488092246,15.48658016484962
2013-09-16,15.741917215657338,15.678587821055569,15.592178488092246
2013-09-17,15.781121978991507,15.741917215657338,15.678587821055569
2013-09-18,15.797563189807594,15.781121978991507,15.741917215657338
2013-09-19,15.794507837366652,15.797563189807594,15.781121978991507
2013-09-20,15.77657502679812,15.794507837366652,15.797563189807594
2013-09-23,15.748897494546704,15.77657502679812,15.794507837366652
2013-09-24,15.716152325575077,15.748897494546704,15.77657502679812
2013-09-25,15.681813681491398,15.716152325575077,15.748897494546704
2013-09-26,15.64804141685382,15.681813681491398,15.716152325575077
2013-09-27,15.616013473592279,15.64804141685382,15.681813681491398
2013-09-30,15.586339609007508,15.616013473592279,15.64804141685382
2013-10-01,15.559170657843325,15.586339609007508,15.616013473592279
2013-10-02,15.534129255464377,15.559170657843325,15.586339609007508
2013-10-03,15.51041706465044,15.534129255464377,15.559170657843325
2013-10-04,15.487398059945107,15.51041706465044,15.534129255464377
2013-10-07,15.465528621332012,15.487398059945107,15.51041706465044
2013-10-08,15.447053584814707,15.465528621332012,15.487398059945107
2013-10-09,15.435788502506297,15.447053584814707,15.465528621332012
2013-10-10,15.435874132970712,15.435788502506297,15.447053584814707
2013-10-11,15.449938373992959,15.435874132970712,15.435788502506297
2013-10-14,15.477502595338358,15.449938373992959,15.435874132970712
2013-10-15,15.514269892545421,15.477502595338358,15.449938373992959
2013-10-16,15.55258615514215,15.514269892545421,15.477502595338358
2013-10-17,15.582979416006568,15.55258615514215,15.514269892545421
2013-10-18,15.59653956388134,15.582979416006568,15.55258615514215
2013-10-21,15.587433523922437,15.59653956388134,15.582979416006568
2013-10-22,15.554692771657752,15.587433523922437,15.59653956388134
2013-10-23,15.502455922763236,15.554692771657752,15.587433523922437
2013-10-24,15.43822949452381,15.502455922763236,15.554692771657752
2013-10-25,15.37003883017955,15.43822949452381,15.502455922763236
2013-10-28,15.303812243023298,15.37003883017955,15.43822949452381
2013-10-29,15.24236897074737,15.303812243023298,15.37003883017955
2013-10-30,15.186646455552221,15.24236897074737,15.303812243023298
2013-10-31,15.1383370338737,15.186646455552221,15.24236897074737
2013-11-01,15.102410086579253,15.1383370338737,15.186646455552221
2013-11-04,15.08762266434186,15.102410086579253,15.1383370338737
2013-11-05,15.10426403419412,15.08762266434186,15.102410086579253
2013-11-06,15.159683575180914,15.10426403419412,15.08762266434186
2013-11-07,15.253738283187912,15.159683575180914,15.10426403419412
2013-11-08,15.376348117209945,15.253738283187912,15.159683575180914
2013-11-11,15.508675389475394,15.376348117209945,15.253738283187912
2013-11-12,15.62766713359675,15.508675389475394,15.376348117209945
2013-11-13,15.71244468194931,15.62766713359675,15.508675389475394
2013-11-14,15.750297531185145,15.71244468194931,15.62766713359675
2013-11-15,15.740361137275912,15.750297531185145,15.71244468194931
2013-11-18,15.693608404217311,15.740361137275912,15.750297531185145
2013-11-19,15.629119608758666,15.693608404217311,15.740361137275912
2013-11-20,15.567850869080743,15.629119608758666,15.693608404217311
2013-11-21,15.52631382389101,15.567850869080743,15.629119608758666
2013-11-22,15.512417047648968,15.52631382389101,15.567850869080743
2013-11-25,15.52486588125094,15.512417047648968,15.52631382389101
2013-11-26,15.555501559278765,15.52486588125094,15.512417047648968
2013-11-27,15.592924453210099,15.555501559278765,15.52486588125094
2013-11-29,15.625842223482238,15.592924453210099,15.555501559278765
2013-12-02,15.64511090168716,15.625842223482238,15.592924453210099
2013-12-03,15.644819267141907,15.64511090168716,15.625842223482238
2013-12-04,15.622805732539373,15.644819267141907,15.64511090168716
2013-12-05,15.5806514719406,15.622805732539373,15.644819267141907
2013-12-06,15.523133606001064,15.5806514719406,15.622805732539373
2013-12-09,15.457135987405618,15.523133606001064,15.5806514719406
2013-12-10,15.390581949556834,15.457135987405618,15.523133606001064
2013-12-11,15.33174884713992,15.390581949556834,15.457135987405618
2013-12-12,15.288832729574922,15.33174884713992,15.390581949556834
2013-12-13,15.269096223186185,15.288832729574922,15.33174884713992
2013-12-16,15.277368153454066,15.269096223186185,15.288832729574922
2013-12-17,15.31433795000125,15.277368153454066,15.269096223186185
2013-12-18,15.37575659776299,15.31433795000125,15.277368153454066
2013-12-19,15.453292007197707,15.37575659776299,15.31433795000125
2013-12-20,15.536840856573175,15.453292007197707,15.37575659776299
2013-12-23,15.617301950657199,15.536840856573175,15.453292007197707
2013-12-24,15.688509788625062,15.617301950657199,15.536840856573175
2013-12-26,15.747780052453423,15.688509788625062,15.617301950657199
2013-12-27,15.795199532636461,15.747780052453423,15.688509788625062
2013-12-30,15.832429835277386,15.795199532636461,15.747780052453423
2013-12-31,15.861546707254423,15.832429835277386,15.795199532636461
2014-01-02,15.883984716394068,15.861546707254423,15.832429835277386
2014-01-03,15.899781694274159,15.883984716394068,15.861546707254423
2014-01-06,15.907602408468103,15.899781694274159,15.883984716394068
2014-01-07,15.906007680033854,15.907602408468103,15.899781694274159
2014-01-08,15.895629440890566,15.906007680033854,15.907602408468103
2014-01-09,15.880653900997004,15.895629440890566,15.906007680033854
2014-01-10,15.86798762692939,15.880653900997004,15.895629440890566
2014-01-13,15.86409671653334,15.86798762692939,15.880653900997004
2014-01-14,15.871224631032442,15.86409671653334,15.86798762692939
2014-01-15,15.885576488376476,15.871224631032442,15.86409671653334
2014-01-16,15.898623813839897,15.885576488376476,15.871224631032442
2014-01-17,15.900747561497047,15.898623813839897,15.885576488376476
2014-01-21,15.885279676004,15.900747561497047,15.898623813839897
2014-01-22,15.851054328730239,15.885279676004,15.900747561497047
2014-01-23,15.802640100667485,15.851054328730239,15.885279676004
2014-01-24,15.748420105918887,15.802640100667485,15.851054328730239
2014-01-27,15.697476955192624,15.748420105918887,15.802640100667485
2014-01-28,15.656722839718565,15.697476955192624,15.748420105918887
2014-01-29,15.629690537291058,15.656722839718565,15.697476955192624
2014-01-30,15.617425343872087,15.629690537291058,15.656722839718565
2014-01-31,15.620978041785817,15.617425343872087,15.629690537291058
2014-02-03,15.643771022538086,15.620978041785817,15.617425343872087
2014-02-04,15.692596660551498,15.643771022538086,15.620978041785817
2014-02-05,15.77668174816062,15.692596660551498,15.643771022538086
2014-02-06,15.905226680620224,15.77668174816062,15.692596660551498
2014-02-07,16.08442776200094,15.905226680620224,15.77668174816062
2014-02-10,16.314858179188693,16.08442776200094,15.905226680620224
2014-02-11,16.5900308015746,16.314858179188693,16.08442776200094
2014-02-12,16.896673872775967,16.5900308015746,16.314858179188693
2014-02-13,17.216765497430206,16.896673872775967,16.5900308015746
2014-02-14,17.530665733294335,17.216765497430206,16.896673872775967
2014-02-18,17.82015489533503,17.530665733294335,17.216765497430206
2014-02-19,18.070498877639224,17.82015489533503,17.530665733294335
2014-02-20,18.27147185226501,18.070498877639224,17.82015489533503
2014-02-21,18.417898143458828,18.27147185226501,18.070498877639224
2014-02-24,18.510101873067935,18.417898143458828,18.27147185226501
2014-02-25,18.554028675070413,18.510101873067935,18.417898143458828
2014-02-26,18.560306676148933,18.554028675070413,18.510101873067935
2014-02-27,18.541831228243108,18.560306676148933,18.554028675070413
2014-02-28,18.510483719275165,18.541831228243108,18.560306676148933
2014-03-03,18.47425563028704,18.510483719275165,18.541831228243108
2014-03-04,18.436171517600616,18.47425563028704,18.510483719275165
2014-03-05,18.395400369784355,18.436171517600616,18.47425563028704
2014-03-06,18.349812686669466,18.395400369784355,18.436171517600616
2014-03-07,18.29869973880026,18.349812686669466,18.395400369784355
2014-03-10,18.244504194555144,18.29869973880026,18.349812686669466
2014-03-11,18.19324512496165,18.244504194555144,18.29869973880026
2014-03-12,18.153480706977223,18.19324512496165,18.244504194555144
2014-03-13,18.13382207529511,18.153480706977223,18.19324512496165
2014-03-14,18.139606031423035,18.13382207529511,18.153480706977223
2014-03-17,18.16967126030005,18.139606031423035,18.13382207529511
2014-03-18,18.215285590438818,18.16967126030005,18.139606031423035
2014-03-19,18.262163818327966,18.215285590438818,18.16967126030005
2014-03-20,18.29540379345301,18.262163818327966,18.215285590438818
2014-03-21,18.305168504858344,18.29540379345301,18.262163818327966
2014-03-24,18.29063473117689,18.305168504858344,18.29540379345301
2014-03-25,18.260445418521684,18.29063473117689,18.305168504858344
2014-03-26,18.22933109955885,18.260445418521684,18.29063473117689
2014-03-27,18.21227221744166,18.22933109955885,18.260445418521684
2014-03-28,18.21862893232754,18.21227221744166,18.22933109955885
2014-03-31,18.249015522139864,18.21862893232754,18.21227221744166
2014-04-01,18.29619177105977,18.249015522139864,18.21862893232754
2014-04-02,18.34911339336417,18.29619177105977,18.249015522139864
2014-04-03,18.397604407271196,18.34911339336417,18.29619177105977
2014-04-04,18.43509791012501,18.397604407271196,18.34911339336417
2014-04-07,18.459011797700445,18.43509791012501,18.397604407271196
2014-04-08,18.469970077724128,18.459011797700445,18.43509791012501
2014-04-09,18.47140486676587,18.469970077724128,18.459011797700445
2014-04-10,18.469497133675684,18.47140486676587,18.469970077724128
2014-04-11,18.47242717502693,18.469497133675684,18.47140486676587
2014-04-14,18.488274481509396,18.47242717502693,18.469497133675684
2014-04-15,18.52207888945874,18.488274481509396,18.47242717502693
2014-04-16,18.573613903384675,18.52207888945874,18.488274481509396
2014-04-17,18.636807573458075,18.573613903384675,18.52207888945874
2014-04-21,18.701102528604835,18.636807573458075,18.573613903384675
2014-04-22,18.754278842876854,18.701102528604835,18.636807573458075
2014-04-23,18.785837936173856,18.754278842876854,18.701102528604835
2014-04-24,18.790139956881195,18.785837936173856,18.754278842876854
2014-04-25,18.767740015568304,18.790139956881195,18.785837936173856
2014-04-28,18.724622706278232,18.767740015568304,18.790139956881195
2014-04-29,18.669499311184165,18.724622706278232,18.767740015568304
2014-04-30,18.610632059840807,18.669499311184165,18.724622706278232
2014-05-01,18.55376344118774,18.610632059840807,18.669499311184165
2014-05-02,18.501670991383627,18.55376344118774,18.610632059840807
2014-05-05,18.455021661793147,18.501670991383627,18.55376344118774
2014-05-06,18.41338756726367,18.455021661793147,18.501670991383627
2014-05-07,18.375885779672757,18.41338756726367,18.455021661793147
2014-05-08,18.341481489999836,18.375885779672757,18.41338756726367
2014-05-09,18.309418482570216,18.341481489999836,18.375885779672757
2014-05-12,18.280006080309494,18.309418482570216,18.341481489999836
2014-05-13,18.255349364551293,18.280006080309494,18.309418482570216
2014-05-14,18.239305653221233,18.255349364551293,18.280006080309494
2014-05-15,18.236430225320785,18.239305653221233,18.255349364551293
2014-05-16,18.25055681737842,18.236430225320785,18.239305653221233
2014-05-19,18.283782923428245,18.25055681737842,18.236430225320785
2014-05-20,18.33621887043797,18.283782923428245,18.25055681737842
2014-05-21,18.406087050247784,18.33621887043797,18.283782923428245
2014-05-22,18.48955699379522,18.406087050247784,18.33621887043797
2014-05-23,18.58054461670387,18.48955699379522,18.406087050247784
2014-05-27,18.671139296261423,18.58054461670387,18.48955699379522
2014-05-28,18.75331539336416,18.671139296261423,18.58054461670387
2014-05-29,18.821373777048986,18.75331539336416,18.671139296261423
2014-05-30,18.873888457922853,18.821373777048986,18.75331539336416
2014-06-02,18.91416968187756,18.873888457922853,18.821373777048986
2014-06-03,18.948850236201018,18.91416968187756,18.873888457922853
2014-06-04,18.985516117253084,18.948850236201018,18.91416968187756
2014-06-05,19.030230010514988,18.985516117253084,18.948850236201018
2014-06-06,19.085759313106198,19.030230010514988,18.985516117253084
2014-06-09,19.15080038458141,19.085759313106198,19.030230010514988
2014-06-10,19.21995786688579,19.15080038458141,19.085759313106198
2014-06-11,19.284592070237597,19.21995786688579,19.15080038458141
2014-06-12,19.334197962867307,19.284592070237597,19.21995786688579
2014-06-13,19.35828214512533,19.334197962867307,19.284592070237597
2014-06-16,19.3485185694715,19.35828214512533,19.334197962867307
2014-06-17,19.300890678261617,19.3485185694715,19.35828214512533
2014-06-18,19.217282628604785,19.300890678261617,19.3485185694715
2014-06-19,19.105953009906912,19.217282628604785,19.300890678261617
2014-06-20,18.980368671813988,19.105953009906912,19.217282628604785
2014-06-23,18.85644752912345,18.980368671813988,19.105953009906912
2014-06-24,18.749130104245044,18.85644752912345,18.980368671813988
2014-06-25,18.66930422514512,18.749130104245044,18.85644752912345
2014-06-26,18.62204062230168,18.66930422514512,18.749130104245044
2014-06-27,18.606529910442994,18.62204062230168,18.66930422514512
2014-06-30,18.6175641741306,18.606529910442994,18.62204062230168
2014-07-01,18.64798050583041,18.6175641741306,18.606529910442994
2014-07-02,18.691270001481918,18.64798050583041,18.6175641741306
2014-07-03,18.743155350108946,18.691270001481918,18.64798050583041
2014-07-07,18.801537262948383,18.743155350108946,18.691270001481918
2014-07-08,18.8648657340222,18.801537262948383,18.743155350108946
2014-07-09,18.929794507870643,18.8648657340222,18.801537262948383
2014-07-10,18.989534995408523,18.929794507870643,18.8648657340222
2014-07-11,19.033860466459224,18.989534995408523,18.929794507870643
2014-07-14,19.050999188827134,19.033860466459224,18.989534995408523
2014-07-15,19.03081789400012,19.050999188827134,19.033860466459224
2014-07-16,18.968231855363737,19.03081789400012,19.050999188827134
2014-07-17,18.865151136721096,18.968231855363737,19.03081789400012
2014-07-18,18.73025926855042,18.865151136721096,18.968231855363737
2014-07-21,18.576610528432923,18.73025926855042,18.865151136721096
2014-07-22,18.418276892172067,18.576610528432923,18.73025926855042
2014-07-23,18.267504755914633,18.418276892172067,18.576610528432923
2014-07-24,18.13298441843424,18.267504755914633,18.418276892172067
2014-07-25,18.01950576305652,18.13298441843424,18.267504755914633
2014-07-28,17.928528475495312,18.01950576305652,18.13298441843424
2014-07-29,17.859620956512543,17.928528475495312,18.01950576305652
2014-07-30,17.812502890032338,17.859620956512543,17.928528475495312
2014-07-31,17.789091055596465,17.812502890032338,17.859620956512543
2014-08-01,17.794402159552938,17.789091055596465,17.812502890032338
2014-08-04,17.835345183322765,17.794402159552938,17.789091055596465
2014-08-05,17.917416465982996,17.835345183322765,17.794402159552938
2014-08-06,18.040652731289494,17.917416465982996,17.835345183322765
2014-08-07,18.19704897682961,18.040652731289494,17.917416465982996
2014-08-08,18.371487913639076,18.19704897682961,18.040652731289494
2014-08-11,18.545970571164887,18.371487913639076,18.19704897682961
2014-08-12,18.705151928772693,18.545970571164887,18.371487913639076
2014-08-13,18.840041025977875,18.705151928772693,18.545970571164887
2014-08-14,18.948229088517568,18.840041025977875,18.705151928772693
2014-08-15,19.03157997755616,18.948229088517568,18.840041025977875
2014-08-18,19.093665821683253,19.03157997755616,18.948229088517568
2014-08-19,19.13868681143271,19.093665821683253,19.03157997755616
2014-08-20,19.17170232863076,19.13868681143271,19.093665821683253
2014-08-21,19.19895024265078,19.17170232863076,19.13868681143271
2014-08-22,19.227137010787896,19.19895024265078,19.17170232863076
2014-08-25,19.26200942088425,19.227137010787896,19.19895024265078
2014-08-26,19.307120395726756,19.26200942088425,19.227137010787896
2014-08-27,19.363280212661635,19.307120395726756,19.26200942088425
2014-08-28,19.428596808330433,19.363280212661635,19.307120395726756
2014-08-29,19.498306542118602,19.428596808330433,19.363280212661635
2014-09-02,19.564852878304574,19.498306542118602,19.428596808330433
2014-09-03,19.618537269296464,19.564852878304574,19.498306542118602
2014-09-04,19.64941376919846,19.618537269296464,19.564852878304574
2014-09-05,19.650090216333826,19.64941376919846,19.618537269296464
2014-09-08,19.61829748099657,19.650090216333826,19.64941376919846
2014-09-09,19.558004827403803,19.61829748099657,19.650090216333826
2014-09-10,19.47855705097743,19.558004827403803,19.61829748099657
2014-09-11,19.391966156192034,19.47855705097743,19.558004827403803
2014-09-12,19.309297671330953,19.391966156192034,19.47855705097743
2014-09-15,19.237305792396292,19.309297671330953,19.391966156192034
2014-09-16,19.176669439267776,19.237305792396292,19.309297671330953
2014-09-17,19.122593260853748,19.176669439267776,19.237305792396292
2014-09-18,19.067644347404364,19.122593260853748,19.176669439267776
2014-09-19,19.005310000140245,19.067644347404364,19.122593260853748
2014-09-22,18.932539059571386,19.005310000140245,19.067644347404364
2014-09-23,18.8501580622817,18.932539059571386,19.005310000140245
2014-09-24,18.76155276981002,18.8501580622817,18.932539059571386
2014-09-25,18.670743503293515,18.76155276981002,18.8501580622817
2014-09-26,18.58085934556398,18.670743503293515,18.76155276981002
2014-09-29,18.4934433832174,18.58085934556398,18.670743503293515
2014-09-30,18.40835033332619,18.4934433832174,18.58085934556398
2014-10-01,18.3237447260328,18.40835033332619,18.4934433832174
2014-10-02,18.236116684789433,18.3237447260328,18.40835033332619
2014-10-03,18.14070284570055,18.236116684789433,18.3237447260328
2014-10-06,18.032927536676624,18.14070284570055,18.236116684789433
2014-10-07,17.911172718826755,18.032927536676624,18.14070284570055
2014-10-08,17.779772438191696,17.911172718826755,18.032927536676624
2014-10-09,17.650332743102112,17.779772438191696,17.911172718826755
2014-10-10,17.539819451554827,17.650332743102112,17.779772438191696
2014-10-13,17.465539035708513,17.539819451554827,17.650332743102112
2014-10-14,17.43955195014966,17.465539035708513,17.539819451554827
2014-10-15,17.46535880979108,17.43955195014966,17.465539035708513
2014-10-16,17.53823496264864,17.46535880979108,17.43955195014966
2014-10-17,17.648303678407714,17.53823496264864,17.46535880979108
2014-10-20,17.78422244719658,17.648303678407714,17.53823496264864
2014-10-21,17.93595694280775,17.78422244719658,17.648303678407714
2014-10-22,18.096242148370273,17.93595694280775,17.78422244719658
2014-10-23,18.261170409396318,18.096242148370273,17.93595694280775
2014-10-24,18.430082517230822,18.261170409396318,18.096242148370273
2014-10-27,18.60485041747551,18.430082517230822,18.261170409396318
2014-10-28,18.78821485482238,18.60485041747551,18.430082517230822
2014-10-29,18.981163290194036,18.78821485482238,18.60485041747551
2014-10-30,19.18014142086391,18.981163290194036,18.78821485482238
2014-10-31,19.37570016484586,19.18014142086391,18.981163290194036
2014-11-03,19.553675958800063,19.37570016484586,19.18014142086391
2014-11-04,19.69916605593675,19.553675958800063,19.37570016484586
2014-11-05,19.80154490632323,19.69916605593675,19.553675958800063
2014-11-06,19.858278756060237,19.80154490632323,19.69916605593675
2014-11-07,19.875861760366632,19.858278756060237,19.80154490632323
2014-11-10,19.86790354737758,19.875861760366632,19.858278756060237
2014-11-11,19.85136233048096,19.86790354737758,19.875861760366632
2014-11-12,19.84262674986463,19.85136233048096,19.86790354737758
2014-11-13,19.854292070051535,19.84262674986463,19.85136233048096
2014-11-14,19.89327298179708,19.854292070051535,19.84262674986463
2014-11-17,19.96042614724412,19.89327298179708,19.854292070051535
2014-11-18,20.051532448807794,19.96042614724412,19.89327298179708
2014-11-19,20.159079023102098,20.051532448807794,19.96042614724412
2014-11-20,20.274271688807623,20.159079023102098,20.051532448807794
2014-11-21,20.388576872972052,20.274271688807623,20.159079023102098
2014-11-24,20.494884702877915,20.388576872972052,20.274271688807623
2014-11-25,20.588163775447285,20.494884702877915,20.388576872972052
2014-11-26,20.66575522109871,20.588163775447285,20.494884702877915
2014-11-28,20.726811092065766,20.66575522109871,20.588163775447285
2014-12-01,20.770968773218133,20.726811092065766,20.66575522109871
2014-12-02,20.796419033255223,20.770968773218133,20.726811092065766
2014-12-03,20.798825565245068,20.796419033255223,20.770968773218133
2014-12-04,20.77200686363542,20.798825565245068,20.796419033255223
2014-12-05,20.71064028931314,20.77200686363542,20.798825565245068
2014-12-08,20.613943087904723,20.71064028931314,20.77200686363542
2014-12-09,20.48867901489191,20.613943087904723,20.71064028931314
2014-12-10,20.34988680410202,20.48867901489191,20.613943087904723
2014-12-11,20.218757777777526,20.34988680410202,20.48867901489191
2014-12-12,20.117772798816517,20.218757777777526,20.34988680410202
2014-12-15,20.064496592313287,20.117772798816517,20.218757777777526
2014-12-16,20.066075273821596,20.064496592313287,20.117772798816517
2014-12-17,20.11680519593333,20.066075273821596,20.064496592313287
2014-12-18,20.199856040959816,20.11680519593333,20.066075273821596
2014-12-19,20.29243296349985,20.199856040959816,20.11680519593333
2014-12-22,20.372067955165832,20.29243296349985,20.199856040959816
2014-12-23,20.421571073728128,20.372067955165832,20.29243296349985
2014-12-24,20.431191579594,20.421571073728128,20.372067955165832
2014-12-26,20.39841435736053,20.431191579594,20.421571073728128
2014-12-29,20.326612001165003,20.39841435736053,20.431191579594
2014-12-30,20.223928541453155,20.326612001165003,20.39841435736053
2014-12-31,20.10249099557431,20.223928541453155,20.326612001165003
2015-01-02,19.977426623477676,20.10249099557431,20.223928541453155
2015-01-05,19.864573879816838,19.977426623477676,20.10249099557431
2015-01-06,19.777059528201267,19.864573879816838,19.977426623477676
2015-01-07,19.721995126834994,19.777059528201267,19.864573879816838
2015-01-08,19.699392770445165,19.721995126834994,19.777059528201267
2015-01-09,19.70418484390638,19.699392770445165,19.721995126834994
2015-01-12,19.730236348000567,19.70418484390638,19.699392770445165
2015-01-13,19.77357411385791,19.730236348000567,19.70418484390638
2015-01-14,19.83275819160145,19.77357411385791,19.730236348000567
2015-01-15,19.90608958671392,19.83275819160145,19.77357411385791
2015-01-16,19.987762790715568,19.90608958671392,19.83275819160145
2015-01-20,20.065807831894492,19.987762790715568,19.90608958671392
2015-01-21,20.1237341048697,20.065807831894492,19.987762790715568
2015-01-22,20.14595295547808,20.1237341048697,20.065807831894492
2015-01-23,20.12476482110791,20.14595295547808,20.1237341048697
2015-01-26,20.06531560727087,20.12476482110791,20.14595295547808
2015-01-27,19.98581201955815,20.06531560727087,20.12476482110791
2015-01-28,19.91211081987428,19.98581201955815,20.06531560727087
2015-01-29,19.86936057872904,19.91211081987428,19.98581201955815
2015-01-30,19.87439967737502,19.86936057872904,19.91211081987428
2015-02-02,19.9325220507089,19.87439967737502,19.86936057872904
2015-02-03,20.03942643679156,19.9325220507089,19.87439967737502
2015-02-04,20.18653057708402,20.03942643679156,19.9325220507089
2015-02-05,20.36625647286302,20.18653057708402,20.03942643679156
2015-02-06,20.57417864545003,20.36625647286302,20.18653057708402
2015-02-09,20.80705707348912,20.57417864545003,20.36625647286302
2015-02-10,21.058541530071963,20.80705707348912,20.57417864545003
2015-02-11,21.316029069392307,21.058541530071963,20.80705707348912
2015-02-12,21.56135784756089,21.316029069392307,21.058541530071963
2015-02-13,21.775666745108186,21.56135784756089,21.316029069392307
2015-02-17,21.94546625085053,21.775666745108186,21.56135784756089
2015-02-18,22.06658823825624,21.94546625085053,21.775666745108186
2015-02-19,22.144144642449742,22.06658823825624,21.94546625085053
2015-02-20,22.18918079135662,22.144144642449742,22.06658823825624
2015-02-23,22.214621275420697,22.18918079135662,22.144144642449742
2015-02-24,22.232285383231392,22.214621275420697,22.18918079135662
2015-02-25,22.251494351103958,22.232285383231392,22.214621275420697
2015-02-26,22.278710892355562,22.251494351103958,22.232285383231392
2015-02-27,22.31744045899765,22.278710892355562,22.251494351103958
2015-03-02,22.36825263495615,22.31744045899765,22.278710892355562
2015-03-03,22.42914697019875,22.36825263495615,22.31744045899765
2015-03-04,22.49619697544883,22.42914697019875,22.36825263495615
2015-03-05,22.564721256134387,22.49619697544883,22.42914697019875
2015-03-06,22.63048014725576,22.564721256134387,22.49619697544883
2015-03-09,22.690731410694706,22.63048014725576,22.564721256134387
2015-03-10,22.744774844554843,22.690731410694706,22.63048014725576
2015-03-11,22.793453009949502,22.744774844554843,22.690731410694706
2015-03-12,22.837480448134954,22.793453009949502,22.744774844554843
2015-03-13,22.874916110344003,22.837480448134954,22.793453009949502
2015-03-16,22.89891762432924,22.874916110344003,22.837480448134954
2015-03-17,22.897078647525255,22.89891762432924,22.874916110344003
2015-03-18,22.853742001152916,22.897078647525255,22.89891762432924
2015-03-19,22.75514382593865,22.853742001152916,22.897078647525255
2015-03-20,22.59596806765489,22.75514382593865,22.853742001152916
2015-03-23,22.384135460546958,22.59596806765489,22.75514382593865
2015-03-24,22.141119170143025,22.384135460546958,22.59596806765489
2015-03-25,21.896862690746204,22.141119170143025,22.384135460546958
2015-03-26,21.6816038950102,21.896862690746204,22.141119170143025
2015-03-27,21.518750728480615,21.6816038950102,21.896862690746204
2015-03-30,21.421684469379034,21.518750728480615,21.6816038950102
2015-03-31,21.394477778790723,21.421684469379034,21.518750728480615
2015-04-01,21.434081637569335,21.394477778790723,21.421684469379034
2015-04-02,21.531672470300272,21.434081637569335,21.394477778790723
2015-04-06,21.67293837611752,21.531672470300272,21.434081637569335
2015-04-07,21.838668142935674,21.67293837611752,21.531672470300272
2015-04-08,22.006954893503107,21.838668142935674,21.67293837611752
2015-04-09,22.157004573874605,22.006954893503107,21.838668142935674
2015-04-10,22.273077352147904,22.157004573874605,22.006954893503107
2015-04-13,22.34709093265583,22.273077352147904,22.157004573874605
2015-04-14,22.379183525163604,22.34709093265583,22.273077352147904
2015-04-15,22.37620769932226,22.379183525163604,22.34709093265583
2015-04-16,22.34916623584272,22.37620769932226,22.379183525163604
2015-04-17,22.31031462078518,22.34916623584272,22.37620769932226
2015-04-20,22.270641790735713,22.31031462078518,22.34916623584272
2015-04-21,22.238154631427644,22.270641790735713,22.31031462078518
2015-04-22,22.217285058525807,22.238154631427644,22.270641790735713
2015-04-23,22.20940361194863,22.217285058525807,22.238154631427644
2015-04-24,22.213575467702423,22.20940361194863,22.217285058525807
2015-04-27,22.22686610803545,22.213575467702423,22.20940361194863
2015-04-28,22.243907863861743,22.22686610803545,22.213575467702423
2015-04-29,22.256160607381222,22.243907863861743,22.22686610803545
2015-04-30,22.251967806860783,22.256160607381222,22.243907863861743
2015-05-01,22.21831033070633,22.251967806860783,22.256160607381222
2015-05-04,22.1443939820869,22.21831033070633,22.251967806860783
2015-05-05,22.026042213515655,22.1443939820869,22.21831033070633
2015-05-06,21.86909820821221,22.026042213515655,22.1443939820869
2015-05-07,21.68989165453774,21.86909820821221,22.026042213515655
2015-05-08,21.511658897142624,21.68989165453774,21.86909820821221
2015-05-11,21.357432187189364,21.511658897142624,21.68989165453774
2015-05-12,21.2424621810563,21.357432187189364,21.511658897142624
2015-05-13,21.169817477713785,21.2424621810563,21.357432187189364
2015-05-14,21.131621957302755,21.169817477713785,21.2424621810563
2015-05-15,21.115341623302335,21.131621957302755,21.169817477713785
2015-05-18,21.111532394511556,21.115341623302335,21.131621957302755
2015-05-19,21.11894058697105,21.111532394511556,21.115341623302335
2015-05-20,21.144525798586958,21.11894058697105,21.111532394511556
2015-05-21,21.19866924078976,21.144525798586958,21.11894058697105
2015-05-22,21.287993257847496,21.19866924078976,21.144525798586958
2015-05-26,21.409705830318504,21.287993257847496,21.19866924078976
2015-05-27,21.550316346812117,21.409705830318504,21.287993257847496
2015-05-28,21.6896275704091,21.550316346812117,21.409705830318504
2015-05-29,21.807640208434997,21.6896275704091,21.550316346812117
2015-06-01,21.890891455960105,21.807640208434997,21.6896275704091
2015-06-02,21.934805706455784,21.890891455960105,21.807640208434997
2015-06-03,21.941810377621383,21.934805706455784,21.890891455960105
2015-06-04,21.91757278974935,21.941810377621383,21.934805706455784
2015-06-05,21.8682040140888,21.91757278974935,21.941810377621383
2015-06-08,21.799989639069274,21.8682040140888,21.91757278974935
2015-06-09,21.7207340277594,21.799989639069274,21.8682040140888
2015-06-10,21.640741690684635,21.7207340277594,21.799989639069274
2015-06-11,21.571786310991644,21.640741690684635,21.7207340277594
2015-06-12,21.523829596501677,21.571786310991644,21.640741690684635
2015-06-15,21.5007149602203,21.523829596501677,21.571786310991644
2015-06-16,21.497214573292815,21.5007149602203,21.523829596501677
2015-06-17,21.499281295692054,21.497214573292815,21.5007149602203
2015-06-18,21.488157159922945,21.499281295692054,21.497214573292815
2015-06-19,21.44670091798504,21.488157159922945,21.499281295692054
2015-06-22,21.364995337461686,21.44670091798504,21.488157159922945
2015-06-23,21.243010431799043,21.364995337461686,21.44670091798504
2015-06-24,21.089558884425635,21.243010431799043,21.364995337461686
2015-06-25,20.91866224405802,21.089558884425635,21.243010431799043
2015-06-26,20.74499772341439,20.91866224405802,21.089558884425635
2015-06-29,20.580012354580575,20.74499772341439,20.91866224405802
2015-06-30,20.42961872198142,20.580012354580575,20.74499772341439
2015-07-01,20.294529559359724,20.42961872198142,20.580012354580575
2015-07-02,20.17291090276553,20.294529559359724,20.42961872198142
2015-07-06,20.064015106888547,20.17291090276553,20.294529559359724
2015-07-07,19.970458616818092,20.064015106888547,20.17291090276553
2015-07-08,19.89746141537455,19.970458616818092,20.064015106888547
2015-07-09,19.849637343392494,19.89746141537455,19.970458616818092
2015-07-10,19.82737514613857,19.849637343392494,19.89746141537455
2015-07-13,19.825133546334953,19.82737514613857,19.849637343392494
2015-07-14,19.832542735855963,19.825133546334953,19.82737514613857
2015-07-15,19.83765575567227,19.832542735855963,19.825133546334953
2015-07-16,19.83081451783089,19.83765575567227,19.832542735855963
2015-07-17,19.80763949310747,19.83081451783089,19.83765575567227
2015-07-20,19.77037865558776,19.80763949310747,19.83081451783089
2015-07-21,19.727230151199826,19.77037865558776,19.80763949310747
2015-07-22,19.690071099409757,19.727230151199826,19.77037865558776
2015-07-23,19.671100027389194,19.690071099409757,19.727230151199826
2015-07-24,19.67994841351,19.671100027389194,19.690071099409757
2015-07-27,19.722138811333114,19.67994841351,19.671100027389194
2015-07-28,19.799643640733017,19.722138811333114,19.67994841351
2015-07-29,19.913506783383003,19.799643640733017,19.722138811333114
2015-07-30,20.06730289754591,19.913506783383003,19.799643640733017
2015-07-31,20.269188632280873,20.06730289754591,19.913506783383003
2015-08-03,20.530368200807672,20.269188632280873,20.06730289754591
2015-08-04,20.85913461429653,20.530368200807672,20.269188632280873
2015-08-05,21.25261086511947,20.85913461429653,20.530368200807672
2015-08-06,21.690409485861327,21.25261086511947,20.85913461429653
2015-08-07,22.134878550554877,21.690409485861327,21.25261086511947
2015-08-10,22.53925688239795,22.134878550554877,21.690409485861327
2015-08-11,22.86005933334225,22.53925688239795,22.134878550554877
2015-08-12,23.067830166924367,22.86005933334225,22.53925688239795
2015-08-13,23.15137572797298,23.067830166924367,22.86005933334225
2015-08-14,23.115662516962743,23.15137572797298,23.067830166924367
2015-08-17,22.977417041916958,23.115662516962743,23.15137572797298
2015-08-18,22.76222137859136,22.977417041916958,23.115662516962743
2015-08-19,22.504020125953097,22.76222137859136,22.977417041916958
2015-08-20,22.243945598509892,22.504020125953097,22.76222137859136
2015-08-21,22.02462683477444,22.243945598509892,22.504020125953097
2015-08-24,21.879819246196433,22.02462683477444,22.243945598509892
2015-08-25,21.82351965846978,21.879819246196433,22.02462683477444
2015-08-26,21.845374401530634,21.82351965846978,21.879819246196433
2015-08-27,21.91649784663956,21.845374401530634,21.82351965846978
2015-08-28,22.002970864018884,21.91649784663956,21.845374401530634
2015-08-31,22.079944728863456,22.002970864018884,21.91649784663956
2015-09-01,22.13883442425776,22.079944728863456,22.002970864018884
2015-09-02,22.185321440239292,22.13883442425776,22.079944728863456
2015-09-03,22.231611248685972,22.185321440239292,22.13883442425776
2015-09-04,22.28869777231229,22.231611248685972,22.185321440239292
2015-09-08,22.362280020134797,22.28869777231229,22.231611248685972
2015-09-09,22.452690526283483,22.362280020134797,22.28869777231229
2015-09-10,22.556731308074916,22.452690526283483,22.362280020134797
2015-09-11,22.66945236160936,22.556731308074916,22.452690526283483
2015-09-14,22.78490455280255,22.66945236160936,22.556731308074916
2015-09-15,22.896431294251986,22.78490455280255,22.66945236160936
2015-09-16,22.997716783756342,22.896431294251986,22.78490455280255
2015-09-17,23.084562348864306,22.997716783756342,22.896431294251986
2015-09-18,23.15714184361238,23.084562348864306,22.997716783756342
2015-09-21,23.22130304425481,23.15714184361238,23.084562348864306
2015-09-22,23.287833860861053,23.22130304425481,23.15714184361238
2015-09-23,23.369960302188886,23.287833860861053,23.22130304425481
2015-09-24,23.480046950103826,23.369960302188886,23.287833860861053
2015-09-25,23.626969517728213,23.480046950103826,23.369960302188886
2015-09-28,23.814942334882815,23.626969517728213,23.480046950103826
2015-09-29,24.04315453630151,23.814942334882815,23.626969517728213
2015-09-30,24.306201109638693,24.04315453630151,23.814942334882815
2015-10-01,24.594627482949534,24.306201109638693,24.04315453630151
2015-10-02,24.896143487160547,24.594627482949534,24.306201109638693
2015-10-05,25.19777975462498,24.896143487160547,24.594627482949534
2015-10-06,25.4889783830251,25.19777975462498,24.896143487160547
2015-10-07,25.76443116545462,25.4889783830251,25.19777975462498
2015-10-08,26.025188161498434,25.76443116545462,25.4889783830251
2015-10-09,26.276835531050963,26.025188161498434,25.76443116545462
2015-10-12,26.525227469828017,26.276835531050963,26.025188161498434
2015-10-13,26.77220699503316,26.525227469828017,26.276835531050963
2015-10-14,27.01403611694891,26.77220699503316,26.525227469828017
2015-10-15,27.24333445622063,27.01403611694891,26.77220699503316
2015-10-16,27.45322820289996,27.24333445622063,27.01403611694891
2015-10-19,27.640588853963592,27.45322820289996,27.24333445622063
2015-10-20,27.806078793653878,27.640588853963592,27.45322820289996
2015-10-21,27.95147076471892,27.806078793653878,27.640588853963592
2015-10-22,28.07662544380786,27.95147076471892,27.806078793653878
2015-10-23,28.179317334491525,28.07662544380786,27.95147076471892
2015-10-26,28.258033248137444,28.179317334491525,28.07662544380786
2015-10-27,28.31604577556262,28.258033248137444,28.179317334491525
2015-10-28,28.364101703748144,28.31604577556262,28.258033248137444
2015-10-29,28.42033019644129,28.364101703748144,28.31604577556262
2015-10-30,28.507208335534905,28.42033019644129,28.364101703748144
2015-11-02,28.646202184823327,28.507208335534905,28.42033019644129
2015-11-03,28.850525147095023,28.646202184823327,28.507208335534905
2015-11-04,29.1176660500858,28.850525147095023,28.646202184823327
2015-11-05,29.42555928664534,29.1176660500858,28.850525147095023
2015-11-06,29.73666006098021,29.42555928664534,29.1176660500858
2015-11-09,30.01058660691035,29.73666006098021,29.42555928664534
2015-11-10,30.220022169859824,30.01058660691035,29.73666006098021
2015-11-11,30.361100703432896,30.220022169859824,30.01058660691035
2015-11-12,30.452184159827535,30.361100703432896,30.220022169859824
2015-11-13,30.52241128971292,30.452184159827535,30.361100703432896
2015-11-16,30.59746784815958,30.52241128971292,30.452184159827535
2015-11-17,30.690457309201193,30.59746784815958,30.52241128971292
2015-11-18,30.80136363156707,30.690457309201193,30.59746784815958
2015-11-19,30.923780709013457,30.80136363156707,30.690457309201193
2015-11-20,31.05298405818651,30.923780709013457,30.80136363156707
2015-11-23,31.190907106569124,31.05298405818651,30.923780709013457
2015-11-24,31.345404807062998,31.190907106569124,31.05298405818651
2015-11-25,31.525239915434874,31.345404807062998,31.190907106569124
2015-11-27,31.734177877188927,31.525239915434874,31.345404807062998
2015-11-30,31.966940085016336,31.734177877188927,31.525239915434874
2015-12-01,32.20924997739263,31.966940085016336,31.734177877188927
2015-12-02,32.441053522471805,32.20924997739263,31.966940085016336
2015-12-03,32.64145029953295,32.441053522471805,32.20924997739263
2015-12-04,32.7936983700179,32.64145029953295,32.441053522471805
2015-12-07,32.88944581612389,32.7936983700179,32.64145029953295
2015-12-08,32.93072660267124,32.88944581612389,32.7936983700179
2015-12-09,32.92902748779173,32.93072660267124,32.88944581612389
2015-12-10,32.90123947070294,32.92902748779173,32.93072660267124
2015-12-11,32.86417754563506,32.90123947070294,32.92902748779173
2015-12-14,32.83034587427657,32.86417754563506,32.90123947070294
2015-12-15,32.80693239345634,32.83034587427657,32.86417754563506
2015-12-16,32.79764431089221,32.80693239345634,32.83034587427657
2015-12-17,32.80500378607849,32.79764431089221,32.80693239345634
2015-12-18,32.830910793818205,32.80500378607849,32.79764431089221
2015-12-21,32.8747843650306,32.830910793818205,32.80500378607849
2015-12-22,32.93074485332657,32.8747843650306,32.830910793818205
2015-12-23,32.986081133688515,32.93074485332657,32.8747843650306
2015-12-24,33.02195762364342,32.986081133688515,32.93074485332657
2015-12-28,33.01605038028089,33.02195762364342,32.986081133688515
2015-12-29,32.94636751107403,33.01605038028089,33.02195762364342
2015-12-30,32.79531222610457,32.94636751107403,33.01605038028089
2015-12-31,32.55351538372639,32.79531222610457,32.94636751107403
2016-01-04,32.22269777430777,32.55351538372639,32.79531222610457
2016-01-05,31.816577991706126,32.22269777430777,32.55351538372639
2016-01-06,31.358417065480023,31.816577991706126,32.22269777430777
2016-01-07,30.875207022473482,31.358417065480023,31.816577991706126
2016-01-08,30.39058823751153,30.875207022473482,31.358417065480023
2016-01-11,29.920691941027684,30.39058823751153,30.875207022473482
2016-01-12,29.4758358696709,29.920691941027684,30.39058823751153
2016-01-13,29.066521034293427,29.4758358696709,29.920691941027684
2016-01-14,28.70881498210649,29.066521034293427,29.4758358696709
2016-01-15,28.423692120702786,28.70881498210649,29.066521034293427
2016-01-19,28.229556978318858,28.423692120702786,28.70881498210649
2016-01-20,28.132914786574915,28.229556978318858,28.423692120702786
2016-01-21,28.123509910381898,28.132914786574915,28.229556978318858
2016-01-22,28.176855518109768,28.123509910381898,28.132914786574915
2016-01-25,28.2616972523456,28.176855518109768,28.123509910381898
2016-01-26,28.347402965927778,28.2616972523456,28.176855518109768
2016-01-27,28.407166020314897,28.347402965927778,28.2616972523456
2016-01-28,28.417553455965752,28.407166020314897,28.347402965927778
2016-01-29,28.357569025844217,28.417553455965752,28.407166020314897
2016-02-01,28.210843287100865,28.357569025844217,28.417553455965752
2016-02-02,27.971276538195728,28.210843287100865,28.357569025844217
2016-02-03,27.649944808924577,27.971276538195728,28.210843287100865
2016-02-04,27.27915134595682,27.649944808924577,27.971276538195728
2016-02-05,26.9107034565477,27.27915134595682,27.649944808924577
2016-02-08,26.608037041157935,26.9107034565477,27.27915134595682
2016-02-09,26.434093916529896,26.608037041157935,26.9107034565477
2016-02-10,26.43861263825318,26.434093916529896,26.608037041157935
2016-02-11,26.647963634923595,26.43861263825318,26.434093916529896
2016-02-12,27.059171545597017,26.647963634923595,26.43861263825318
2016-02-16,27.63943717797395,27.059171545597017,26.647963634923595
2016-02-17,28.331430078543267,27.63943717797395,27.059171545597017
2016-02-18,29.06432156637684,28.331430078543267,27.63943717797395
2016-02-19,29.76867656878103,29.06432156637684,28.331430078543267
2016-02-22,30.390977588546498,29.76867656878103,29.06432156637684
2016-02-23,30.902994260715175,30.390977588546498,29.76867656878103
2016-02-24,31.302806998025662,30.902994260715175,30.390977588546498
2016-02-25,31.60723596896489,31.302806998025662,30.902994260715175
2016-02-26,31.83946281176218,31.60723596896489,31.302806998025662
2016-02-29,32.01762456145026,31.83946281176218,31.60723596896489
2016-03-01,32.14919864963218,32.01762456145026,31.83946281176218
2016-03-02,32.23330686970786,32.14919864963218,32.01762456145026
2016-03-03,32.2683918812419,32.23330686970786,32.14919864963218
2016-03-04,32.26031308991783,32.2683918812419,32.23330686970786
2016-03-07,32.22591516926988,32.26031308991783,32.2683918812419
2016-03-08,32.190291737596,32.22591516926988,32.26031308991783
2016-03-09,32.180106623597396,32.190291737596,32.22591516926988
2016-03-10,32.21638263833974,32.180106623597396,32.190291737596
2016-03-11,32.310368667714556,32.21638263833974,32.180106623597396
2016-03-14,32.463019747491416,32.310368667714556,32.21638263833974
2016-03-15,32.667302353466354,32.463019747491416,32.310368667714556
2016-03-16,32.91141112904358,32.667302353466354,32.463019747491416
2016-03-17,33.18203511198752,32.91141112904358,32.667302353466354
2016-03-18,33.46706566639601,33.18203511198752,32.91141112904358
2016-03-21,33.757521688032675,33.46706566639601,33.18203511198752
2016-03-22,34.04791876816927,33.757521688032675,33.46706566639601
2016-03-23,34.33489814557895,34.04791876816927,33.757521688032675
2016-03-24,34.61465245181015,34.33489814557895,34.04791876816927
2016-03-28,34.88063804827175,34.61465245181015,34.33489814557895
2016-03-29,35.12303119117584,34.88063804827175,34.61465245181015
2016-03-30,35.330799776614654,35.12303119117584,34.88063804827175
2016-03-31,35.49540612927895,35.330799776614654,35.12303119117584
2016-04-01,35.6146735583687,35.49540612927895,35.330799776614654
2016-04-04,35.69499678147768,35.6146735583687,35.49540612927895
2016-04-05,35.750813015288855,35.69499678147768,35.6146735583687
2016-04-06,35.8013807461342,35.750813015288855,35.69499678147768
2016-04-07,35.86542008842099,35.8013807461342,35.750813015288855
2016-04-08,35.95539075162996,35.86542008842099,35.8013807461342
2016-04-11,36.07308486531882,35.95539075162996,35.86542008842099
2016-04-12,36.20843725735848,36.07308486531882,35.95539075162996
2016-04-13,36.342736943811445,36.20843725735848,36.07308486531882
2016-04-14,36.45523644894275,36.342736943811445,36.20843725735848
2016-04-15,36.53076238669686,36.45523644894275,36.342736943811445
2016-04-18,36.56493014716585,36.53076238669686,36.45523644894275
2016-04-19,36.56437612755137,36.56493014716585,36.53076238669686
2016-04-20,36.541855673700645,36.56437612755137,36.56493014716585
2016-04-21,36.50890037541702,36.541855673700645,36.56437612755137
2016-04-22,36.46971692266251,36.50890037541702,36.541855673700645
2016-04-25,36.419451777734125,36.46971692266251,36.50890037541702
2016-04-26,36.34761208739105,36.419451777734125,36.46971692266251
2016-04-27,36.245047882003064,36.34761208739105,36.419451777734125
2016-04-28,36.110546102294094,36.245047882003064,36.34761208739105
2016-04-29,35.95487744214396,36.110546102294094,36.245047882003064
2016-05-02,35.800652259215276,35.95487744214396,36.110546102294094
2016-05-03,35.67920918610325,35.800652259215276,35.95487744214396
2016-05-04,35.626755500262604,35.67920918610325,35.800652259215276
2016-05-05,35.68125485225719,35.626755500262604,35.67920918610325
2016-05-06,35.87986870766144,35.68125485225719,35.626755500262604
2016-05-09,36.2547963749812,35.87986870766144,35.68125485225719
2016-05-10,36.825870594303396,36.2547963749812,35.87986870766144
2016-05-11,37.59035929609898,36.825870594303396,36.2547963749812
2016-05-12,38.515181193624116,37.59035929609898,36.825870594303396
2016-05-13,39.538028319412376,38.515181193624116,37.59035929609898
2016-05-16,40.580477503816745,39.538028319412376,38.515181193624116
2016-05-17,41.56859018932105,40.580477503816745,39.538028319412376
2016-05-18,42.45120712315917,41.56859018932105,40.580477503816745
2016-05-19,43.20774777935253,42.45120712315917,41.56859018932105
2016-05-20,43.843883286037276,43.20774777935253,42.45120712315917
2016-05-23,44.380039668393174,43.843883286037276,43.20774777935253
2016-05-24,44.8392788017817,44.380039668393174,43.843883286037276
2016-05-25,45.23913480918957,44.8392788017817,44.380039668393174
2016-05-26,45.58783485890028,45.23913480918957,44.8392788017817
2016-05-27,45.884829864996945,45.58783485890028,45.23913480918957
2016-05-31,46.124721591835055,45.884829864996945,45.58783485890028
2016-06-01,46.3032228660298,46.124721591835055,45.884829864996945
2016-06-02,46.42285211951112,46.3032228660298,46.124721591835055
2016-06-03,46.49554370934058,46.42285211951112,46.3032228660298
2016-06-06,46.540215473399165,46.49554370934058,46.42285211951112
2016-06-07,46.57726614144378,46.540215473399165,46.49554370934058
2016-06-08,46.62261588700641,46.57726614144378,46.540215473399165
2016-06-09,46.68453268443196,46.62261588700641,46.57726614144378
2016-06-10,46.76352790115309,46.68453268443196,46.62261588700641
2016-06-13,46.85421399940027,46.76352790115309,46.68453268443196
2016-06-14,46.94764264181259,46.85421399940027,46.76352790115309
2016-06-15,47.032952957849524,46.94764264181259,46.85421399940027
2016-06-16,47.098534266000655,47.032952957849524,46.94764264181259
2016-06-17,47.13275209427009,47.098534266000655,47.032952957849524
2016-06-20,47.125571515485255,47.13275209427009,47.098534266000655
2016-06-21,47.07185679786281,47.125571515485255,47.13275209427009
2016-06-22,46.976377746968424,47.07185679786281,47.125571515485255
2016-06-23,46.857951930931705,46.976377746968424,47.07185679786281
2016-06-24,46.74916001148729,46.857951930931705,46.976377746968424
2016-06-27,46.690095029319345,46.74916001148729,46.857951930931705
2016-06-28,46.71875097558029,46.690095029319345,46.74916001148729
2016-06-29,46.8636345462145,46.71875097558029,46.690095029319345
2016-06-30,47.14116730490235,46.8636345462145,46.71875097558029
2016-07-01,47.55676425890593,47.14116730490235,46.8636345462145
2016-07-05,48.104684075697826,47.55676425890593,47.14116730490235
2016-07-06,48.76522408471803,48.104684075697826,47.55676425890593
2016-07-07,49.50157067449214,48.76522408471803,48.104684075697826
2016-07-08,50.261960606723875,49.50157067449214,48.76522408471803
2016-07-11,50.989685034095025,50.261960606723875,49.50157067449214
2016-07-12,51.637879106337415,50.989685034095025,50.261960606723875
2016-07-13,52.18238847218911,51.637879106337415,50.989685034095025
2016-07-14,52.626604010869094,52.18238847218911,51.637879106337415
2016-07-15,52.99648682216109,52.626604010869094,52.18238847218911
2016-07-18,53.32938331124497,52.99648682216109,52.626604010869094
2016-07-19,53.66115737102714,53.32938331124497,52.99648682216109
2016-07-20,54.016000925085436,53.66115737102714,53.32938331124497
2016-07-21,54.400982804449455,54.016000925085436,53.66115737102714
2016-07-22,54.80588916286766,54.400982804449455,54.016000925085436
2016-07-25,55.20829776660292,54.80588916286766,54.400982804449455
2016-07-26,55.58259280804474,55.20829776660292,54.80588916286766
2016-07-27,55.91029691904604,55.58259280804474,55.20829776660292
2016-07-28,56.18781251105141,55.91029691904604,55.58259280804474
2016-07-29,56.4289967984069,56.18781251105141,55.91029691904604
2016-08-01,56.661321757646895,56.4289967984069,56.18781251105141
2016-08-02,56.91751535868123,56.661321757646895,56.4289967984069
2016-08-03,57.22605831533063,56.91751535868123,56.661321757646895
2016-08-04,57.604674129260715,57.22605831533063,56.91751535868123
2016-08-05,58.058692611616955,57.604674129260715,57.22605831533063
2016-08-08,58.58241902922664,58.058692611616955,57.604674129260715
2016-08-09,59.160167416732946,58.58241902922664,58.058692611616955
2016-08-10,59.76518404976343,59.160167416732946,58.58241902922664
2016-08-11,60.359735940668415,59.76518404976343,59.160167416732946
2016-08-12,60.90056127670924,60.359735940668415,59.76518404976343
2016-08-15,61.35040125377955,60.90056127670924,60.359735940668415
2016-08-16,61.68961641719572,61.35040125377955,60.90056127670924
2016-08-17,61.92014225102519,61.68961641719572,61.35040125377955
2016-08-18,62.05966890512751,61.92014225102519,61.68961641719572
2016-08-19,62.130610805695916,62.05966890512751,61.92014225102519
2016-08-22,62.15235549694381,62.130610805695916,62.05966890512751
2016-08-23,62.14009178149773,62.15235549694381,62.130610805695916
2016-08-24,62.10849226885816,62.14009178149773,62.15235549694381
2016-08-25,62.07399221587103,62.10849226885816,62.14009178149773
2016-08-26,62.05311858629621,62.07399221587103,62.10849226885816
2016-08-29,62.05680224631739,62.05311858629621,62.07399221587103
2016-08-30,62.08397006062941,62.05680224631739,62.05311858629621
2016-08-31,62.11871791988249,62.08397006062941,62.05680224631739
2016-09-01,62.13351952213134,62.11871791988249,62.08397006062941
2016-09-02,62.09924176475889,62.13351952213134,62.11871791988249
2016-09-06,61.99923425657322,62.09924176475889,62.13351952213134
2016-09-07,61.84167076541421,61.99923425657322,62.09924176475889
2016-09-08,61.66354887588117,61.84167076541421,61.99923425657322
2016-09-09,61.522536991574114,61.66354887588117,61.84167076541421
2016-09-12,61.47873771417528,61.522536991574114,61.66354887588117
2016-09-13,61.57434701079424,61.47873771417528,61.522536991574114
2016-09-14,61.820142313968326,61.57434701079424,61.47873771417528
2016-09-15,62.19488936837445,61.820142313968326,61.57434701079424
2016-09-16,62.6568025349857,62.19488936837445,61.820142313968326
2016-09-19,63.16041160361011,62.6568025349857,62.19488936837445
2016-09-20,63.67107443420977,63.16041160361011,62.6568025349857
2016-09-21,64.17203156736598,63.67107443420977,63.16041160361011
2016-09-22,64.6630285253139,64.17203156736598,63.67107443420977
2016-09-23,65.15216238552253,64.6630285253139,64.17203156736598
2016-09-26,65.64523833791068,65.15216238552253,64.6630285253139
2016-09-27,66.13611129578877,65.64523833791068,65.15216238552253
2016-09-28,66.60289350718695,66.13611129578877,65.64523833791068
2016-09-29,67.01112035208223,66.60289350718695,66.13611129578877
2016-09-30,67.3237816456294,67.01112035208223,66.60289350718695
2016-10-03,67.51271079287599,67.3237816456294,67.01112035208223
2016-10-04,67.56755521427651,67.51271079287599,67.3237816456294
2016-10-05,67.49845793826927,67.56755521427651,67.51271079287599
2016-10-06,67.33281388236067,67.49845793826927,67.56755521427651
2016-10-07,67.10845774672606,67.33281388236067,67.49845793826927
2016-10-10,66.86684985815555,67.10845774672606,67.33281388236067
2016-10-11,66.64858217394546,66.86684985815555,67.10845774672606
2016-10-12,66.49122684627922,66.64858217394546,66.86684985815555
2016-10-13,66.42839184287227,66.49122684627922,66.64858217394546
2016-10-14,66.48817170496672,66.42839184287227,66.49122684627922
2016-10-17,66.6905057401132,66.48817170496672,66.42839184287227
2016-10-18,67.04221183952407,66.6905057401132,66.48817170496672
2016-10-19,67.53112091124754,67.04221183952407,66.6905057401132
2016-10-20,68.12108589726661,67.53112091124754,67.04221183952407
2016-10-21,68.7512543893368,68.12108589726661,67.53112091124754
2016-10-24,69.34413208431663,68.7512543893368,68.12108589726661
2016-10-25,69.8221582465585,69.34413208431663,68.7512543893368
2016-10-26,70.12913178489306,69.8221582465585,69.34413208431663
2016-10-27,70.2458442588119,70.12913178489306,69.8221582465585
2016-10-28,70.19839321159616,70.2458442588119,70.12913178489306
2016-10-31,70.05382191183507,70.19839321159616,70.2458442588119
2016-11-01,69.90864731726984,70.05382191183507,70.19839321159616
2016-11-02,69.87525612157495,69.90864731726984,70.05382191183507
2016-11-03,70.07004163234288,69.87525612157495,69.90864731726984
2016-11-04,70.60404226001738,70.07004163234288,69.87525612157495
2016-11-07,71.5725668551531,70.60404226001738,70.07004163234288
2016-11-08,73.03822488427505,71.5725668551531,70.60404226001738
2016-11-09,75.00705339828116,73.03822488427505,71.5725668551531
2016-11-10,77.40704955699704,75.00705339828116,73.03822488427505
2016-11-11,80.0858274853677,77.40704955699704,75.00705339828116
2016-11-14,82.83628808235771,80.0858274853677,77.40704955699704
2016-11-15,85.44420496385771,82.83628808235771,80.0858274853677
2016-11-16,87.73596473039767,85.44420496385771,82.83628808235771
2016-11-17,89.60705967442468,87.73596473039767,85.44420496385771
2016-11-18,91.0239125296052,89.60705967442468,87.73596473039767
2016-11-21,92.00523435010597,91.0239125296052,89.60705967442468
2016-11-22,92.59758337206051,92.00523435010597,91.0239125296052
2016-11-23,92.85740490673234,92.59758337206051,92.00523435010597
2016-11-25,92.84694190748492,92.85740490673234,92.59758337206051
2016-11-28,92.64113180609108,92.84694190748492,92.85740490673234
2016-11-29,92.33375307438295,92.64113180609108,92.84694190748492
2016-11-30,92.03115603232078,92.33375307438295,92.64113180609108
2016-12-01,91.82858733018557,92.03115603232078,92.33375307438295
2016-12-02,91.7821505778827,91.82858733018557,92.03115603232078
2016-12-05,91.8931140188084,91.7821505778827,91.82858733018557
2016-12-06,92.12452599577554,91.8931140188084,91.7821505778827
2016-12-07,92.4408331662833,92.12452599577554,91.8931140188084
2016-12-08,92.84705376987428,92.4408331662833,92.12452599577554
2016-12-09,93.399992379924,92.84705376987428,92.4408331662833
2016-12-12,94.18424021511501,93.399992379924,92.84705376987428
2016-12-13,95.26664472583599,94.18424021511501,93.399992379924
2016-12-14,96.66021650266488,95.26664472583599,94.18424021511501
2016-12-15,98.31627575169674,96.66021650266488,95.26664472583599
2016-12-16,100.14241804463734,98.31627575169674,96.66021650266488
2016-12-19,102.02873673136375,100.14241804463734,98.31627575169674
2016-12-20,103.86264938252259,102.02873673136375,100.14241804463734
2016-12-21,105.52827068763679,103.86264938252259,102.02873673136375
2016-12-22,106.90330215499581,105.52827068763679,103.86264938252259
2016-12-23,107.8688457483301,106.90330215499581,105.52827068763679
2016-12-27,108.33912658194649,107.8688457483301,106.90330215499581
2016-12-28,108.2996313697633,108.33912658194649,107.8688457483301
2016-12-29,107.83036948463177,108.2996313697633,108.33912658194649
2016-12-30,107.09445495879174,107.83036948463177,108.2996313697633
2017-01-03,106.290700871912,107.09445495879174,107.83036948463177
2017-01-04,105.59015425161476,106.290700871912,107.09445495879174
2017-01-05,105.08541020978349,105.59015425161476,106.290700871912
2017-01-06,104.77587372813059,105.08541020978349,105.59015425161476
2017-01-09,104.59406729345328,104.77587372813059,105.08541020978349
2017-01-10,104.45644964860594,104.59406729345328,104.77587372813059
2017-01-11,104.31225063440374,104.45644964860594,104.59406729345328
2017-01-12,104.16725743612791,104.31225063440374,104.45644964860594
2017-01-13,104.07571900079071,104.16725743612791,104.31225063440374
2017-01-17,104.11015541841307,104.07571900079071,104.16725743612791
2017-01-18,104.32933857074651,104.11015541841307,104.07571900079071
2017-01-19,104.75810534869365,104.32933857074651,104.11015541841307
2017-01-20,105.38536978123153,104.75810534869365,104.32933857074651
2017-01-23,106.17297463448367,105.38536978123153,104.75810534869365
2017-01-24,107.07012381152896,106.17297463448367,105.38536978123153
2017-01-25,108.02816097557479,107.07012381152896,106.17297463448367
2017-01-26,109.01194994323501,108.02816097557479,107.07012381152896
2017-01-27,110.0058491099537,109.01194994323501,108.02816097557479
2017-01-30,111.0085028748295,110.0058491099537,109.01194994323501
2017-01-31,112.01663530291961,111.0085028748295,110.0058491099537
2017-02-01,113.00456370976086,112.01663530291961,111.0085028748295
2017-02-02,113.90969549117125,113.00456370976086,112.01663530291961
2017-02-03,114.63382332644345,113.90969549117125,113.00456370976086
2017-02-06,115.0634496747468,114.63382332644345,113.90969549117125
2017-02-07,115.10543795541516,115.0634496747468,114.63382332644345
2017-02-08,114.72325137186813,115.10543795541516,115.0634496747468
2017-02-09,113.95883754689365,114.72325137186813,115.10543795541516
2017-02-10,112.92738209878681,113.95883754689365,114.72325137186813
2017-02-13,111.78146965238777,112.92738209878681,113.95883754689365
2017-02-14,110.65937257755361,111.78146965238777,112.92738209878681
2017-02-15,109.64000799525779,110.65937257755361,111.78146965238777
2017-02-16,108.72627987345062,109.64000799525779,110.65937257755361
2017-02-17,107.86343844717007,108.72627987345062,109.64000799525779
2017-02-21,106.98148293772464,107.86343844717007,108.72627987345062
2017-02-22,106.03699223473171,106.98148293772464,107.86343844717007
2017-02-23,105.03179825484938,106.03699223473171,106.98148293772464
2017-02-24,104.00312110929181,105.03179825484938,106.03699223473171
2017-02-27,102.99925622800833,104.00312110929181,105.03179825484938
2017-02-28,102.06069292531191,102.99925622800833,104.00312110929181
2017-03-01,101.21821945029072,102.06069292531191,102.99925622800833
2017-03-02,100.50219157602355,101.21821945029072,102.06069292531191
2017-03-03,99.94920109418962,100.50219157602355,101.21821945029072
2017-03-06,99.5989711211057,99.94920109418962,100.50219157602355
2017-03-07,99.48359023732021,99.5989711211057,99.94920109418962
2017-03-08,99.61776980730302,99.48359023732021,99.5989711211057
2017-03-09,99.99516817981417,99.61776980730302,99.48359023732021
2017-03-10,100.59062949911825,99.99516817981417,99.61776980730302
2017-03-13,101.36452453921517,100.59062949911825,99.99516817981417
2017-03-14,102.26570185319696,101.36452453921517,100.59062949911825
2017-03-15,103.23273406875859,102.26570185319696,101.36452453921517
2017-03-16,104.1977227437832,103.23273406875859,102.26570185319696
2017-03-17,105.09344704872936,104.1977227437832,103.23273406875859
2017-03-20,105.86546567719348,105.09344704872936,104.1977227437832
2017-03-21,106.48343256505184,105.86546567719348,105.09344704872936
2017-03-22,106.9440428812861,106.48343256505184,105.86546567719348
2017-03-23,107.26274685423965,106.9440428812861,106.48343256505184
2017-03-24,107.45625020598905,107.26274685423965,106.9440428812861
2017-03-27,107.52421004633558,107.45625020598905,107.26274685423965
2017-03-28,107.43969329375213,107.52421004633558,107.45625020598905
2017-03-29,107.15523459253268,107.43969329375213,107.52421004633558
2017-03-30,106.62377658384052,107.15523459253268,107.43969329375213
2017-03-31,105.82725622061417,106.62377658384052,107.15523459253268
2017-04-03,104.79732063884788,105.82725622061417,106.62377658384052
2017-04-04,103.6161353195104,104.79732063884788,105.82725622061417
2017-04-05,102.39580959538466,103.6161353195104,104.79732063884788
2017-04-06,101.24856333277046,102.39580959538466,103.6161353195104
2017-04-07,100.26428710963889,101.24856333277046,102.39580959538466
2017-04-10,99.50367635280828,100.26428710963889,101.24856333277046
2017-04-11,99.00298961921207,99.50367635280828,100.26428710963889
2017-04-12,98.77946657665521,99.00298961921207,99.50367635280828
2017-04-13,98.83162925664713,98.77946657665521,99.00298961921207
2017-04-17,99.137192292499,98.83162925664713,98.77946657665521
2017-04-18,99.65308667237409,99.137192292499,98.83162925664713
2017-04-19,100.32099912677415,99.65308667237409,99.137192292499
2017-04-20,101.07563457376122,100.32099912677415,99.65308667237409
2017-04-21,101.85187290304845,101.07563457376122,100.32099912677415
2017-04-24,102.59032610716658,101.85187290304845,101.07563457376122
2017-04-25,103.24014070308246,102.59032610716658,101.85187290304845
2017-04-26,103.7653529694814,103.24014070308246,102.59032610716658
2017-04-27,104.15335417186034,103.7653529694814,103.24014070308246
2017-04-28,104.42613631757598,104.15335417186034,103.7653529694814
2017-05-01,104.65289935842983,104.42613631757598,104.15335417186034
2017-05-02,104.96040946620897,104.65289935842983,104.42613631757598
2017-05-03,105.5296142285035,104.96040946620897,104.65289935842983
2017-05-04,106.57043971983687,105.5296142285035,104.96040946620897
2017-05-05,108.26874977806202,106.57043971983687,105.5296142285035
2017-05-08,110.7161081939983,108.26874977806202,106.57043971983687
2017-05-09,113.85138615688702,110.7161081939983,108.26874977806202
2017-05-10,117.44985974066633,113.85138615688702,110.7161081939983
2017-05-11,121.17690097563968,117.44985974066633,113.85138615688702
2017-05-12,124.68998244877835,121.17690097563968,117.44985974066633
2017-05-15,127.74245021758009,124.68998244877835,121.17690097563968
2017-05-16,130.24027241202643,127.74245021758009,124.68998244877835
2017-05-17,132.23229501100064,130.24027241202643,127.74245021758009
2017-05-18,133.85018622990566,132.23229501100064,130.24027241202643
2017-05-19,135.2396460647336,133.85018622990566,132.23229501100064
2017-05-22,136.51471329566158,135.2396460647336,133.85018622990566
2017-05-23,137.7443924708497,136.51471329566158,135.2396460647336
2017-05-24,138.96142368699103,137.7443924708497,136.51471329566158
2017-05-25,140.1747082777479,138.96142368699103,137.7443924708497
2017-05-26,141.3807464301551,140.1747082777479,138.96142368699103
2017-05-30,142.57456094218207,141.3807464301551,140.1747082777479
2017-05-31,143.7596188197217,142.57456094218207,141.3807464301551
2017-06-01,144.94815029946693,143.7596188197217,142.57456094218207
2017-06-02,146.14873976735896,144.94815029946693,143.7596188197217
2017-06-05,147.3476689464275,146.14873976735896,144.94815029946693
2017-06-06,148.4984493903762,147.3476689464275,146.14873976735896
2017-06-07,149.5340128550121,148.4984493903762,147.3476689464275
2017-06-08,150.40045884341623,149.5340128550121,148.4984493903762
2017-06-09,151.08995008223528,150.40045884341623,149.5340128550121
2017-06-12,151.65257735334615,151.08995008223528,150.40045884341623
2017-06-13,152.17400820837497,151.65257735334615,151.08995008223528
2017-06-14,152.73187402187477,152.17400820837497,151.65257735334615
2017-06-15,153.3505646778355,152.73187402187477,152.17400820837497
2017-06-16,153.978484410499,153.3505646778355,152.73187402187477
2017-06-19,154.49634804371163,153.978484410499,153.3505646778355
2017-06-20,154.7552232226203,154.49634804371163,153.978484410499
2017-06-21,154.6285854236122,154.7552232226203,154.49634804371163
2017-06-22,154.05675618465784,154.6285854236122,154.7552232226203
2017-06-23,153.06737998815575,154.05675618465784,154.6285854236122
2017-06-26,151.7657282155068,153.06737998815575,154.05675618465784
2017-06-27,150.30950199371472,151.7657282155068,153.06737998815575
2017-06-28,148.88394265095815,150.30950199371472,151.7657282155068
2017-06-29,147.68585199210156,148.88394265095815,150.30950199371472
2017-06-30,146.91192184917358,147.68585199210156,148.88394265095815
2017-07-03,146.73597881610922,146.91192184917358,147.68585199210156
2017-07-05,147.2721328528358,146.73597881610922,146.91192184917358
2017-07-06,148.53695392284897,147.2721328528358,146.73597881610922
2017-07-07,150.4315710408971,148.53695392284897,147.2721328528358
2017-07-10,152.75839496874488,150.4315710408971,148.53695392284897
2017-07-11,155.2678234386398,152.75839496874488,150.4315710408971
2017-07-12,157.71866557162306,155.2678234386398,152.75839496874488
2017-07-13,159.92601416206634,157.71866557162306,155.2678234386398
2017-07-14,161.78319360197258,159.92601416206634,157.71866557162306
2017-07-17,163.25481659598924,161.78319360197258,159.92601416206634
2017-07-18,164.3518967578861,163.25481659598924,161.78319360197258
2017-07-19,165.10562833520157,164.3518967578861,163.25481659598924
2017-07-20,165.55098434746742,165.10562833520157,164.3518967578861
2017-07-21,165.72552996109445,165.55098434746742,165.10562833520157
2017-07-24,165.67822233865752,165.72552996109445,165.55098434746742
2017-07-25,165.47871812437504,165.67822233865752,165.72552996109445
2017-07-26,165.21880876712876,165.47871812437504,165.67822233865752
2017-07-27,165.00333241393236,165.21880876712876,165.47871812437504
2017-07-28,164.92957420034708,165.00333241393236,165.21880876712876
2017-07-31,165.063477031584,164.92957420034708,165.00333241393236
2017-08-01,165.41796816948195,165.063477031584,164.92957420034708
2017-08-02,165.94046175154185,165.41796816948195,165.063477031584
2017-08-03,166.51790518313248,165.94046175154185,165.41796816948195
2017-08-04,167.00323744781755,166.51790518313248,165.94046175154185
2017-08-07,167.26060924607293,167.00323744781755,166.51790518313248
2017-08-08,167.2130939973816,167.26060924607293,167.00323744781755
2017-08-09,166.86960375773646,167.2130939973816,167.26060924607293
2017-08-10,166.31321705810245,166.86960375773646,167.2130939973816
2017-08-11,165.65738504795178,166.31321705810245,166.86960375773646
2017-08-14,164.99915553234774,165.65738504795178,166.31321705810245
2017-08-15,164.3987591697121,164.99915553234774,165.65738504795178
2017-08-16,163.8909045840672,164.3987591697121,164.99915553234774
2017-08-17,163.50835118071657,163.8909045840672,164.3987591697121
2017-08-18,163.28970395595243,163.50835118071657,163.8909045840672
2017-08-21,163.26541318910213,163.28970395595243,163.50835118071657
2017-08-22,163.43743286737126,163.26541318910213,163.28970395595243
2017-08-23,163.77435794402658,163.43743286737126,163.26541318910213
2017-08-24,164.22468168156541,163.77435794402658,163.43743286737126
2017-08-25,164.7367698733057,164.22468168156541,163.77435794402658
2017-08-28,165.26730432390988,164.7367698733057,164.22468168156541
2017-08-29,165.77800509001065,165.26730432390988,164.7367698733057
2017-08-30,166.22978479164448,165.77800509001065,165.26730432390988
2017-08-31,166.5903515388331,166.22978479164448,165.77800509001065
2017-09-01,166.8560918773562,166.5903515388331,166.22978479164448
2017-09-05,167.07144270925318,166.8560918773562,166.5903515388331
2017-09-06,167.33338311503505,167.07144270925318,166.8560918773562
2017-09-07,167.7722874752897,167.33338311503505,167.07144270925318
2017-09-08,168.51875511768407,167.7722874752897,167.33338311503505
2017-09-11,169.66578730382125,168.51875511768407,167.7722874752897
2017-09-12,171.23511974769949,169.66578730382125,168.51875511768407
2017-09-13,173.1506045351873,171.23511974769949,169.66578730382125
2017-09-14,175.22688030439946,173.1506045351873,171.23511974769949
2017-09-15,177.19006189697598,175.22688030439946,173.1506045351873
2017-09-18,178.74063488469784,177.19006189697598,175.22688030439946
2017-09-19,179.64656598687506,178.74063488469784,177.19006189697598
2017-09-20,179.82976504203918,179.64656598687506,178.74063488469784
2017-09-21,179.40156904996155,179.82976504203918,179.64656598687506
2017-09-22,178.62508519217218,179.40156904996155,179.82976504203918
2017-09-25,177.8208808568113,178.62508519217218,179.40156904996155
2017-09-26,177.26113967035667,177.8208808568113,178.62508519217218
2017-09-27,177.09909539349633,177.26113967035667,177.8208808568113
2017-09-28,177.35800720345102,177.09909539349633,177.26113967035667
2017-09-29,177.97288700120237,177.35800720345102,177.09909539349633
2017-10-02,178.85291071828857,177.97288700120237,177.35800720345102
2017-10-03,179.93177591452294,178.85291071828857,177.97288700120237
2017-10-04,181.18549936590654,179.93177591452294,178.85291071828857
2017-10-05,182.61941011832099,181.18549936590654,179.93177591452294
2017-10-06,184.23838937081123,182.61941011832099,181.18549936590654
2017-10-09,186.02020629759141,184.23838937081123,182.61941011832099
2017-10-10,187.90539146618755,186.02020629759141,184.23838937081123
2017-10-11,189.80305898748622,187.90539146618755,186.02020629759141
2017-10-12,191.60755593498038,189.80305898748622,187.90539146618755
2017-10-13,193.21784685507424,191.60755593498038,189.80305898748622
2017-10-16,194.55628919241076,193.21784685507424,191.60755593498038
2017-10-17,195.58432793337425,194.55628919241076,193.21784685507424
2017-10-18,196.3135365186663,195.58432793337425,194.55628919241076
2017-10-19,196.80893151648877,196.3135365186663,195.58432793337425
2017-10-20,197.18164986738554,196.80893151648877,196.3135365186663
2017-10-23,197.56991182123065,197.18164986738554,196.80893151648877
2017-10-24,198.10982646542524,197.56991182123065,197.18164986738554
2017-10-25,198.90103158463552,198.10982646542524,197.56991182123065
2017-10-26,199.97649279963576,198.90103158463552,198.10982646542524
2017-10-27,201.29297693845967,199.97649279963576,198.90103158463552
2017-10-30,202.74695730650177,201.29297693845967,199.97649279963576
2017-10-31,204.21246800530275,202.74695730650177,201.29297693845967
2017-11-01,205.5812524839978,204.21246800530275,202.74695730650177
2017-11-02,206.7887391033332,205.5812524839978,204.21246800530275
2017-11-03,207.8179089326527,206.7887391033332,205.5812524839978
2017-11-06,208.6870548370618,207.8179089326527,206.7887391033332
2017-11-07,209.43125448323212,208.6870548370618,207.8179089326527
2017-11-08,210.0838761885671,209.43125448323212,208.6870548370618
2017-11-09,210.6644391175675,210.0838761885671,209.43125448323212
2017-11-10,211.17686819946388,210.6644391175675,210.0838761885671
2017-11-13,211.62075663882814,211.17686819946388,210.6644391175675
2017-11-14,212.00341537086973,211.62075663882814,211.17686819946388
2017-11-15,212.34184669095168,212.00341537086973,211.62075663882814
2017-11-16,212.64413519219397,212.34184669095168,212.00341537086973
2017-11-17,212.8769922045822,212.64413519219397,212.34184669095168
2017-11-20,212.9429191650624,212.8769922045822,212.64413519219397
2017-11-21,212.68587175513764,212.9429191650624,212.8769922045822
2017-11-22,211.93204106723715,212.68587175513764,212.9429191650624
2017-11-24,210.5513869701165,211.93204106723715,212.68587175513764
2017-11-27,208.5148866336263,210.5513869701165,211.93204106723715
2017-11-28,205.92297546144482,208.5148866336263,210.5513869701165
2017-11-29,202.9927987057979,205.92297546144482,208.5148866336263
2017-11-30,200.01006962811294,202.9927987057979,205.92297546144482
2017-12-01,197.26278572744926,200.01006962811294,202.9927987057979
2017-12-04,194.97533231025307,197.26278572744926,200.01006962811294
2017-12-05,193.262865465432,194.97533231025307,197.26278572744926
2017-12-06,192.11862805275865,193.262865465432,194.97533231025307
2017-12-07,191.4427753558037,192.11862805275865,193.262865465432
2017-12-08,191.10230758608813,191.4427753558037,192.11862805275865
2017-12-11,190.99599698511736,191.10230758608813,191.4427753558037
2017-12-12,191.08840781928333,190.99599698511736,191.10230758608813
2017-12-13,191.39565038887136,191.08840781928333,190.99599698511736
2017-12-14,191.93556402941547,191.39565038887136,191.08840781928333
2017-12-15,192.67931657198687,191.93556402941547,191.39565038887136
2017-12-18,193.54124634557593,192.67931657198687,191.93556402941547
2017-12-19,194.41106887240556,193.54124634557593,192.67931657198687
2017-12-20,195.20802970063605,194.41106887240556,193.54124634557593
2017-12-21,195.923126150462,195.20802970063605,194.41106887240556
2017-12-22,196.6319608415115,195.923126150462,195.20802970063605
2017-12-26,197.47884965260693,196.6319608415115,195.923126150462
2017-12-27,198.63864062892503,197.47884965260693,196.6319608415115
2017-12-28,200.26602617437965,198.63864062892503,197.47884965260693
2017-12-29,202.4405699692291,200.26602617437965,198.63864062892503
2018-01-02,205.12692558738866,202.4405699692291,200.26602617437965
2018-01-03,208.16782272674578,205.12692558738866,202.4405699692291
2018-01-04,211.32073520295205,208.16782272674578,205.12692558738866
2018-01-05,214.3245570622082,211.32073520295205,208.16782272674578
2018-01-08,216.9708885423622,214.3245570622082,211.32073520295205
2018-01-09,219.15444827761857,216.9708885423622,214.3245570622082
2018-01-10,220.89060471965277,219.15444827761857,216.9708885423622
2018-01-11,222.30129103454254,220.89060471965277,219.15444827761857
2018-01-12,223.57451997926412,222.30129103454254,220.89060471965277
2018-01-16,224.9068147181481,223.57451997926412,222.30129103454254
2018-01-17,226.44590892075928,224.9068147181481,223.57451997926412
2018-01-18,228.25074690103014,226.44590892075928,224.9068147181481
2018-01-19,230.28533073857145,228.25074690103014,226.44590892075928
2018-01-22,232.43914642325834,230.28533073857145,228.25074690103014
2018-01-23,234.5609511459301,232.43914642325834,230.28533073857145
2018-01-24,236.48315802676143,234.5609511459301,232.43914642325834
2018-01-25,238.0256483028404,236.48315802676143,234.5609511459301
2018-01-26,238.99986978985987,238.0256483028404,236.48315802676143
2018-01-29,239.23206764498974,238.99986978985987,238.0256483028404
2018-01-30,238.61756743219354,239.23206764498974,238.99986978985987
2018-01-31,237.18910135486058,238.61756743219354,239.23206764498974
2018-02-01,235.15895378297714,237.18910135486058,238.61756743219354
2018-02-02,232.89857371493397,235.15895378297714,237.18910135486058
2018-02-05,230.85454705480763,232.89857371493397,235.15895378297714
2018-02-06,229.43317056717075,230.85454705480763,232.89857371493397
2018-02-07,228.90343744581236,229.43317056717075,230.85454705480763
2018-02-08,229.35304576521608,228.90343744581236,229.43317056717075
2018-02-09,230.69604794944462,229.35304576521608,228.90343744581236
2018-02-12,232.7125911755033,230.69604794944462,229.35304576521608
2018-02-13,235.10127840720685,232.7125911755033,230.69604794944462
2018-02-14,237.5365678084973,235.10127840720685,232.7125911755033
2018-02-15,239.7295537413362,237.5365678084973,235.10127840720685
2018-02-16,241.47783255370004,239.7295537413362,237.5365678084973
2018-02-20,242.68766973245278,241.47783255370004,239.7295537413362
2018-02-21,243.35886167355682,242.68766973245278,241.47783255370004
2018-02-22,243.54414364481124,243.35886167355682,242.68766973245278
2018-02-23,243.31541079590644,243.54414364481124,243.35886167355682
2018-02-26,242.75857602187642,243.31541079590644,243.54414364481124
2018-02-27,241.994840280653,242.75857602187642,243.31541079590644
2018-02-28,241.1951975917039,241.994840280653,242.75857602187642
2018-03-01,240.56236982943727,241.1951975917039,241.994840280653
2018-03-02,240.28182897190138,240.56236982943727,241.1951975917039
2018-03-05,240.46172475894582,240.28182897190138,240.56236982943727
2018-03-06,241.10266783936135,240.46172475894582,240.28182897190138
2018-03-07,242.10585027154863,241.10266783936135,240.46172475894582
2018-03-08,243.310173193351,242.10585027154863,241.10266783936135
2018-03-09,244.53368098726992,243.310173193351,242.10585027154863
2018-03-12,245.61005409722816,244.53368098726992,243.310173193351
2018-03-13,246.40837062492056,245.61005409722816,244.53368098726992
2018-03-14,246.8402992783631,246.40837062492056,245.61005409722816
2018-03-15,246.85622769442784,246.8402992783631,246.40837062492056
2018-03-16,246.43018771772614,246.85622769442784,246.8402992783631
2018-03-19,245.54529631538207,246.43018771772614,246.85622769442784
2018-03-20,244.18988462746086,245.54529631538207,246.43018771772614
2018-03-21,242.37053348465344,244.18988462746086,245.54529631538207
2018-03-22,240.13660548226642,242.37053348465344,244.18988462746086
2018-03-23,237.59677113018535,240.13660548226642,242.37053348465344
2018-03-26,234.91565160137958,237.59677113018535,240.13660548226642
2018-03-27,232.28083316244587,234.91565160137958,237.59677113018535
2018-03-28,229.85783881018295,232.28083316244587,234.91565160137958
2018-03-29,227.7555963605575,229.85783881018295,232.28083316244587
2018-04-02,226.0240314952866,227.7555963605575,229.85783881018295
2018-04-03,224.68586591157975,226.0240314952866,227.7555963605575
2018-04-04,223.77896393015047,224.68586591157975,226.0240314952866
2018-04-05,223.3721523543885,223.77896393015047,224.68586591157975
2018-04-06,223.53704036635463,223.3721523543885,223.77896393015047
2018-04-09,224.28770170980889,223.53704036635463,223.3721523543885
2018-04-10,225.53101734765983,224.28770170980889,223.53704036635463
2018-04-11,227.05803539469596,225.53101734765983,224.28770170980889
2018-04-12,228.58679041777725,227.05803539469596,225.53101734765983
2018-04-13,229.8308443660449,228.58679041777725,227.05803539469596
2018-04-16,230.56476589296827,229.8308443660449,228.58679041777725
2018-04-17,230.66711571737682,230.56476589296827,229.8308443660449
2018-04-18,230.1433511934813,230.66711571737682,230.56476589296827
2018-04-19,229.12670315373,230.1433511934813,230.66711571737682
2018-04-20,227.85234624491994,229.12670315373,230.1433511934813
2018-04-23,226.60866929484192,227.85234624491994,229.12670315373
2018-04-24,225.6719399014149,226.60866929484192,227.85234624491994
2018-04-25,225.25134112926233,225.6719399014149,226.60866929484192
2018-04-26,225.46765173751618,225.25134112926233,225.6719399014149
2018-04-27,226.36799419370794,225.46765173751618,225.25134112926233
2018-04-30,227.9586337148944,226.36799419370794,225.46765173751618
2018-05-01,230.22117796962243,227.9586337148944,226.36799419370794
2018-05-02,233.09863631249732,230.22117796962243,227.9586337148944
2018-05-03,236.45814490914177,233.09863631249732,230.22117796962243
2018-05-04,240.0639270935466,236.45814490914177,233.09863631249732
2018-05-07,243.58897685375035,240.0639270935466,236.45814490914177
2018-05-08,246.672006862369,243.58897685375035,240.0639270935466
2018-05-09,249.00317582739353,246.672006862369,243.58897685375035
2018-05-10,250.40463183746482,249.00317582739353,246.672006862369
2018-05-11,250.8739436642291,250.40463183746482,249.00317582739353
2018-05-14,250.57456086130415,250.8739436642291,250.40463183746482
2018-05-15,249.77943136654415,250.57456086130415,250.8739436642291
2018-05-16,248.7930196340883,249.77943136654415,250.57456086130415
2018-05-17,247.8817061770189,248.7930196340883,249.77943136654415
2018-05-18,247.23578516970937,247.8817061770189,248.7930196340883
2018-05-21,246.96388173534064,247.23578516970937,247.8817061770189
2018-05-22,247.10843321546764,246.96388173534064,247.23578516970937
2018-05-23,247.66902469335778,247.10843321546764,246.96388173534064
2018-05-24,248.62311532572997,247.66902469335778,247.10843321546764
2018-05-25,249.9380263215314,248.62311532572997,247.66902469335778
2018-05-29,251.56906076792757,249.9380263215314,248.62311532572997
2018-05-30,253.4449049714824,251.56906076792757,249.9380263215314
2018-05-31,255.45144962325912,253.4449049714824,251.56906076792757
2018-06-01,257.4307533142484,255.45144962325912,253.4449049714824
2018-06-04,259.20943994320925,257.4307533142484,255.45144962325912
2018-06-05,260.6464820743462,259.20943994320925,257.4307533142484
2018-06-06,261.6799426134412,260.6464820743462,259.20943994320925
2018-06-07,262.3414522214771,261.6799426134412,260.6464820743462
2018-06-08,262.72880068704694,262.3414522214771,261.6799426134412
2018-06-11,262.94689834438486,262.72880068704694,262.3414522214771
2018-06-12,263.04880435484887,262.94689834438486,262.72880068704694
2018-06-13,263.00232806885754,263.04880435484887,262.94689834438486
2018-06-14,262.6965381099011,263.00232806885754,263.04880435484887
2018-06-15,261.9799414952958,262.6965381099011,263.00232806885754
2018-06-18,260.71509655586755,261.9799414952958,262.6965381099011
2018-06-19,258.83076720796737,260.71509655586755,261.9799414952958
2018-06-20,256.3600686414132,258.83076720796737,260.71509655586755
2018-06-21,253.45596214779843,256.3600686414132,258.83076720796737
2018-06-22,250.37440667505382,253.45596214779843,256.3600686414132
2018-06-25,247.42588384455442,250.37440667505382,253.45596214779843
2018-06-26,244.9069660600864,247.42588384455442,250.37440667505382
2018-06-27,243.03837170277663,244.9069660600864,247.42588384455442
2018-06-28,241.93197398955886,243.03837170277663,244.9069660600864
2018-06-29,241.59121414822764,241.93197398955886,243.03837170277663
2018-07-02,241.9333502331511,241.59121414822764,241.93197398955886
2018-07-03,242.81369329068178,241.9333502331511,241.59121414822764
2018-07-05,244.04685780822572,242.81369329068178,241.9333502331511
2018-07-06,245.42978653565353,244.04685780822572,242.81369329068178
2018-07-09,246.77450524246848,245.42978653565353,244.04685780822572
2018-07-10,247.9435404570586,246.77450524246848,245.42978653565353
2018-07-11,248.87273739948017,247.9435404570586,246.77450524246848
2018-07-12,249.56628037527764,248.87273739948017,247.9435404570586
2018-07-13,250.0681795984397,249.56628037527764,248.87273739948017
2018-07-16,250.42630899092268,250.0681795984397,249.56628037527764
2018-07-17,250.67197830764718,250.42630899092268,250.0681795984397
2018-07-18,250.81883406628015,250.67197830764718,250.42630899092268
2018-07-19,250.87509441390117,250.81883406628015,250.67197830764718
2018-07-20,250.84989462838382,250.87509441390117,250.81883406628015
2018-07-23,250.75031217765357,250.84989462838382,250.87509441390117
2018-07-24,250.5753859892485,250.75031217765357,250.84989462838382
2018-07-25,250.3249398436634,250.5753859892485,250.75031217765357
2018-07-26,250.0235366941963,250.3249398436634,250.5753859892485
2018-07-27,249.74411007478705,250.0235366941963,250.3249398436634
2018-07-30,249.6059532162441,249.74411007478705,250.0235366941963
2018-07-31,249.73696989344086,249.6059532162441,249.74411007478705
2018-08-01,250.21757445509553,249.73696989344086,249.6059532162441
2018-08-02,251.03932037014545,250.21757445509553,249.73696989344086
2018-08-03,252.10226314328463,251.03932037014545,250.21757445509553
2018-08-06,253.25198685341195,252.10226314328463,251.03932037014545
2018-08-07,254.33102019667038,253.25198685341195,252.10226314328463
2018-08-08,255.21907101898006,254.33102019667038,253.25198685341195
2018-08-09,255.84589890428202,255.21907101898006,254.33102019667038
2018-08-10,256.1855762110418,255.84589890428202,255.21907101898006
2018-08-13,256.25395829541173,256.1855762110418,255.84589890428202
2018-08-14,256.12396889842,256.25395829541173,256.1855762110418
2018-08-15,255.9510195330376,256.12396889842,256.25395829541173
2018-08-16,255.97588897686938,255.9510195330376,256.12396889842
2018-08-17,256.47689598000375,255.97588897686938,255.9510195330376
2018-08-20,257.6773637427108,256.47689598000375,255.97588897686938
2018-08-21,259.6510539754034,257.6773637427108,256.47689598000375
2018-08-22,262.28131578580513,259.6510539754034,257.6773637427108
2018-08-23,265.29756546021997,262.28131578580513,259.6510539754034
2018-08-24,268.3667769217391,265.29756546021997,262.28131578580513
2018-08-27,271.1879946332562,268.3667769217391,265.29756546021997
2018-08-28,273.54669164354186,271.1879946332562,268.3667769217391
2018-08-29,275.3208034244478,273.54669164354186,271.1879946332562
2018-08-30,276.4611647202339,275.3208034244478,273.54669164354186
2018-08-31,276.97460152773505,276.4611647202339,275.3208034244478
2018-09-04,276.92195359401387,276.97460152773505,276.4611647202339
2018-09-05,276.421543637828,276.92195359401387,276.97460152773505
2018-09-06,275.63981483101657,276.421543637828,276.92195359401387
2018-09-07,274.75931388168357,275.63981483101657,276.421543637828
2018-09-10,273.93513674126575,274.75931388168357,275.63981483101657
2018-09-11,273.25594722457686,273.93513674126575,274.75931388168357
2018-09-12,272.7271935856046,273.25594722457686,273.93513674126575
2018-09-13,272.281820517019,272.7271935856046,273.25594722457686
2018-09-14,271.8188497840242,272.281820517019,272.7271935856046
2018-09-17,271.25815682154894,271.8188497840242,272.281820517019
2018-09-18,270.5912086955258,271.25815682154894,271.8188497840242
2018-09-19,269.9083012220405,270.5912086955258,271.25815682154894
2018-09-20,269.3868310590284,269.9083012220405,270.5912086955258
2018-09-21,269.2433635079518,269.3868310590284,269.9083012220405
2018-09-24,269.6621319229208,269.2433635079518,269.3868310590284
2018-09-25,270.72104931960723,269.6621319229208,269.2433635079518
2018-09-26,272.33321204304866,270.72104931960723,269.6621319229208
2018-09-27,274.22294154009444,272.33321204304866,270.72104931960723
2018-09-28,275.9587422094305,274.22294154009444,272.33321204304866
2018-10-01,277.0411130737965,275.9587422094305,274.22294154009444
2018-10-02,277.02800156418965,277.0411130737965,275.9587422094305
2018-10-03,275.65111629166154,277.02800156418965,277.0411130737965
2018-10-04,272.8823277168519,275.65111629166154,277.02800156418965
2018-10-05,268.931412689457,272.8823277168519,275.65111629166154
2018-10-08,264.1892666313673,268.931412689457,272.8823277168519
2018-10-09,259.13824953096804,264.1892666313673,268.931412689457
2018-10-10,254.24261384738145,259.13824953096804,264.1892666313673
2018-10-11,249.84030685729954,254.24261384738145,259.13824953096804
2018-10-12,246.05836354018552,249.84030685729954,254.24261384738145
2018-10-15,242.78318980039228,246.05836354018552,249.84030685729954
2018-10-16,239.7106324149513,242.78318980039228,246.05836354018552
2018-10-17,236.46212723561774,239.7106324149513,242.78318980039228
2018-10-18,232.7273297468352,236.46212723561774,239.7106324149513
2018-10-19,228.3813174757453,232.7273297468352,236.46212723561774
2018-10-22,223.5427111764579,228.3813174757453,232.7273297468352
2018-10-23,218.55987550947734,223.5427111764579,228.3813174757453
2018-10-24,213.93000520835554,218.55987550947734,223.5427111764579
2018-10-25,210.1672818205322,213.93000520835554,218.55987550947734
2018-10-26,207.6544291550148,210.1672818205322,213.93000520835554
2018-10-29,206.5179387985031,207.6544291550148,210.1672818205322
2018-10-30,206.57873250065504,206.5179387985031,207.6544291550148
2018-10-31,207.4018982610158,206.57873250065504,206.5179387985031
2018-11-01,208.433015896372,207.4018982610158,206.57873250065504
2018-11-02,209.15530491671632,208.433015896372,207.4018982610158
2018-11-05,209.20695905423514,209.15530491671632,208.433015896372
2018-11-06,208.41602729789653,209.20695905423514,209.15530491671632
2018-11-07,206.75920989617873,208.41602729789653,209.20695905423514
2018-11-08,204.27639993263512,206.75920989617873,208.41602729789653
2018-11-09,200.98764224960908,204.27639993263512,206.75920989617873
2018-11-12,196.85067597496737,200.98764224960908,204.27639993263512
2018-11-13,191.7947818019841,196.85067597496737,200.98764224960908
2018-11-14,185.82963677789255,191.7947818019841,196.85067597496737
2018-11-15,179.17191518599802,185.82963677789255,191.7947818019841
2018-11-16,172.30623888044283,179.17191518599802,185.82963677789255
2018-11-19,165.91074353889013,172.30623888044283,179.17191518599802
2018-11-20,160.66405576598368,165.91074353889013,172.30623888044283
2018-11-21,157.0283382886079,160.66405576598368,165.91074353889013
2018-11-23,155.11702113828278,157.0283382886079,160.66405576598368
2018-11-26,154.6962593835696,155.11702113828278,157.0283382886079
2018-11-27,155.2930003368496,154.6962593835696,155.11702113828278
2018-11-28,156.3431026462998,155.2930003368496,154.6962593835696
2018-11-29,157.3229763818188,156.3431026462998,155.2930003368496
2018-11-30,157.84242584662394,157.3229763818188,156.3431026462998
2018-12-03,157.69540966857244,157.84242584662394,157.3229763818188
2018-12-04,156.86999079322703,157.69540966857244,157.84242584662394
2018-12-06,155.51060650917057,156.86999079322703,157.69540966857244
2018-12-07,153.84302631323527,155.51060650917057,156.86999079322703
2018-12-10,152.0806544726026,153.84302631323527,155.51060650917057
2018-12-11,150.3547120961958,152.0806544726026,153.84302631323527
2018-12-12,148.6877807138527,150.3547120961958,152.0806544726026
2018-12-13,147.01545044403014,148.6877807138527,150.3547120961958
2018-12-14,145.24056761974495,147.01545044403014,148.6877807138527
2018-12-17,143.29633868213907,145.24056761974495,147.01545044403014
2018-12-18,141.1930275011144,143.29633868213907,145.24056761974495
2018-12-19,139.03532879141318,141.1930275011144,143.29633868213907
2018-12-20,137.00050233129272,139.03532879141318,141.1930275011144
2018-12-21,135.28442050524674,137.00050233129272,139.03532879141318
2018-12-24,134.03836726374777,135.28442050524674,137.00050233129272
2018-12-26,133.32677546604094,134.03836726374777,135.28442050524674
2018-12-27,133.12868987077832,133.32677546604094,134.03836726374777
2018-12-28,133.3737811756478,133.12868987077832,133.32677546604094
2018-12-31,133.98997971138496,133.3737811756478,133.12868987077832
2019-01-02,134.92956479864847,133.98997971138496,133.3737811756478
2019-01-03,136.1647424509531,134.92956479864847,133.98997971138496
2019-01-04,137.66428738948358,136.1647424509531,134.92956479864847
2019-01-07,139.37233892745533,137.66428738948358,136.1647424509531
2019-01-08,141.20460354043405,139.37233892745533,137.66428738948358
2019-01-09,143.0610272821745,141.20460354043405,139.37233892745533
2019-01-10,144.84477431194227,143.0610272821745,141.20460354043405
2019-01-11,146.47687390326723,144.84477431194227,143.0610272821745
2019-01-14,147.9019877567538,146.47687390326723,144.84477431194227
2019-01-15,149.08520648931673,147.9019877567538,146.47687390326723
2019-01-16,150.0003961088879,149.08520648931673,147.9019877567538
2019-01-17,150.61228098069955,150.0003961088879,149.08520648931673
2019-01-18,150.8650371041033,150.61228098069955,150.0003961088879
2019-01-22,150.68883034483062,150.8650371041033,150.61228098069955
2019-01-23,150.03669598267697,150.68883034483062,150.8650371041033
2019-01-24,148.94086842967863,150.03669598267697,150.68883034483062
2019-01-25,147.56069375016722,148.94086842967863,150.03669598267697
2019-01-28,146.1761849264712,147.56069375016722,148.94086842967863
2019-01-29,145.1104440611345,146.1761849264712,147.56069375016722
2019-01-30,144.61013564620131,145.1104440611345,146.1761849264712
2019-01-31,144.74841303397122,144.61013564620131,145.1104440611345
2019-02-01,145.40918433638387,144.74841303397122,144.61013564620131
2019-02-04,146.35890134850519,145.40918433638387,144.74841303397122
2019-02-05,147.36217994636078,146.35890134850519,145.40918433638387
2019-02-06,148.27642223989204,147.36217994636078,146.35890134850519
2019-02-07,149.08437186793486,148.27642223989204,147.36217994636078
2019-02-08,149.86098362985248,149.08437186793486,148.27642223989204
2019-02-11,150.70375108850857,149.86098362985248,149.08437186793486
2019-02-12,151.6689559074104,150.70375108850857,149.86098362985248
2019-02-13,152.74135823130385,151.6689559074104,150.70375108850857
2019-02-14,153.84421587194703,152.74135823130385,151.6689559074104
2019-02-15,154.87351961760282,153.84421587194703,152.74135823130385
2019-02-19,155.73614577723572,154.87351961760282,153.84421587194703
2019-02-20,156.37226096320023,155.73614577723572,154.87351961760282
2019-02-21,156.7604433196812,156.37226096320023,155.73614577723572
2019-02-22,156.91129920005358,156.7604433196812,156.37226096320023
2019-02-25,156.85915073910832,156.91129920005358,156.7604433196812
2019-02-26,156.65189112443272,156.85915073910832,156.91129920005358
2019-02-27,156.34335587362452,156.65189112443272,156.85915073910832
2019-02-28,155.98860878805732,156.34335587362452,156.65189112443272
2019-03-01,155.65107084867202,155.98860878805732,156.34335587362452
2019-03-04,155.41671227618565,155.65107084867202,155.98860878805732
2019-03-05,155.40560878613428,155.41671227618565,155.65107084867202
2019-03-06,155.7582061282693,155.40560878613428,155.41671227618565
2019-03-07,156.5945369282621,155.7582061282693,155.40560878613428
2019-03-08,157.96237358887967,156.5945369282621,155.7582061282693
2019-03-11,159.80784700321414,157.96237358887967,156.5945369282621
2019-03-12,161.99150493710422,159.80784700321414,157.96237358887967
2019-03-13,164.33890934768286,161.99150493710422,159.80784700321414
2019-03-14,166.69367620110722,164.33890934768286,161.99150493710422
2019-03-15,168.94111115835636,166.69367620110722,164.33890934768286
2019-03-18,171.00009225169808,168.94111115835636,166.69367620110722
2019-03-19,172.80439964561015,171.00009225169808,168.94111115835636
2019-03-20,174.3011966299665,172.80439964561015,171.00009225169808
2019-03-21,175.4723289475985,174.3011966299665,172.80439964561015
2019-03-22,176.36105831104436,175.4723289475985,174.3011966299665
2019-03-25,177.07907601537332,176.36105831104436,175.4723289475985
2019-03-26,177.7806142729722,177.07907601537332,176.36105831104436
2019-03-27,178.61551200587087,177.7806142729722,177.07907601537332
2019-03-28,179.68313964681806,178.61551200587087,177.7806142729722
2019-03-29,181.00736112670606,179.68313964681806,178.61551200587087
2019-04-01,182.5354705127164,181.00736112670606,179.68313964681806
2019-04-02,184.15851920892098,182.5354705127164,181.00736112670606
2019-04-03,185.74005677110227,184.15851920892098,182.5354705127164
2019-04-04,187.14652770368218,185.74005677110227,184.15851920892098
2019-04-05,188.27109311575822,187.14652770368218,185.74005677110227
2019-04-08,189.0493465742588,188.27109311575822,187.14652770368218
2019-04-09,189.46503254452404,189.0493465742588,188.27109311575822
2019-04-10,189.55071242920602,189.46503254452404,189.0493465742588
2019-04-11,189.38033676379825,189.55071242920602,189.46503254452404
2019-04-12,189.05562558970604,189.38033676379825,189.55071242920602
2019-04-15,188.68176835075369,189.05562558970604,189.38033676379825
2019-04-16,188.33461318508995,188.68176835075369,189.05562558970604
2019-04-17,188.03209913105263,188.33461318508995,188.68176835075369
2019-04-18,187.7250955952889,188.03209913105263,188.33461318508995
2019-04-22,187.31931741692827,187.7250955952889,188.03209913105263
2019-04-23,186.722929988393,187.31931741692827,187.7250955952889
2019-04-24,185.89939232585954,186.722929988393,187.31931741692827
2019-04-25,184.89221113543974,185.89939232585954,186.722929988393
2019-04-26,183.80502076322904,184.89221113543974,185.89939232585954
2019-04-29,182.7413280850684,183.80502076322904,184.89221113543974
2019-04-30,181.7410876684338,182.7413280850684,183.80502076322904
2019-05-01,180.75129164790323,181.7410876684338,182.7413280850684
2019-05-02,179.64761592126396,180.75129164790323,181.7410876684338
2019-05-03,178.29274605488015,179.64761592126396,180.75129164790323
2019-05-06,176.5959850371614,178.29274605488015,179.64761592126396
2019-05-07,174.54740781058473,176.5959850371614,178.29274605488015
2019-05-08,172.21568723836728,174.54740781058473,176.5959850371614
2019-05-09,169.720497308681,172.21568723836728,174.54740781058473
2019-05-10,167.1948747498135,169.720497308681,172.21568723836728
2019-05-13,164.74999613137098,167.1948747498135,169.720497308681
2019-05-14,162.45044744797218,164.74999613137098,167.1948747498135
2019-05-15,160.3057109121685,162.45044744797218,164.74999613137098
2019-05-16,158.27891752704528,160.3057109121685,162.45044744797218
2019-05-17,156.30745955098138,158.27891752704528,160.3057109121685
2019-05-20,154.32753895196964,156.30745955098138,158.27891752704528
2019-05-21,152.29453634097635,154.32753895196964,156.30745955098138
2019-05-22,150.1983802776007,152.29453634097635,154.32753895196964
2019-05-23,148.0730146525576,150.1983802776007,152.29453634097635
2019-05-24,145.9996094317334,148.0730146525576,150.1983802776007
2019-05-28,144.10110383551475,145.9996094317334,148.0730146525576
2019-05-29,142.52456341921635,144.10110383551475,145.9996094317334
2019-05-30,141.41166136769937,142.52456341921635,144.10110383551475
2019-05-31,140.86262025261442,141.41166136769937,142.52456341921635
2019-06-03,140.90270021605392,140.86262025261442,141.41166136769937
2019-06-04,141.4678279904372,140.90270021605392,140.86262025261442
2019-06-05,142.41417160530864,141.4678279904372,140.90270021605392
2019-06-06,143.55354684286016,142.41417160530864,141.4678279904372
2019-06-07,144.70130733687873,143.55354684286016,142.41417160530864
2019-06-10,145.72344002607664,144.70130733687873,143.55354684286016
2019-06-11,146.56708829548393,145.72344002607664,144.70130733687873
2019-06-12,147.2636774335721,146.56708829548393,145.72344002607664
2019-06-13,147.90221164089505,147.2636774335721,146.56708829548393
2019-06-14,148.5823569335306,147.90221164089505,147.2636774335721
2019-06-17,149.37132669299888,148.5823569335306,147.90221164089505
2019-06-18,150.28741542382528,149.37132669299888,148.5823569335306
2019-06-19,151.31788364113177,150.28741542382528,149.37132669299888
2019-06-20,152.4519143851847,151.31788364113177,150.28741542382528
2019-06-21,153.69829443951704,152.4519143851847,151.31788364113177
2019-06-24,155.0699290878351,153.69829443951704,152.4519143851847
2019-06-25,156.54374559796497,155.0699290878351,153.69829443951704
2019-06-26,158.0310054177504,156.54374559796497,155.0699290878351
2019-06-27,159.38489793129528,158.0310054177504,156.54374559796497
2019-06-28,160.45045312509683,159.38489793129528,158.0310054177504
2019-07-01,161.13195384526495,160.45045312509683,159.38489793129528
2019-07-02,161.44220441200804,161.13195384526495,160.45045312509683
2019-07-03,161.50886065869005,161.44220441200804,161.13195384526495
2019-07-05,161.53233402412212,161.50886065869005,161.44220441200804
2019-07-08,161.71542132092287,161.53233402412212,161.50886065869005
2019-07-09,162.19421073621572,161.71542132092287,161.53233402412212
2019-07-10,162.9999553135779,162.19421073621572,161.71542132092287
2019-07-11,164.06662811079428,162.9999553135779,162.19421073621572
2019-07-12,165.27654025876674,164.06662811079428,162.9999553135779
2019-07-15,166.51758267562622,165.27654025876674,164.06662811079428
2019-07-16,167.72252978377043,166.51758267562622,165.27654025876674
2019-07-17,168.87400816180318,167.72252978377043,166.51758267562622
2019-07-18,169.97801458267082,168.87400816180318,167.72252978377043
2019-07-19,171.02661822498897,169.97801458267082,168.87400816180318
2019-07-22,171.96939464526255,171.02661822498897,169.97801458267082
2019-07-23,172.7076668529852,171.96939464526255,171.02661822498897
2019-07-24,173.11093871033603,172.7076668529852,171.96939464526255
2019-07-25,173.04554755863245,173.11093871033603,172.7076668529852
2019-07-26,172.40517706174768,173.04554755863245,173.11093871033603
2019-07-29,171.1383428393106,172.40517706174768,173.04554755863245
2019-07-30,169.27363614333257,171.1383428393106,172.40517706174768
2019-07-31,166.93596806917643,169.27363614333257,171.1383428393106
2019-08-01,164.34035103605137,166.93596806917643,169.27363614333257
2019-08-02,161.7533678753777,164.34035103605137,166.93596806917643
2019-08-05,159.42916711983904,161.7533678753777,164.34035103605137
2019-08-06,157.54573381601637,159.42916711983904,161.7533678753777
2019-08-07,156.1765576891769,157.54573381601637,159.42916711983904
2019-08-08,155.31466525000377,156.1765576891769,157.54573381601637
2019-08-09,154.93042295184736,155.31466525000377,156.1765576891769
2019-08-12,155.02354554600834,154.93042295184736,155.31466525000377
2019-08-13,155.62957302999448,155.02354554600834,154.93042295184736
2019-08-14,156.77213596545982,155.62957302999448,155.02354554600834
2019-08-15,158.39299158870435,156.77213596545982,155.62957302999448
2019-08-16,160.3089374861552,158.39299158870435,156.77213596545982
2019-08-19,162.23430488400095,160.3089374861552,158.39299158870435
2019-08-20,163.8663739822118,162.23430488400095,160.3089374861552
2019-08-21,164.9942510355206,163.8663739822118,162.23430488400095
2019-08-22,165.57320147840673,164.9942510355206,163.8663739822118
2019-08-23,165.7308513627007,165.57320147840673,164.9942510355206
2019-08-26,165.71071432826284,165.7308513627007,165.57320147840673
2019-08-27,165.78573837249488,165.71071432826284,165.7308513627007
2019-08-28,166.1832108120887,165.78573837249488,165.71071432826284
2019-08-29,167.04168106532796,166.1832108120887,165.78573837249488
2019-08-30,168.39951601855495,167.04168106532796,166.1832108120887
2019-09-03,170.20147639905088,168.39951601855495,167.04168106532796
2019-09-04,172.31241623674882,170.20147639905088,168.39951601855495
2019-09-05,174.54003329177417,172.31241623674882,170.20147639905088
2019-09-06,176.66765889090772,174.54003329177417,172.31241623674882
2019-09-09,178.4945063539397,176.66765889090772,174.54003329177417
2019-09-10,179.87041035843606,178.4945063539397,176.66765889090772
2019-09-11,180.7168136090547,179.87041035843606,178.4945063539397
2019-09-12,181.02809035202165,180.7168136090547,179.87041035843606
2019-09-13,180.85806276772755,181.02809035202165,180.7168136090547
2019-09-16,180.30275690028196,180.85806276772755,181.02809035202165
2019-09-17,179.48367209185452,180.30275690028196,180.85806276772755
2019-09-18,178.53382235082597,179.48367209185452,180.30275690028196
2019-09-19,177.58350282320004,178.53382235082597,179.48367209185452
2019-09-20,176.74111783552212,177.58350282320004,178.53382235082597
2019-09-23,176.07663677461932,176.74111783552212,177.58350282320004
2019-09-24,175.61684164007738,176.07663677461932,176.74111783552212
2019-09-25,175.36046472733952,175.61684164007738,176.07663677461932
2019-09-26,175.30408920696982,175.36046472733952,175.61684164007738
2019-09-27,175.46148418271935,175.30408920696982,175.36046472733952
2019-09-30,175.85745550584411,175.46148418271935,175.30408920696982
2019-10-01,176.50260360483406,175.85745550584411,175.46148418271935
2019-10-02,177.36963575578312,176.50260360483406,175.85745550584411
2019-10-03,178.39622623120482,177.36963575578312,176.50260360483406
2019-10-04,179.5162920565502,178.39622623120482,177.36963575578312
2019-10-07,180.69938685577904,179.5162920565502,178.39622623120482
2019-10-08,181.9661392980365,180.69938685577904,179.5162920565502
2019-10-09,183.36558672878644,181.9661392980365,180.69938685577904
2019-10-10,184.92742995347027,183.36558672878644,181.9661392980365
2019-10-11,186.6230710988644,184.92742995347027,183.36558672878644
2019-10-14,188.36219780662833,186.6230710988644,184.92742995347027
2019-10-15,190.0295297621006,188.36219780662833,186.6230710988644
2019-10-16,191.53894767550705,190.0295297621006,188.36219780662833
2019-10-17,192.8732630778727,191.53894767550705,190.0295297621006
2019-10-18,194.0870324418074,192.8732630778727,191.53894767550705
2019-10-21,195.27245978898833,194.0870324418074,192.8732630778727
2019-10-22,196.5082335848025,195.27245978898833,194.0870324418074
2019-10-23,197.81897347008345,196.5082335848025,195.27245978898833
2019-10-24,199.16515022540722,197.81897347008345,196.5082335848025
2019-10-25,200.4692205409451,199.16515022540722,197.81897347008345
2019-10-28,201.6608095879461,200.4692205409451,199.16515022540722
2019-10-29,202.7150642440812,201.6608095879461,200.4692205409451
2019-10-30,203.6573967925044,202.7150642440812,201.6608095879461
2019-10-31,204.53545734673145,203.6573967925044,202.7150642440812
2019-11-01,205.37772570608124,204.53545734673145,203.6573967925044
2019-11-04,206.17287330698156,205.37772570608124,204.53545734673145
2019-11-05,206.87871808589202,206.17287330698156,205.37772570608124
2019-11-06,207.45306547037256,206.87871808589202,206.17287330698156
2019-11-07,207.87962905635914,207.45306547037256,206.87871808589202
2019-11-08,208.17453786381884,207.87962905635914,207.45306547037256
2019-11-11,208.37708811467542,208.17453786381884,207.87962905635914
2019-11-12,208.53685170085544,208.37708811467542,208.17453786381884
2019-11-13,208.70688891643144,208.53685170085544,208.37708811467542
2019-11-14,208.94253822850274,208.70688891643144,208.53685170085544
2019-11-15,209.2979244871454,208.94253822850274,208.70688891643144
2019-11-18,209.81641728849758,209.2979244871454,208.94253822850274
2019-11-19,210.51525682245045,209.81641728849758,209.2979244871454
2019-11-20,211.36659665426885,210.51525682245045,209.81641728849758
2019-11-21,212.28494650741305,211.36659665426885,210.51525682245045
2019-11-22,213.1317169109289,212.28494650741305,211.36659665426885
2019-11-25,213.74592141360614,213.1317169109289,212.28494650741305
2019-11-26,213.9986819544852,213.74592141360614,213.1317169109289
2019-11-27,213.8512483418778,213.9986819544852,213.74592141360614
2019-11-29,213.38620827479977,213.8512483418778,213.9986819544852
2019-12-02,212.7931062013427,213.38620827479977,213.8512483418778
2019-12-03,212.31335858711276,212.7931062013427,213.38620827479977
2019-12-04,212.17000898585584,212.31335858711276,212.7931062013427
2019-12-05,212.51404952504393,212.17000898585584,212.31335858711276
2019-12-06,213.4028578413147,212.51404952504393,212.17000898585584
2019-12-09,214.8097218131559,213.4028578413147,212.51404952504393
2019-12-10,216.64858146325903,214.8097218131559,213.4028578413147
2019-12-11,218.80490380723148,216.64858146325903,214.8097218131559
2019-12-12,221.1624050728621,218.80490380723148,216.64858146325903
2019-12-13,223.62027162825945,221.1624050728621,218.80490380723148
2019-12-16,226.0954929985286,223.62027162825945,221.1624050728621
2019-12-17,228.5095751591953,226.0954929985286,223.62027162825945
2019-12-18,230.77154607550037,228.5095751591953,226.0954929985286
2019-12-19,232.77261129881882,230.77154607550037,228.5095751591953
2019-12-20,234.40437113709066,232.77261129881882,230.77154607550037
2019-12-23,235.59515631674026,234.40437113709066,232.77261129881882
2019-12-24,236.34472938013184,235.59515631674026,234.40437113709066
2019-12-26,236.73514285109803,236.34472938013184,235.59515631674026
2019-12-27,236.91182179116137,236.73514285109803,236.34472938013184
2019-12-30,237.04184811638916,236.91182179116137,236.73514285109803
2019-12-31,237.27146515445344,237.04184811638916,236.91182179116137
2020-01-02,237.70046123402798,237.27146515445344,237.04184811638916
2020-01-03,238.37773879175091,237.70046123402798,237.27146515445344
2020-01-06,239.30800217739483,238.37773879175091,237.70046123402798
2020-01-07,240.4587718835955,239.30800217739483,238.37773879175091
2020-01-08,241.76345647758654,240.4587718835955,239.30800217739483
2020-01-09,243.12783234860336,241.76345647758654,240.4587718835955
2020-01-10,244.44569808234962,243.12783234860336,241.76345647758654
2020-01-13,245.62458104254097,244.44569808234962,243.12783234860336
2020-01-14,246.60688960558286,245.62458104254097,244.44569808234962
2020-01-15,247.37500000975928,246.60688960558286,245.62458104254097
2020-01-16,247.9345834053579,247.37500000975928,246.60688960558286
2020-01-17,248.28955996689317,247.9345834053579,247.37500000975928
2020-01-21,248.42729132900052,248.28955996689317,247.9345834053579
2020-01-22,248.32521175108997,248.42729132900052,248.28955996689317
2020-01-23,247.9754684352008,248.32521175108997,248.42729132900052
2020-01-24,247.41032831014618,247.9754684352008,248.32521175108997
2020-01-27,246.71741680530732,247.41032831014618,247.9754684352008
2020-01-28,246.03750127285576,246.71741680530732,247.41032831014618
2020-01-29,245.55036356424495,246.03750127285576,246.71741680530732
2020-01-30,245.44979075925391,245.55036356424495,246.03750127285576
2020-01-31,245.9131641840517,245.44979075925391,245.55036356424495
2020-02-03,247.06870584061267,245.9131641840517,245.44979075925391
2020-02-04,248.97598886191213,247.06870584061267,245.9131641840517
2020-02-05,251.6305016816646,248.97598886191213,247.06870584061267
2020-02-06,254.98933024150696,251.6305016816646,248.97598886191213
2020-02-07,258.99765074927984,254.98933024150696,251.6305016816646
2020-02-10,263.590426047345,258.99765074927984,254.98933024150696
2020-02-11,268.6589238783337,263.590426047345,258.99765074927984
2020-02-12,273.9833548102512,268.6589238783337,263.590426047345
2020-02-13,279.17102372659684,273.9833548102512,268.6589238783337
2020-02-14,283.6530472085342,279.17102372659684,273.9833548102512
2020-02-18,286.7818885835726,283.6530472085342,279.17102372659684
2020-02-19,288.0294331529526,286.7818885835726,283.6530472085342
2020-02-20,287.20838581121683,288.0294331529526,286.7818885835726
2020-02-21,284.60228688531186,287.20838581121683,288.0294331529526
2020-02-24,280.9121079312788,284.60228688531186,287.20838581121683
2020-02-25,277.027395860619,280.9121079312788,284.60228688531186
2020-02-26,273.72082147066124,277.027395860619,280.9121079312788
2020-02-27,271.39563267185804,273.72082147066124,277.027395860619
2020-02-28,269.9968584691973,271.39563267185804,273.72082147066124
2020-03-02,269.08657897574767,269.9968584691973,271.39563267185804
2020-03-03,268.0385796256004,269.08657897574767,269.9968584691973
2020-03-04,266.25411390363195,268.0385796256004,269.08657897574767
2020-03-05,263.3255815210338,266.25411390363195,268.0385796256004
2020-03-06,259.10849125147615,263.3255815210338,266.25411390363195
2020-03-09,253.70594025171025,259.10849125147615,263.3255815210338
2020-03-10,247.41604219590096,253.70594025171025,259.10849125147615
2020-03-11,240.67147217117338,247.41604219590096,253.70594025171025
2020-03-12,233.9972250963644,240.67147217117338,247.41604219590096
2020-03-13,227.97040153397927,233.9972250963644,240.67147217117338
2020-03-16,223.16956943147576,227.97040153397927,233.9972250963644
2020-03-17,220.10664746793202,223.16956943147576,227.97040153397927
2020-03-18,219.14013039909003,220.10664746793202,223.16956943147576
2020-03-19,220.39619225565457,219.14013039909003,220.10664746793202
2020-03-20,223.70435001274046,220.39619225565457,219.14013039909003
2020-03-23,228.5894920955988,223.70435001274046,220.39619225565457
2020-03-24,234.34018870579004,228.5894920955988,223.70435001274046
2020-03-25,240.1536842027216,234.34018870579004,228.5894920955988
2020-03-26,245.32315741819863,240.1536842027216,234.34018870579004
2020-03-27,249.3996881866514,245.32315741819863,240.1536842027216
2020-03-30,252.27901431706755,249.3996881866514,245.32315741819863
2020-03-31,254.1769364080669,252.27901431706755,249.3996881866514
2020-04-01,255.51659929211706,254.1769364080669,252.27901431706755
2020-04-02,256.77294569730526,255.51659929211706,254.1769364080669
2020-04-03,258.3294535114154,256.77294569730526,255.51659929211706
2020-04-06,260.40649282909453,258.3294535114154,256.77294569730526
2020-04-07,263.05832033775835,260.40649282909453,258.3294535114154
2020-04-08,266.2139500113352,263.05832033775835,260.40649282909453
2020-04-09,269.71055587707514,266.2139500113352,263.05832033775835
2020-04-13,273.3114491181407,269.71055587707514,266.2139500113352
2020-04-14,276.7269468384443,273.3114491181407,269.71055587707514
2020-04-15,279.66923658334946,276.7269468384443,273.3114491181407
2020-04-16,281.94640951613695,279.66923658334946,276.7269468384443
2020-04-17,283.542498832926,281.94640951613695,279.66923658334946
2020-04-20,284.63273694227155,283.542498832926,281.94640951613695
2020-04-21,285.5037800172443,284.63273694227155,283.542498832926
2020-04-22,286.41786254727015,285.5037800172443,284.63273694227155
2020-04-23,287.49985174399023,286.41786254727015,285.5037800172443
2020-04-24,288.7060389542525,287.49985174399023,286.41786254727015
2020-04-27,289.89719563237276,288.7060389542525,287.49985174399023
2020-04-28,290.95794453833,289.89719563237276,288.7060389542525
2020-04-29,291.90025938175944,290.95794453833,289.89719563237276
2020-04-30,292.88857718494955,291.90025938175944,290.95794453833
2020-05-01,294.18134311839884,292.88857718494955,291.90025938175944
2020-05-04,296.02206108345797,294.18134311839884,292.88857718494955
2020-05-05,298.53864198434445,296.02206108345797,294.18134311839884
2020-05-06,301.7099534724257,298.53864198434445,296.02206108345797
2020-05-07,305.40844888829247,301.7099534724257,298.53864198434445
2020-05-08,309.497327228299,305.40844888829247,301.7099534724257
2020-05-11,313.9124313415631,309.497327228299,305.40844888829247
2020-05-12,318.67457492750015,313.9124313415631,309.497327228299
2020-05-13,323.81030103951304,318.67457492750015,313.9124313415631
2020-05-14,329.23769186927217,323.81030103951304,318.67457492750015
2020-05-15,334.6927317875384,329.23769186927217,323.81030103951304
2020-05-18,339.7577462803221,334.6927317875384,329.23769186927217
2020-05-19,343.9879605518232,339.7577462803221,334.6927317875384
2020-05-20,347.0685442697312,343.9879605518232,339.7577462803221
2020-05-21,348.92820232961844,347.0685442697312,343.9879605518232
2020-05-22,349.7575915577602,348.92820232961844,347.0685442697312
2020-05-26,349.9294854262228,349.7575915577602,348.92820232961844
2020-05-27,349.86593749670243,349.9294854262228,349.7575915577602
2020-05-28,349.906241599476,349.86593749670243,349.9294854262228
2020-05-29,350.23486866797333,349.906241599476,349.86593749670243
2020-06-01,350.8909580025546,350.23486866797333,349.906241599476
2020-06-02,351.8297640023934,350.8909580025546,350.23486866797333
2020-06-03,352.9886816194873,351.8297640023934,350.8909580025546
2020-06-04,354.3145136747239,352.9886816194873,351.8297640023934
2020-06-05,355.7534514691076,354.3145136747239,352.9886816194873
2020-06-08,357.23762177480637,355.7534514691076,354.3145136747239
2020-06-09,358.6976649319507,357.23762177480637,355.7534514691076
2020-06-10,360.0968021041799,358.6976649319507,357.23762177480637
2020-06-11,361.4584808669543,360.0968021041799,358.6976649319507
2020-06-12,362.8577004049925,361.4584808669543,360.0968021041799
2020-06-15,364.37308193212147,362.8577004049925,361.4584808669543
2020-06-16,366.0330647877397,364.37308193212147,362.8577004049925
2020-06-17,367.7847616295959,366.0330647877397,364.37308193212147
2020-06-18,369.5038371736566,367.7847616295959,366.0330647877397
2020-06-19,371.04078342624115,369.5038371736566,367.7847616295959
2020-06-22,372.2877812556666,371.04078342624115,369.5038371736566
2020-06-23,373.240887034093,372.2877812556666,371.04078342624115
2020-06-24,374.0321611921224,373.240887034093,372.2877812556666
2020-06-25,374.9141312816164,374.0321611921224,373.240887034093
2020-06-26,376.19230701261205,374.9141312816164,374.0321611921224
2020-06-29,378.1377469184424,376.19230701261205,374.9141312816164
2020-06-30,380.90836271012455,378.1377469184424,376.19230701261205
2020-07-01,384.50328454822073,380.90836271012455,378.1377469184424
2020-07-02,388.7572426904319,384.50328454822073,380.90836271012455
2020-07-06,393.3644653561383,388.7572426904319,384.50328454822073
2020-07-07,397.92709872984244,393.3644653561383,388.7572426904319
2020-07-08,402.0359199048164,397.92709872984244,393.3644653561383
2020-07-09,405.3685687830906,402.0359199048164,397.92709872984244
2020-07-10,407.7769759689094,405.3685687830906,402.0359199048164
2020-07-13,409.3215073428213,407.7769759689094,405.3685687830906
2020-07-14,410.22339333542647,409.3215073428213,407.7769759689094
2020-07-15,410.75941775004503,410.22339333542647,409.3215073428213
2020-07-16,411.15376685234486,410.75941775004503,410.22339333542647
2020-07-17,411.5189029452115,411.15376685234486,410.75941775004503
2020-07-20,411.87660449871885,411.5189029452115,411.15376685234486
2020-07-21,412.23275718989703,411.87660449871885,411.5189029452115
2020-07-22,412.654632053744,412.23275718989703,411.87660449871885
2020-07-23,413.305040444576,412.654632053744,412.23275718989703
2020-07-24,414.414243521921,413.305040444576,412.654632053744
2020-07-27,416.2109689795996,414.414243521921,413.305040444576
2020-07-28,418.8430336873051,416.2109689795996,414.414243521921
2020-07-29,422.3188568266079,418.8430336873051,416.2109689795996
2020-07-30,426.48080839648367,422.3188568266079,418.8430336873051
2020-07-31,431.01706491262706,426.48080839648367,422.3188568266079
2020-08-03,435.5277726941254,431.01706491262706,426.48080839648367
2020-08-04,439.63470263479763,435.5277726941254,431.01706491262706
2020-08-05,443.1151273606459,439.63470263479763,435.5277726941254
2020-08-06,446.00169359516815,443.1151273606459,439.63470263479763
2020-08-07,448.59687019985836,446.00169359516815,443.1151273606459
2020-08-10,451.37370598534136,448.59687019985836,446.00169359516815
2020-08-11,454.7991468889966,451.37370598534136,448.59687019985836
2020-08-12,459.15456568553645,454.7991468889966,451.37370598534136
2020-08-13,464.43784182624626,459.15456568553645,454.7991468889966
2020-08-14,470.39110444994265,464.43784182624626,459.15456568553645
2020-08-17,476.62807019869973,470.39110444994265,464.43784182624626
2020-08-18,482.7889848304318,476.62807019869973,470.39110444994265
2020-08-19,488.6508587449131,482.7889848304318,476.62807019869973
2020-08-20,494.15138915561437,488.6508587449131,482.7889848304318
2020-08-21,499.35773299810415,494.15138915561437,488.6508587449131
2020-08-24,504.40248139321324,499.35773299810415,494.15138915561437
2020-08-25,509.4114604207398,504.40248139321324,499.35773299810415
2020-08-26,514.4030987607357,509.4114604207398,504.40248139321324
2020-08-27,519.1700477291093,514.4030987607357,509.4114604207398
2020-08-28,523.2161110242797,519.1700477291093,514.4030987607357
2020-08-31,525.8382206708003,523.2161110242797,519.1700477291093
2020-09-01,526.3840814176415,525.8382206708003,523.2161110242797
2020-09-02,524.5848362205335,526.3840814176415,525.8382206708003
2020-09-03,520.7732992295846,524.5848362205335,526.3840814176415
2020-09-04,515.8337741591905,520.7732992295846,524.5848362205335
2020-09-08,510.88294524655333,515.8337741591905,520.7732992295846
2020-09-09,506.84914051891184,510.88294524655333,515.8337741591905
2020-09-10,504.1683641650176,506.84914051891184,510.88294524655333
2020-09-11,502.7349189397398,504.1683641650176,506.84914051891184
2020-09-14,502.0883786404161,502.7349189397398,504.1683641650176
2020-09-15,501.7127962632978,502.0883786404161,502.7349189397398
2020-09-16,501.29136292380684,501.7127962632978,502.0883786404161
2020-09-17,500.8200912503681,501.29136292380684,501.7127962632978
2020-09-18,500.5661533561596,500.8200912503681,501.29136292380684
2020-09-21,500.93311666289117,500.5661533561596,500.8200912503681
2020-09-22,502.3049848835837,500.93311666289117,500.5661533561596
2020-09-23,504.9181254863731,502.3049848835837,500.93311666289117
2020-09-24,508.778072606534,504.9181254863731,502.3049848835837
2020-09-25,513.6459840744257,508.778072606534,504.9181254863731
2020-09-28,519.1008540040349,513.6459840744257,508.778072606534
2020-09-29,524.6748404982573,519.1008540040349,513.6459840744257
2020-09-30,529.9970258941055,524.6748404982573,519.1008540040349
2020-10-01,534.8838642989958,529.9970258941055,524.6748404982573
2020-10-02,539.3300580239882,534.8838642989958,529.9970258941055
2020-10-05,543.4151890921557,539.3300580239882,534.8838642989958
2020-10-06,547.1949329760025,543.4151890921557,539.3300580239882
2020-10-07,550.632125171293,547.1949329760025,543.4151890921557
2020-10-08,553.5806622291195,550.632125171293,547.1949329760025
2020-10-09,555.8198257988756,553.5806622291195,550.632125171293
2020-10-12,557.1110144298515,555.8198257988756,553.5806622291195
2020-10-13,557.2763284796424,557.1110144298515,555.8198257988756
2020-10-14,556.269909393957,557.2763284796424,557.1110144298515
2020-10-15,554.2150015890418,556.269909393957,557.2763284796424
2020-10-16,551.3722139675941,554.2150015890418,556.269909393957
2020-10-19,548.0497813085225,551.3722139675941,554.2150015890418
2020-10-20,544.4978105367405,548.0497813085225,551.3722139675941
2020-10-21,540.847801979719,544.4978105367405,548.0497813085225
2020-10-22,537.1291841585193,540.847801979719,544.4978105367405
2020-10-23,533.3666843695589,537.1291841585193,540.847801979719
2020-10-26,529.701558418287,533.3666843695589,537.1291841585193
2020-10-27,526.4744658858403,529.701558418287,533.3666843695589
2020-10-28,524.2107082951829,526.4744658858403,529.701558418287
2020-10-29,523.4770675681996,524.2107082951829,526.4744658858403
2020-10-30,524.6396320912214,523.4770675681996,524.2107082951829
2020-11-02,527.6227971914424,524.6396320912214,523.4770675681996
2020-11-03,531.8088380195479,527.6227971914424,524.6396320912214
2020-11-04,536.1778012433238,531.8088380195479,527.6227971914424
2020-11-05,539.666409179212,536.1778012433238,531.8088380195479
2020-11-06,541.5757829449212,539.666409179212,536.1778012433238
2020-11-09,541.8107633700492,541.5757829449212,539.666409179212
2020-11-10,540.8152049920445,541.8107633700492,541.5757829449212
2020-11-11,539.2672918101291,540.8152049920445,541.8107633700492
2020-11-12,537.7302662055488,539.2672918101291,540.8152049920445
2020-11-13,536.4511880031124,537.7302662055488,539.2672918101291
2020-11-16,535.3796486027085,536.4511880031124,537.7302662055488
2020-11-17,534.3318302879428,535.3796486027085,536.4511880031124
2020-11-18,533.1805858130583,534.3318302879428,535.3796486027085
2020-11-19,531.9621483290341,533.1805858130583,534.3318302879428
2020-11-20,530.8742756489877,531.9621483290341,533.1805858130583
2020-11-23,530.1834256904108,530.8742756489877,531.9621483290341
2020-11-24,530.0986303797531,530.1834256904108,530.8742756489877
2020-11-25,530.6737310366551,530.0986303797531,530.1834256904108
2020-11-27,531.7769120540916,530.6737310366551,530.0986303797531
2020-11-30,533.126056578091,531.7769120540916,530.6737310366551
2020-12-01,534.3679831176664,533.126056578091,531.7769120540916
2020-12-02,535.1675822665438,534.3679831176664,533.126056578091
2020-12-03,535.2863387518445,535.1675822665438,534.3679831176664
2020-12-04,534.6484336222305,535.2863387518445,535.1675822665438
2020-12-07,533.37895751531,534.6484336222305,535.2863387518445
2020-12-08,531.7862669724605,533.37895751531,534.6484336222305
2020-12-09,530.2720731560087,531.7862669724605,533.37895751531
2020-12-10,529.1897529625804,530.2720731560087,531.7862669724605
2020-12-11,528.711614872629,529.1897529625804,530.2720731560087
2020-12-14,528.7740645481856,528.711614872629,529.1897529625804
2020-12-15,529.1228120326421,528.7740645481856,528.711614872629
2020-12-16,529.4275489797177,529.1228120326421,528.7740645481856
2020-12-17,529.4006983986525,529.4275489797177,529.1228120326421
2020-12-18,528.8848504518754,529.4006983986525,529.4275489797177
2020-12-21,527.8821116109956,528.8848504518754,529.4006983986525
2020-12-22,526.5451495444479,527.8821116109956,528.8848504518754
2020-12-23,525.126478198479,526.5451495444479,527.8821116109956
2020-12-24,523.9040402945478,525.126478198479,526.5451495444479
2020-12-28,523.0975941136377,523.9040402945478,525.126478198479
2020-12-29,522.8141339470211,523.0975941136377,523.9040402945478
2020-12-30,523.047008547398,522.8141339470211,523.0975941136377
2020-12-31,523.7242162317996,523.047008547398,522.8141339470211
2021-01-04,524.7664893080978,523.7242162317996,523.047008547398
2021-01-05,526.1085255474229,524.7664893080978,523.7242162317996
2021-01-06,527.667675042096,526.1085255474229,524.7664893080978
2021-01-07,529.292382261802,527.667675042096,526.1085255474229
2021-01-08,530.7555558288074,529.292382261802,527.667675042096
2021-01-11,531.8306707024394,530.7555558288074,529.292382261802
2021-01-12,532.4189966980725,531.8306707024394,530.7555558288074
2021-01-13,532.6402692495433,532.4189966980725,531.8306707024394
2021-01-14,532.7973586487245,532.6402692495433,532.4189966980725
2021-01-15,533.2079862314309,532.7973586487245,532.6402692495433
2021-01-19,533.9953824134523,533.2079862314309,532.7973586487245
2021-01-20,534.9775596864367,533.9953824134523,533.2079862314309
2021-01-21,535.7471943054131,534.9775596864367,533.9953824134523
2021-01-22,535.9037118249096,535.7471943054131,534.9775596864367
2021-01-25,535.3110132311544,535.9037118249096,535.7471943054131
2021-01-26,534.2202077131572,535.3110132311544,535.9037118249096
2021-01-27,533.1925624758876,534.2202077131572,535.3110132311544
2021-01-28,532.8885970678017,533.1925624758876,534.2202077131572
2021-01-29,533.8352719613684,532.8885970678017,533.1925624758876
2021-02-01,536.3045303579902,533.8352719613684,532.8885970678017
2021-02-02,540.3198099900991,536.3045303579902,533.8352719613684
2021-02-03,545.7404829875227,540.3198099900991,536.3045303579902
2021-02-04,552.3347781290711,545.7404829875227,540.3198099900991
2021-02-05,559.7899405563742,552.3347781290711,545.7404829875227
2021-02-08,567.674085562792,559.7899405563742,552.3347781290711
2021-02-09,575.4168212081303,567.674085562792,559.7899405563742
2021-02-10,582.3471901151304,575.4168212081303,567.674085562792
2021-02-11,587.8005531898381,582.3471901151304,575.4168212081303
2021-02-12,591.252256653114,587.8005531898381,582.3471901151304
2021-02-16,592.4178456247965,591.252256653114,587.8005531898381
2021-02-17,591.2843632635253,592.4178456247965,591.252256653114
2021-02-18,588.0709763557838,591.2843632635253,592.4178456247965
2021-02-19,583.1485993324163,588.0709763557838,591.2843632635253
2021-02-22,576.9407016395013,583.1485993324163,588.0709763557838
2021-02-23,569.8372296746605,576.9407016395013,583.1485993324163
2021-02-24,562.1251143797749,569.8372296746605,576.9407016395013
2021-02-25,553.9653252096697,562.1251143797749,569.8372296746605
2021-02-26,545.432236041413,553.9653252096697,562.1251143797749
2021-03-01,536.6290820384861,545.432236041413,553.9653252096697
2021-03-02,527.826618451177,536.6290820384861,545.432236041413
2021-03-03,519.5520333385373,527.826618451177,536.6290820384861
2021-03-04,512.5367324634437,519.5520333385373,527.826618451177
2021-03-05,507.51823493984506,512.5367324634437,519.5520333385373
2021-03-08,504.98060770219763,507.51823493984506,512.5367324634437
2021-03-09,504.9535256768785,504.98060770219763,507.51823493984506
2021-03-10,506.9746220645168,504.9535256768785,504.98060770219763
2021-03-11,510.2251276271851,506.9746220645168,504.9535256768785
2021-03-12,513.7727520074113,510.2251276271851,506.9746220645168
2021-03-15,516.8214994216908,513.7727520074113,510.2251276271851
2021-03-16,518.8775736043198,516.8214994216908,513.7727520074113
2021-03-17,519.7917393959601,518.8775736043198,516.8214994216908
2021-03-18,519.7055711086671,519.7917393959601,518.8775736043198
2021-03-19,518.9453203182849,519.7055711086671,519.7917393959601
2021-03-22,517.9298582470439,518.9453203182849,519.7055711086671
2021-03-23,517.1209211359675,517.9298582470439,518.9453203182849
2021-03-24,516.9954892594214,517.1209211359675,517.9298582470439
2021-03-25,517.9985439573255,516.9954892594214,517.1209211359675
2021-03-26,520.4592416482623,517.9985439573255,516.9954892594214
2021-03-29,524.511667159711,520.4592416482623,517.9985439573255
2021-03-30,530.0518931397563,524.511667159711,520.4592416482623
2021-03-31,536.7908367314224,530.0518931397563,524.511667159711
2021-04-01,544.3753791570612,536.7908367314224,530.0518931397563
2021-04-05,552.525745258575,544.3753791570612,536.7908367314224
2021-04-06,561.104541272846,552.525745258575,544.3753791570612
2021-04-07,570.0771851301051,561.104541272846,552.525745258575
2021-04-08,579.3717982650037,570.0771851301051,561.104541272846
2021-04-09,588.7304096315269,579.3717982650037,570.0771851301051
2021-04-12,597.6439039143867,588.7304096315269,579.3717982650037
2021-04-13,605.4283406423408,597.6439039143867,588.7304096315269
2021-04-14,611.4218326830837,605.4283406423408,597.6439039143867
2021-04-15,615.2174868318752,611.4218326830837,605.4283406423408
2021-04-16,616.8210812888084,615.2174868318752,611.4218326830837
2021-04-19,616.658488270435,616.8210812888084,615.2174868318752
2021-04-20,615.4190094583894,616.658488270435,616.8210812888084
2021-04-21,613.8025333619049,615.4190094583894,616.658488270435
2021-04-22,612.2748992032398,613.8025333619049,615.4190094583894
2021-04-23,610.9421848933098,612.2748992032398,613.8025333619049
2021-04-26,609.5830150863646,610.9421848933098,612.2748992032398
2021-04-27,607.8168459198382,609.5830150863646,610.9421848933098
2021-04-28,605.3154737173712,607.8168459198382,609.5830150863646
2021-04-29,601.9624138814365,605.3154737173712,607.8168459198382
2021-04-30,597.8990966199506,601.9624138814365,605.3154737173712
2021-05-03,593.4426291301922,597.8990966199506,601.9624138814365
2021-05-04,588.9303914770844,593.4426291301922,597.8990966199506
2021-05-05,584.5852307678282,588.9303914770844,593.4426291301922
2021-05-06,580.4755806063474,584.5852307678282,588.9303914770844
2021-05-07,576.5959725245735,580.4755806063474,584.5852307678282
2021-05-10,573.0073708537143,576.5959725245735,580.4755806063474
2021-05-11,569.9348311839831,573.0073708537143,576.5959725245735
2021-05-12,567.760401390929,569.9348311839831,573.0073708537143
2021-05-13,566.9256735611882,567.760401390929,569.9348311839831
2021-05-14,567.8126457602085,566.9256735611882,567.760401390929
2021-05-17,570.6558084026099,567.8126457602085,566.9256735611882
2021-05-18,575.4977007667435,570.6558084026099,567.8126457602085
2021-05-19,582.166654941612,575.4977007667435,570.6558084026099
2021-05-20,590.2856751089856,582.166654941612,575.4977007667435
2021-05-21,599.3431002830323,590.2856751089856,582.166654941612
2021-05-24,608.8310692017828,599.3431002830323,590.2856751089856
2021-05-25,618.402110969709,608.8310692017828,599.3431002830323
2021-05-26,627.9464951574832,618.402110969709,608.8310692017828
2021-05-27,637.5363330165013,627.9464951574832,618.402110969709
2021-05-28,647.2617878893228,637.5363330165013,627.9464951574832
2021-06-01,657.0658827654524,647.2617878893228,637.5363330165013
2021-06-02,666.6732333387494,657.0658827654524,647.2617878893228
2021-06-03,675.6655562730369,666.6732333387494,657.0658827654524
2021-06-04,683.654578431603,675.6655562730369,666.6732333387494
2021-06-07,690.4526504938939,683.654578431603,675.6655562730369
2021-06-08,696.1562128819937,690.4526504938939,683.654578431603
2021-06-09,701.100736188583,696.1562128819937,690.4526504938939
2021-06-10,705.7293791898646,701.100736188583,696.1562128819937
2021-06-11,710.4450616841125,705.7293791898646,701.100736188583
2021-06-14,715.520683638916,710.4450616841125,705.7293791898646
2021-06-15,721.075326500221,715.520683638916,710.4450616841125
2021-06-16,727.1027628066587,721.075326500221,715.520683638916
2021-06-17,733.524146567506,727.1027628066587,721.075326500221
2021-06-18,740.2498709399449,733.524146567506,727.1027628066587
2021-06-21,747.2263168777254,740.2498709399449,733.524146567506
2021-06-22,754.4526434506091,747.2263168777254,740.2498709399449
2021-06-23,761.9477209273916,754.4526434506091,747.2263168777254
2021-06-24,769.6858102097827,761.9477209273916,754.4526434506091
2021-06-25,777.5330517558162,769.6858102097827,761.9477209273916
2021-06-28,785.2203236502287,777.5330517558162,769.6858102097827
2021-06-29,792.3686382968715,785.2203236502287,777.5330517558162
2021-06-30,798.556971109661,792.3686382968715,785.2203236502287
2021-07-01,803.3773227409313,798.556971109661,792.3686382968715
2021-07-02,806.5145467578504,803.3773227409313,798.556971109661
2021-07-06,807.6921830558113,806.5145467578504,803.3773227409313
2021-07-07,806.5301466008414,807.6921830558113,806.5145467578504
2021-07-08,802.2697721430937,806.5301466008414,807.6921830558113
2021-07-09,793.4474520682024,802.2697721430937,806.5301466008414
2021-07-12,777.7066664244028,793.4474520682024,802.2697721430937
2021-07-13,751.9944848083578,777.7066664244028,793.4474520682024
2021-07-14,713.3258135777089,751.9944848083578,777.7066664244028
2021-07-15,660.0575855406507,713.3258135777089,751.9944848083578
2021-07-16,593.222394036372,660.0575855406507,713.3258135777089
2021-07-19,517.1886746838649,593.222394036372,660.0575855406507
2021-07-20,439.0252123238809,517.1886746838649,593.222394036372
2021-07-21,366.6045144432886,439.0252123238809,517.1886746838649
2021-07-22,306.25883625904794,366.6045144432886,439.0252123238809
2021-07-23,261.13221178977756,306.25883625904794,366.6045144432886
2021-07-26,230.93806355011407,261.13221178977756,306.25883625904794
2021-07-27,212.9734006778817,230.93806355011407,261.13221178977756
2021-07-28,203.62524740793268,212.9734006778817,230.93806355011407
2021-07-29,199.58963326767255,203.62524740793268,212.9734006778817
2021-07-30,198.44587504447767,199.58963326767255,203.62524740793268
2021-08-02,198.67455356695956,198.44587504447767,199.58963326767255
2021-08-03,199.41155813937561,198.67455356695956,198.44587504447767
2021-08-04,200.18278213993023,199.41155813937561,198.67455356695956
2021-08-05,200.7341932866516,200.18278213993023,199.41155813937561
2021-08-06,200.96269667985817,200.7341932866516,200.18278213993023
2021-08-09,200.85858264710043,200.96269667985817,200.7341932866516
2021-08-10,200.51155580178144,200.85858264710043,200.96269667985817
2021-08-11,200.06175929006972,200.51155580178144,200.85858264710043
2021-08-12,199.67860748691035,200.06175929006972,200.51155580178144
2021-08-13,199.55396146434154,199.67860748691035,200.06175929006972
2021-08-16,199.89661361048456,199.55396146434154,199.67860748691035
2021-08-17,200.90243905868368,199.89661361048456,199.55396146434154
2021-08-18,202.69255937333554,200.90243905868368,199.89661361048456
2021-08-19,205.24542645368388,202.69255937333554,200.90243905868368
2021-08-20,208.3705495912107,205.24542645368388,202.69255937333554
2021-08-23,211.7501850913348,208.3705495912107,205.24542645368388
2021-08-24,215.03397905783604,211.7501850913348,208.3705495912107
2021-08-25,217.93666258384036,215.03397905783604,211.7501850913348
2021-08-26,220.2951792171573,217.93666258384036,215.03397905783604
2021-08-27,222.07110372890259,220.2951792171573,217.93666258384036
2021-08-30,223.31470901529144,222.07110372890259,220.2951792171573
2021-08-31,224.11762943883406,223.31470901529144,222.07110372890259
2021-09-01,224.57363111520618,224.11762943883406,223.31470901529144
2021-09-02,224.75740166076704,224.57363111520618,224.11762943883406
2021-09-03,224.7213888499727,224.75740166076704,224.57363111520618
2021-09-07,224.50489853723758,224.7213888499727,224.75740166076704
2021-09-08,224.14306792869377,224.50489853723758,224.7213888499727
2021-09-09,223.66726013102982,224.14306792869377,224.50489853723758
2021-09-10,223.0963533308622,223.66726013102982,224.14306792869377
2021-09-13,222.43300799320372,223.0963533308622,223.66726013102982
2021-09-14,221.67399351431192,222.43300799320372,223.0963533308622
2021-09-15,220.83441179536297,221.67399351431192,222.43300799320372
2021-09-16,219.96403467791689,220.83441179536297,221.67399351431192
2021-09-17,219.13641913838512,219.96403467791689,220.83441179536297
2021-09-20,218.4025211560857,219.13641913838512,219.96403467791689
2021-09-21,217.73884639687333,218.4025211560857,219.13641913838512
2021-09-22,217.0305523550499,217.73884639687333,218.4025211560857
2021-09-23,216.11510522863497,217.0305523550499,217.73884639687333
2021-09-24,214.8689363937675,216.11510522863497,217.0305523550499
2021-09-27,213.28493121341518,214.8689363937675,216.11510522863497
2021-09-28,211.49415444643878,213.28493121341518,214.8689363937675
2021-09-29,209.7212770865669,211.49415444643878,213.28493121341518
2021-09-30,208.20503763711383,209.7212770865669,211.49415444643878
2021-10-01,207.1242959585948,208.20503763711383,209.7212770865669
2021-10-04,206.55978051091404,207.1242959585948,208.20503763711383
2021-10-05,206.4969258850754,206.55978051091404,207.1242959585948
2021-10-06,206.86091966542597,206.4969258850754,206.55978051091404
2021-10-07,207.56774575195035,206.86091966542597,206.4969258850754
2021-10-08,208.5659228299421,207.56774575195035,206.86091966542597
2021-10-11,209.84715137893326,208.5659228299421,207.56774575195035
2021-10-12,211.42372061963897,209.84715137893326,208.5659228299421
2021-10-13,213.29082520010172,211.42372061963897,209.84715137893326
2021-10-14,215.40723190950652,213.29082520010172,211.42372061963897
2021-10-15,217.71298719854627,215.40723190950652,213.29082520010172
2021-10-18,220.17091323078552,217.71298719854627,215.40723190950652
2021-10-19,222.8029532602024,220.17091323078552,217.71298719854627
2021-10-20,225.6880283963331,222.8029532602024,220.17091323078552
2021-10-21,228.92623415201746,225.6880283963331,222.8029532602024
2021-10-22,232.5877619885764,228.92623415201746,225.6880283963331
2021-10-25,236.6865849729205,232.5877619885764,228.92623415201746
2021-10-26,241.19479822374868,236.6865849729205,232.5877619885764
2021-10-27,246.08663071927833,241.19479822374868,236.6865849729205
2021-10-28,251.3779071767008,246.08663071927833,241.19479822374868
2021-10-29,257.12227917133504,251.3779071767008,246.08663071927833
2021-11-01,263.35012937917213,257.12227917133504,251.3779071767008
2021-11-02,269.980296517194,263.35012937917213,257.12227917133504
2021-11-03,276.7567026223742,269.980296517194,263.35012937917213
2021-11-04,283.26612624934194,276.7567026223742,269.980296517194
2021-11-05,289.04844782864393,283.26612624934194,276.7567026223742
2021-11-08,293.7511738044791,289.04844782864393,283.26612624934194
2021-11-09,297.2530576253256,293.7511738044791,289.04844782864393
2021-11-10,299.7027317745428,297.2530576253256,293.7511738044791
2021-11-11,301.45722023852227,299.7027317745428,297.2530576253256
2021-11-12,302.96333590781427,301.45722023852227,299.7027317745428
2021-11-15,304.6253249178703,302.96333590781427,301.45722023852227
2021-11-16,306.69291767010907,304.6253249178703,302.96333590781427
2021-11-17,309.20385315652777,306.69291767010907,304.6253249178703
2021-11-18,311.9942609035593,309.20385315652777,306.69291767010907
2021-11-19,314.7739374491939,311.9942609035593,309.20385315652777
2021-11-22,317.23599493028365,314.7739374491939,311.9942609035593
2021-11-23,319.1423675368711,317.23599493028365,314.7739374491939
2021-11-24,320.3544033784929,319.1423675368711,317.23599493028365
2021-11-26,320.81860160030635,320.3544033784929,319.1423675368711
2021-11-29,320.5489888010178,320.81860160030635,320.3544033784929
2021-11-30,319.62193675576214,320.5489888010178,320.81860160030635
2021-12-01,318.17425360240657,319.62193675576214,320.5489888010178
2021-12-02,316.3685918462438,318.17425360240657,319.62193675576214
2021-12-03,314.32569490090697,316.3685918462438,318.17425360240657
2021-12-06,312.06677662619,314.32569490090697,316.3685918462438
2021-12-07,309.5208692399333,312.06677662619,314.32569490090697
2021-12-08,306.60556894285327,309.5208692399333,312.06677662619
2021-12-09,303.33301454400373,306.60556894285327,309.5208692399333
2021-12-10,299.86493936658417,303.33301454400373,306.60556894285327
2021-12-13,296.48275831523443,299.86493936658417,303.33301454400373
2021-12-14,293.50583443475017,296.48275831523443,299.86493936658417
2021-12-15,291.21592796712815,293.50583443475017,296.48275831523443
2021-12-16,289.8160193677155,291.21592796712815,293.50583443475017
2021-12-17,289.4125191678709,289.8160193677155,291.21592796712815
2021-12-20,289.98547928792806,289.4125191678709,289.8160193677155
2021-12-21,291.3541663724975,289.98547928792806,289.4125191678709
2021-12-22,293.1778585455195,291.3541663724975,289.98547928792806
2021-12-23,295.01469919362296,293.1778585455195,291.3541663724975
2021-12-27,296.43012984429663,295.01469919362296,293.1778585455195
2021-12-28,297.1014175444498,296.43012984429663,295.01469919362296
2021-12-29,296.8691312470313,297.1014175444498,296.43012984429663
2021-12-30,295.7272514303557,296.8691312470313,297.1014175444498
2021-12-31,293.7824220708559,295.7272514303557,296.8691312470313
2022-01-03,291.2134790327345,293.7824220708559,295.7272514303557
2022-01-04,288.2463416358291,291.2134790327345,293.7824220708559
2022-01-05,285.1233024934644,288.2463416358291,291.2134790327345
2022-01-06,282.0457366672216,285.1233024934644,288.2463416358291
2022-01-07,279.1081016563937,282.0457366672216,285.1233024934644
2022-01-10,276.2516339152668,279.1081016563937,282.0457366672216
2022-01-11,273.2802148742326,276.2516339152668,279.1081016563937
2022-01-12,269.9363469706492,273.2802148742326,276.2516339152668
2022-01-13,266.00823805658626,269.9363469706492,273.2802148742326
2022-01-14,261.42263966281473,266.00823805658626,269.9363469706492
2022-01-18,256.28635333813173,261.42263966281473,266.00823805658626
2022-01-19,250.87675894997145,256.28635333813173,261.42263966281473
2022-01-20,245.5896222830574,250.87675894997145,256.28635333813173
2022-01-21,240.86880055572092,245.5896222830574,250.87675894997145
2022-01-24,237.13233389210964,240.86880055572092,245.5896222830574
2022-01-25,234.6975146864654,237.13233389210964,240.86880055572092
2022-01-26,233.7141715403719,234.6975146864654,237.13233389210964
2022-01-27,234.120814251747,233.7141715403719,234.6975146864654
2022-01-28,235.64666694728064,234.120814251747,233.7141715403719
2022-01-31,237.88267597640288,235.64666694728064,234.120814251747
2022-02-01,240.4035744052699,237.88267597640288,235.64666694728064
2022-02-02,242.88522191817535,240.4035744052699,237.88267597640288
2022-02-03,245.1531146905746,242.88522191817535,240.4035744052699
2022-02-04,247.14747688589685,245.1531146905746,242.88522191817535
2022-02-07,248.84456310104378,247.14747688589685,245.1531146905746
2022-02-08,250.19984401038573,248.84456310104378,247.14747688589685
2022-02-09,251.14499011420332,250.19984401038573,248.84456310104378
2022-02-10,251.61200426018615,251.14499011420332,250.19984401038573
2022-02-11,251.54521533027938,251.61200426018615,251.14499011420332
2022-02-14,250.89172338766167,251.54521533027938,251.61200426018615
2022-02-15,249.6128681013709,250.89172338766167,251.54521533027938
2022-02-16,247.73736461246807,249.6128681013709,250.89172338766167
2022-02-17,245.4304331424456,247.73736461246807,249.6128681013709
2022-02-18,243.00249033997736,245.4304331424456,247.73736461246807
2022-02-22,240.816203683936,243.00249033997736,245.4304331424456
2022-02-23,239.1331813407764,240.816203683936,243.00249033997736
2022-02-24,237.98863417072846,239.1331813407764,240.816203683936
2022-02-25,237.17814490039768,237.98863417072846,239.1331813407764
2022-02-28,236.35930281566806,237.17814490039768,237.98863417072846
2022-03-01,235.21425092618517,236.35930281566806,237.17814490039768
2022-03-02,233.59304403300507,235.21425092618517,236.35930281566806
2022-03-03,231.57417969661785,233.59304403300507,235.21425092618517
2022-03-04,229.43373727020253,231.57417969661785,233.59304403300507
2022-03-07,227.5495664934081,229.43373727020253,231.57417969661785
2022-03-08,226.29718465428968,227.5495664934081,229.43373727020253
2022-03-09,225.98047941105136,226.29718465428968,227.5495664934081
2022-03-10,226.8151004957429,225.98047941105136,226.29718465428968
2022-03-11,228.92640270424556,226.8151004957429,225.98047941105136
2022-03-14,232.3256844234911,228.92640270424556,226.8151004957429
2022-03-15,236.86775784588363,232.3256844234911,228.92640270424556
2022-03-16,242.2350392188096,236.86775784588363,232.3256844234911
2022-03-17,247.98904699077931,242.2350392188096,236.86775784588363
2022-03-18,253.68197002874695,247.98904699077931,242.2350392188096
2022-03-21,258.9675516175801,253.68197002874695,247.98904699077931
2022-03-22,263.64457908885004,258.9675516175801,253.68197002874695
2022-03-23,267.61164758534926,263.64457908885004,258.9675516175801
2022-03-24,270.7823198325698,267.61164758534926,263.64457908885004
2022-03-25,273.025337560652,270.7823198325698,267.61164758534926
2022-03-28,274.1697411598024,273.025337560652,270.7823198325698
2022-03-29,274.0568529683164,274.1697411598024,273.025337560652
2022-03-30,272.59524482317204,274.0568529683164,274.1697411598024
2022-03-31,269.78461787211063,272.59524482317204,274.0568529683164
2022-04-01,265.7116623643442,269.78461787211063,272.59524482317204
2022-04-04,260.544536899389,265.7116623643442,269.78461787211063
2022-04-05,254.53808214287605,260.544536899389,265.7116623643442
2022-04-06,248.03921700767762,254.53808214287605,260.544536899389
2022-04-07,241.4664700183444,248.03921700767762,254.53808214287605
2022-04-08,235.24722141335704,241.4664700183444,248.03921700767762
2022-04-11,229.7249343916353,235.24722141335704,241.4664700183444
2022-04-12,225.06789118722435,229.7249343916353,235.24722141335704
2022-04-13,221.22713136990663,225.06789118722435,229.7249343916353
2022-04-14,217.95930789545645,221.22713136990663,225.06789118722435
2022-04-18,214.92494635579362,217.95930789545645,221.22713136990663
2022-04-19,211.82053503201325,214.92494635579362,217.95930789545645
2022-04-20,208.4961304487717,211.82053503201325,214.92494635579362
2022-04-21,205.00617734628764,208.4961304487717,211.82053503201325
2022-04-22,201.57704188081914,205.00617734628764,208.4961304487717
2022-04-25,198.50737885719954,201.57704188081914,205.00617734628764
2022-04-26,196.04757408628535,198.50737885719954,201.57704188081914
2022-04-27,194.30268590716798,196.04757408628535,198.50737885719954
2022-04-28,193.18417116880417,194.30268590716798,196.04757408628535
2022-04-29,192.42276503825474,193.18417116880417,194.30268590716798
2022-05-02,191.6368917486526,192.42276503825474,193.18417116880417
2022-05-03,190.44675821739224,191.6368917486526,192.42276503825474
2022-05-04,188.59975719664573,190.44675821739224,191.6368917486526
2022-05-05,186.06465690540236,188.59975719664573,190.44675821739224
2022-05-06,183.05227745657967,186.06465690540236,188.59975719664573
2022-05-09,179.94531772669768,183.05227745657967,186.06465690540236
2022-05-10,177.16022737601247,179.94531772669768,183.05227745657967
2022-05-11,175.00001105604147,177.16022737601247,179.94531772669768
2022-05-12,173.55918333308,175.00001105604147,177.16022737601247
2022-05-13,172.72130539611533,173.55918333308,175.00001105604147
2022-05-16,172.24547741935515,172.72130539611533,173.55918333308
2022-05-17,171.89955621833465,172.24547741935515,172.72130539611533
2022-05-18,171.5794650775346,171.89955621833465,172.24547741935515
2022-05-19,171.3555051192069,171.5794650775346,171.89955621833465
2022-05-20,171.43453841932984,171.3555051192069,171.5794650775346
2022-05-23,172.05434299323815,171.43453841932984,171.3555051192069
2022-05-24,173.3639277159506,172.05434299323815,171.43453841932984
2022-05-25,175.33958252290182,173.3639277159506,172.05434299323815
2022-05-26,177.77437754017689,175.33958252290182,173.3639277159506
2022-05-27,180.33361755755806,177.77437754017689,175.33958252290182
2022-05-31,182.64724368487137,180.33361755755806,177.77437754017689
2022-06-01,184.38971999396696,182.64724368487137,180.33361755755806
2022-06-02,185.32058550176936,184.38971999396696,182.64724368487137
2022-06-03,185.28940763534612,185.32058550176936,184.38971999396696
2022-06-06,184.23026761628853,185.28940763534612,185.32058550176936
2022-06-07,182.1739022583239,184.23026761628853,185.28940763534612
2022-06-08,179.27161903179814,182.1739022583239,184.23026761628853
2022-06-09,175.81160665769403,179.27161903179814,182.1739022583239
2022-06-10,172.1911667555614,175.81160665769403,179.27161903179814
2022-06-13,168.83899649753383,172.1911667555614,175.81160665769403
2022-06-14,166.11123080662773,168.83899649753383,172.1911667555614
2022-06-15,164.20822684645606,166.11123080662773,168.83899649753383
2022-06-16,163.14020237468185,164.20822684645606,166.11123080662773
2022-06-17,162.74728529489195,163.14020237468185,164.20822684645606
2022-06-21,162.75131243199473,162.74728529489195,163.14020237468185
2022-06-22,162.82137629892173,162.75131243199473,162.74728529489195
2022-06-23,162.6449750511821,162.82137629892173,162.75131243199473
2022-06-24,161.99852892168053,162.6449750511821,162.82137629892173
2022-06-27,160.81027417460027,161.99852892168053,162.6449750511821
2022-06-28,159.1872174783902,160.81027417460027,161.99852892168053
2022-06-29,157.38410863803023,159.1872174783902,160.81027417460027
2022-06-30,155.714688286423,157.38410863803023,159.1872174783902
2022-07-01,154.4377777528328,155.714688286423,157.38410863803023
2022-07-05,153.67259788975667,154.4377777528328,155.714688286423
2022-07-06,153.3870830606285,153.67259788975667,154.4377777528328
2022-07-07,153.46298978105082,153.3870830606285,153.67259788975667
2022-07-08,153.79673138956468,153.46298978105082,153.3870830606285
2022-07-11,154.37900215933715,153.79673138956468,153.46298978105082
2022-07-12,155.30350699983936,154.37900215933715,153.79673138956468
2022-07-13,156.7050817556409,155.30350699983936,154.37900215933715
2022-07-14,158.66266316904097,156.7050817556409,155.30350699983936
2022-07-15,161.1210368206106,158.66266316904097,156.7050817556409
2022-07-18,163.87362283060884,161.1210368206106,158.66266316904097
2022-07-19,166.62118798668058,163.87362283060884,161.1210368206106
2022-07-20,169.08344439840397,166.62118798668058,163.87362283060884
2022-07-21,171.11047940174393,169.08344439840397,166.62118798668058
2022-07-22,172.73631528839408,171.11047940174393,169.08344439840397
2022-07-25,174.1441380160137,172.73631528839408,171.11047940174393
2022-07-26,175.5597198649453,174.1441380160137,172.73631528839408
2022-07-27,177.13557181406077,175.5597198649453,174.1441380160137
2022-07-28,178.87997939617208,177.13557181406077,175.5597198649453
2022-07-29,180.65789055250275,178.87997939617208,177.13557181406077
2022-08-01,182.24828251976672,180.65789055250275,178.87997939617208
2022-08-02,183.426924511429,182.24828251976672,180.65789055250275
2022-08-03,184.0477310182939,183.426924511429,182.24828251976672
2022-08-04,184.10484736011244,184.0477310182939,183.426924511429
2022-08-05,183.75108754381066,184.10484736011244,184.0477310182939
2022-08-08,183.25349888940212,183.75108754381066,184.10484736011244
2022-08-09,182.89058882946568,183.25349888940212,183.75108754381066
2022-08-10,182.83046411282365,182.89058882946568,183.25349888940212
2022-08-11,183.05390578203185,182.83046411282365,182.89058882946568
2022-08-12,183.36180021502707,183.05390578203185,182.83046411282365
2022-08-15,183.46289640442757,183.36180021502707,183.05390578203185
2022-08-16,183.0947049335683,183.46289640442757,183.36180021502707
2022-08-17,182.11571835937676,183.0947049335683,183.46289640442757
2022-08-18,180.53065432367268,182.11571835937676,183.0947049335683
2022-08-19,178.445883076844,180.53065432367268,182.11571835937676
2022-08-22,175.9855919356616,178.445883076844,180.53065432367268
2022-08-23,173.21809154337586,175.9855919356616,178.445883076844
2022-08-24,170.13258319337638,173.21809154337586,175.9855919356616
2022-08-25,166.67726209552,170.13258319337638,173.21809154337586
2022-08-26,162.8343075234952,166.67726209552,170.13258319337638
2022-08-29,158.68466549418224,162.8343075234952,166.67726209552
2022-08-30,154.42892559826663,158.68466549418224,162.8343075234952
2022-08-31,150.3512344834533,154.42892559826663,158.68466549418224
2022-09-01,146.74407156097342,150.3512344834533,154.42892559826663
2022-09-02,143.8187156495996,146.74407156097342,150.3512344834533
2022-09-06,141.6350763200386,143.8187156495996,146.74407156097342
2022-09-07,140.08301114000352,141.6350763200386,143.8187156495996
2022-09-08,138.92975882452774,140.08301114000352,141.6350763200386
2022-09-09,137.91715958105783,138.92975882452774,140.08301114000352
2022-09-12,136.86281717941404,137.91715958105783,138.92975882452774
2022-09-13,135.7110149340216,136.86281717941404,137.91715958105783
2022-09-14,134.50988701340597,135.7110149340216,136.86281717941404
2022-09-15,133.33867567979738,134.50988701340597,135.7110149340216
2022-09-16,132.2368189116414,133.33867567979738,134.50988701340597
2022-09-19,131.1827238046927,132.2368189116414,133.33867567979738
2022-09-20,130.12509107698654,131.1827238046927,132.2368189116414
2022-09-21,129.0361104361585,130.12509107698654,131.1827238046927
2022-09-22,127.94639037724471,129.0361104361585,130.12509107698654
2022-09-23,126.94114754933122,127.94639037724471,129.0361104361585
2022-09-26,126.12566525756394,126.94114754933122,127.94639037724471
2022-09-27,125.58424606343245,126.12566525756394,126.94114754933122
2022-09-28,125.34761689730183,125.58424606343245,126.12566525756394
2022-09-29,125.37455854579214,125.34761689730183,125.58424606343245
2022-09-30,125.54424816283226,125.37455854579214,125.34761689730183
2022-10-03,125.66896201597194,125.54424816283226,125.37455854579214
2022-10-04,125.53896840317832,125.66896201597194,125.54424816283226
2022-10-05,124.99403727454884,125.53896840317832,125.66896201597194
2022-10-06,123.99475743078364,124.99403727454884,125.53896840317832
2022-10-07,122.6526027805613,123.99475743078364,124.99403727454884
2022-10-10,121.19659164595916,122.6526027805613,123.99475743078364
2022-10-11,119.8947657711804,121.19659164595916,122.6526027805613
2022-10-12,118.97014290758656,119.8947657711804,121.19659164595916
2022-10-13,118.55156935130316,118.97014290758656,119.8947657711804
2022-10-14,118.67011992307285,118.55156935130316,118.97014290758656
2022-10-17,119.28596655378549,118.67011992307285,118.55156935130316
2022-10-18,120.32269740714064,119.28596655378549,118.67011992307285
2022-10-19,121.69148605720572,120.32269740714064,119.28596655378549
2022-10-20,123.30180231633572,121.69148605720572,120.32269740714064
2022-10-21,125.0627567475529,123.30180231633572,121.69148605720572
2022-10-24,126.88146614857125,125.0627567475529,123.30180231633572
2022-10-25,128.667042692892,126.88146614857125,125.0627567475529
2022-10-26,130.34019952437637,128.667042692892,126.88146614857125
2022-10-27,131.851314998818,130.34019952437637,128.667042692892
2022-10-28,133.20070423169173,131.851314998818,130.34019952437637
2022-10-31,134.44960021419016,133.20070423169173,131.851314998818
2022-11-01,135.71421674092122,134.44960021419016,133.20070423169173
2022-11-02,137.13919748984256,135.71421674092122,134.44960021419016
2022-11-03,138.85923893090688,137.13919748984256,135.71421674092122
2022-11-04,140.96463183448276,138.85923893090688,137.13919748984256
2022-11-07,143.47414677959102,140.96463183448276,138.85923893090688
2022-11-08,146.31666880826631,143.47414677959102,140.96463183448276
2022-11-09,149.32199248051808,146.31666880826631,143.47414677959102
2022-11-10,152.2346829194424,149.32199248051808,146.31666880826631
2022-11-11,154.767760962606,152.2346829194424,149.32199248051808
2022-11-14,156.69094336642726,154.767760962606,152.2346829194424
2022-11-15,157.91763621791935,156.69094336642726,154.767760962606
2022-11-16,158.54146882727724,157.91763621791935,156.69094336642726
2022-11-17,158.7949841685264,158.54146882727724,157.91763621791935
2022-11-18,158.95141987126186,158.7949841685264,158.54146882727724
2022-11-21,159.22488277081712,158.95141987126186,158.7949841685264
2022-11-22,159.71803008162274,159.22488277081712,158.95141987126186
2022-11-23,160.43330720930982,159.71803008162274,159.22488277081712
2022-11-25,161.3163298707467,160.43330720930982,159.71803008162274
2022-11-28,162.29218171803336,161.3163298707467,160.43330720930982
2022-11-29,163.28019674891232,162.29218171803336,161.3163298707467
2022-11-30,164.2016042678279,163.28019674891232,162.29218171803336
2022-12-01,165.00490490563035,164.2016042678279,163.28019674891232
2022-12-02,165.69969559188283,165.00490490563035,164.2016042678279
2022-12-05,166.3693772605686,165.69969559188283,165.00490490563035
2022-12-06,167.131764001028,166.3693772605686,165.69969559188283
2022-12-07,168.05845040517977,167.131764001028,166.3693772605686
2022-12-08,169.09944473623872,168.05845040517977,167.131764001028
2022-12-09,170.06582380220718,169.09944473623872,168.05845040517977
2022-12-12,170.68590254591876,170.06582380220718,169.09944473623872
2022-12-13,170.70639084819908,170.68590254591876,170.06582380220718
2022-12-14,169.98286133324876,170.70639084819908,170.68590254591876
2022-12-15,168.51429142546112,169.98286133324876,170.70639084819908
2022-12-16,166.41268291333347,168.51429142546112,169.98286133324876
2022-12-19,163.84086688697977,166.41268291333347,168.51429142546112
2022-12-20,160.96341420685505,163.84086688697977,166.41268291333347
2022-12-21,157.9370469475707,160.96341420685505,163.84086688697977
2022-12-22,154.93151245438648,157.9370469475707,160.96341420685505
2022-12-23,152.14465140065906,154.93151245438648,157.9370469475707
2022-12-27,149.7850068131293,152.14465140065906,154.93151245438648
2022-12-28,148.02980318999818,149.7850068131293,152.14465140065906
2022-12-29,146.98769391550513,148.02980318999818,149.7850068131293
2022-12-30,146.69264287983003,146.98769391550513,148.02980318999818
2023-01-03,147.1284758771704,146.69264287983003,146.98769391550513
2023-01-04,148.25617407339473,147.1284758771704,146.69264287983003
2023-01-05,150.02286850235805,148.25617407339473,147.1284758771704
2023-01-06,152.35244955315505,150.02286850235805,148.25617407339473
2023-01-09,155.1339556195003,152.35244955315505,150.02286850235805
2023-01-10,158.22577277597492,155.1339556195003,152.35244955315505
2023-01-11,161.47989798690153,158.22577277597492,155.1339556195003
2023-01-12,164.7791141767718,161.47989798690153,158.22577277597492
2023-01-13,168.06679265412734,164.7791141767718,161.47989798690153
2023-01-17,171.35657580192725,168.06679265412734,164.7791141767718
2023-01-18,174.70755572262925,171.35657580192725,168.06679265412734
2023-01-19,178.17283421769457,174.70755572262925,171.35657580192725
2023-01-20,181.74489636322,178.17283421769457,174.70755572262925
2023-01-23,185.3345149573501,181.74489636322,178.17283421769457
2023-01-24,188.80510358872988,185.3345149573501,181.74489636322
2023-01-25,192.04378073830964,188.80510358872988,185.3345149573501
2023-01-26,195.02466577088143,192.04378073830964,188.80510358872988
2023-01-27,197.82141782144248,195.02466577088143,192.04378073830964
2023-01-30,200.5589642698618,197.82141782144248,195.02466577088143
2023-01-31,203.3365909046871,200.5589642698618,197.82141782144248
2023-02-01,206.1694830948908,203.3365909046871,200.5589642698618
2023-02-02,208.9804423578082,206.1694830948908,203.3365909046871
2023-02-03,211.63833854445642,208.9804423578082,206.1694830948908
2023-02-06,214.0143529672354,211.63833854445642,208.9804423578082
2023-02-07,216.02057307149772,214.0143529672354,211.63833854445642
2023-02-08,217.62243966983806,216.02057307149772,214.0143529672354
2023-02-09,218.82291569236816,217.62243966983806,216.02057307149772
2023-02-10,219.63735024440172,218.82291569236816,217.62243966983806
2023-02-13,220.08427042969703,219.63735024440172,218.82291569236816
2023-02-14,220.21044407715704,220.08427042969703,219.63735024440172
2023-02-15,220.13966095127327,220.21044407715704,220.08427042969703
2023-02-16,220.10065553169153,220.13966095127327,220.21044407715704
2023-02-17,220.3847967053595,220.10065553169153,220.13966095127327
2023-02-21,221.2332546323654,220.3847967053595,220.10065553169153
2023-02-22,222.71641940512785,221.2332546323654,220.3847967053595
2023-02-23,224.68894699208198,222.71641940512785,221.2332546323654
2023-02-24,226.8584162876394,224.68894699208198,222.71641940512785
2023-02-27,228.92219352697396,226.8584162876394,224.68894699208198
2023-02-28,230.68414041383488,228.92219352697396,226.8584162876394
2023-03-01,232.0854019291718,230.68414041383488,228.92219352697396
2023-03-02,233.16138995707922,232.0854019291718,230.68414041383488
2023-03-03,233.97872366739605,233.16138995707922,232.0854019291718
2023-03-06,234.60906287093312,233.97872366739605,233.16138995707922
2023-03-07,235.1485193995983,234.60906287093312,233.97872366739605
2023-03-08,235.75079157358002,235.1485193995983,234.60906287093312
2023-03-09,236.63325381750002,235.75079157358002,235.1485193995983
2023-03-10,238.031374059587,236.63325381750002,235.75079157358002
2023-03-13,240.116617083179,238.031374059587,236.63325381750002
2023-03-14,242.9203329105374,240.116617083179,238.031374059587
2023-03-15,246.3086015517672,242.9203329105374,240.116617083179
2023-03-16,250.01871246819377,246.3086015517672,242.9203329105374
2023-03-17,253.74140566918595,250.01871246819377,246.3086015517672
2023-03-20,257.20402557709656,253.74140566918595,250.01871246819377
2023-03-21,260.2257226365348,257.20402557709656,253.74140566918595
2023-03-22,262.7378656408258,260.2257226365348,257.20402557709656
2023-03-23,264.77649976552743,262.7378656408258,260.2257226365348
2023-03-24,266.45406531643687,264.77649976552743,262.7378656408258
2023-03-27,267.910791206078,266.45406531643687,264.77649976552743
2023-03-28,269.25348297652613,267.910791206078,266.45406531643687
2023-03-29,270.504644579303,269.25348297652613,267.910791206078
2023-03-30,271.59407554539575,270.504644579303,269.25348297652613
2023-03-31,272.39990799754344,271.59407554539575,270.504644579303
2023-04-03,272.81768992954744,272.39990799754344,271.59407554539575
2023-04-04,272.8163105796764,272.81768992954744,272.39990799754344
2023-04-05,272.4544543844901,272.8163105796764,272.81768992954744
2023-04-06,271.8593617165095,272.4544543844901,272.8163105796764
2023-04-10,271.193725261294,271.8593617165095,272.4544543844901
2023-04-11,270.6233837975622,271.193725261294,271.8593617165095
2023-04-12,270.28633399149703,270.6233837975622,271.193725261294
2023-04-13,270.25614841693346,270.28633399149703,270.6233837975622
2023-04-14,270.5083802497534,270.25614841693346,270.28633399149703
2023-04-17,270.92042947493564,270.5083802497534,270.25614841693346
2023-04-18,271.32007088991674,270.92042947493564,270.5083802497534
2023-04-19,271.5721672543855,271.32007088991674,270.92042947493564
2023-04-20,271.6571618077651,271.5721672543855,271.32007088991674
2023-04-21,271.6958056920289,271.6571618077651,271.5721672543855
2023-04-24,271.9002907583365,271.6958056920289,271.6571618077651
2023-04-25,272.47318063099567,271.9002907583365,271.6958056920289
2023-04-26,273.5096602290429,272.47318063099567,271.9002907583365
2023-04-27,274.9551901948347,273.5096602290429,272.47318063099567
2023-04-28,276.6396708366309,274.9551901948347,273.5096602290429
2023-05-01,278.36495787488644,276.6396708366309,274.9551901948347
2023-05-02,279.9898163717523,278.36495787488644,276.6396708366309
2023-05-03,281.4632765827432,279.9898163717523,278.36495787488644
2023-05-04,282.80171096556546,281.4632765827432,279.9898163717523
2023-05-05,284.0448272410615,282.80171096556546,281.4632765827432
2023-05-08,285.23852464349045,284.0448272410615,282.80171096556546
2023-05-09,286.4585330997378,285.23852464349045,284.0448272410615
2023-05-10,287.8367459439587,286.4585330997378,285.23852464349045
2023-05-11,289.56223386668705,287.8367459439587,286.4585330997378
2023-05-12,291.8301716545831,289.56223386668705,287.8367459439587
2023-05-15,294.7810076482814,291.8301716545831,289.56223386668705
2023-05-16,298.4780077407537,294.7810076482814,291.8301716545831
2023-05-17,302.9606644788164,298.4780077407537,294.7810076482814
2023-05-18,308.339454932944,302.9606644788164,298.4780077407537
2023-05-19,314.8448145962637,308.339454932944,302.9606644788164
2023-05-22,322.74552310267444,314.8448145962637,308.339454932944
2023-05-23,332.1383236947613,322.74552310267444,314.8448145962637
2023-05-24,342.7280341312939,332.1383236947613,322.74552310267444
2023-05-25,353.76241377594204,342.7280341312939,332.1383236947613
2023-05-26,364.204429316829,353.76241377594204,342.7280341312939
2023-05-30,373.0690388364867,364.204429316829,353.76241377594204
2023-05-31,379.7481327460341,373.0690388364867,364.204429316829
2023-06-01,384.16721815144564,379.7481327460341,373.0690388364867
2023-06-02,386.7433627091882,384.16721815144564,379.7481327460341
2023-06-05,388.2169875720514,386.7433627091882,384.16721815144564
2023-06-06,389.4431234981954,388.2169875720514,386.7433627091882
2023-06-07,391.197097529365,389.4431234981954,388.2169875720514
2023-06-08,394.013047452464,391.197097529365,389.4431234981954
2023-06-09,398.070218729797,394.013047452464,391.197097529365
2023-06-12,403.163923096721,398.070218729797,394.013047452464
2023-06-13,408.7738129847593,403.163923096721,398.070218729797
2023-06-14,414.2134203765871,408.7738129847593,403.163923096721
2023-06-15,418.81692578947775,414.2134203765871,408.7738129847593
2023-06-16,422.0926073718484,418.81692578947775,414.2134203765871
2023-06-20,423.82055658966067,422.0926073718484,418.81692578947775
2023-06-21,424.074760648052,423.82055658966067,422.0926073718484
2023-06-22,423.18833420293333,424.074760648052,423.82055658966067
2023-06-23,421.66395901663583,423.18833420293333,424.074760648052
2023-06-26,420.052452006189,421.66395901663583,423.18833420293333
2023-06-27,418.8220399014366,420.052452006189,421.66395901663583
2023-06-28,418.26143982334435,418.8220399014366,420.052452006189
2023-06-29,418.450540281925,418.26143982334435,418.8220399014366
2023-06-30,419.310394562938,418.450540281925,418.26143982334435
2023-07-03,420.7122020221231,419.310394562938,418.450540281925
2023-07-05,422.590672002831,420.7122020221231,419.310394562938
2023-07-06,425.00272653574376,422.590672002831,420.7122020221231
2023-07-07,428.0948642420975,425.00272653574376,422.590672002831
2023-07-10,431.9922353764209,428.0948642420975,425.00272653574376
2023-07-11,436.66403803793764,431.9922353764209,428.0948642420975
2023-07-12,441.8352589734896,436.66403803793764,431.9922353764209
2023-07-13,447.0019274203438,441.8352589734896,436.66403803793764
2023-07-14,451.55408777077685,447.0019274203438,441.8352589734896
2023-07-17,454.96355828921975,451.55408777077685,447.0019274203438
2023-07-18,456.9668704059268,454.96355828921975,451.55408777077685
2023-07-19,457.6579511875681,456.9668704059268,454.96355828921975
2023-07-20,457.4506322135189,457.6579511875681,456.9668704059268
2023-07-21,456.91250153450653,457.4506322135189,457.6579511875681
2023-07-24,456.537913943966,456.91250153450653,457.4506322135189
2023-07-25,456.56362095239024,456.537913943966,456.91250153450653
2023-07-26,456.90429192484766,456.56362095239024,456.537913943966
2023-07-27,457.2334959442614,456.90429192484766,456.56362095239024
2023-07-28,457.15129112407186,457.2334959442614,456.90429192484766
2023-07-31,456.35762462025536,457.15129112407186,457.2334959442614
2023-08-01,454.74552339824544,456.35762462025536,457.15129112407186
2023-08-02,452.38695569742754,454.74552339824544,456.35762462025536
2023-08-03,449.451382140632,452.38695569742754,454.74552339824544
2023-08-04,446.13314304302537,449.451382140632,452.38695569742754
2023-08-07,442.64762420631075,446.13314304302537,449.451382140632
2023-08-08,439.2727655340152,442.64762420631075,446.13314304302537
2023-08-09,436.3732463887723,439.2727655340152,442.64762420631075
2023-08-10,434.3509412066457,436.3732463887723,439.2727655340152
2023-08-11,433.5364140702093,434.3509412066457,436.3732463887723
2023-08-14,434.09434465587674,433.5364140702093,434.3509412066457
2023-08-15,436.0016546584659,434.09434465587674,433.5364140702093
2023-08-16,439.09148824117955,436.0016546584659,434.09434465587674
2023-08-17,443.1117927375874,439.09148824117955,436.0016546584659
2023-08-18,447.7620172681053,443.1117927375874,439.09148824117955
2023-08-21,452.72344001529507,447.7620172681053,443.1117927375874
2023-08-22,457.70372700561865,452.72344001529507,447.7620172681053
2023-08-23,462.4913781689089,457.70372700561865,452.72344001529507
2023-08-24,466.969283733231,462.4913781689089,457.70372700561865
2023-08-25,471.0593033098786,466.969283733231,462.4913781689089
2023-08-28,474.62259646196463,471.0593033098786,466.969283733231
2023-08-29,477.39441542942575,474.62259646196463,471.0593033098786
2023-08-30,479.01968767368913,477.39441542942575,474.62259646196463
2023-08-31,479.1788287190683,479.01968767368913,477.39441542942575
2023-09-01,477.74163049166793,479.1788287190683,479.01968767368913
2023-09-05,474.8527082183722,477.74163049166793,479.1788287190683
2023-09-06,470.9066394591699,474.8527082183722,477.74163049166793
2023-09-07,466.4208008305086,470.9066394591699,474.8527082183722
2023-09-08,461.86567623151757,466.4208008305086,470.9066394591699
2023-09-11,457.5283238750994,461.86567623151757,466.4208008305086
2023-09-12,453.4563381041089,457.5283238750994,461.86567623151757
2023-09-13,449.51057249352914,453.4563381041089,457.5283238750994
2023-09-14,445.4907763080154,449.51057249352914,453.4563381041089
2023-09-15,441.2791149808579,445.4907763080154,449.51057249352914
2023-09-18,436.94299448825313,441.2791149808579,445.4907763080154
2023-09-19,432.75152244557574,436.94299448825313,441.2791149808579
2023-09-20,429.1067672400085,432.75152244557574,436.94299448825313
2023-09-21,426.4213887176399,429.1067672400085,432.75152244557574
2023-09-22,424.9938992141134,426.4213887176399,429.1067672400085
2023-09-25,424.9282384298424,424.9938992141134,426.4213887176399
2023-09-26,426.12071835848286,424.9282384298424,424.9938992141134
2023-09-27,428.3119605762494,426.12071835848286,424.9282384298424
2023-09-28,431.17609768868374,428.3119605762494,426.12071835848286
2023-09-29,434.41007407670173,431.17609768868374,428.3119605762494
2023-10-02,437.79635410448213,434.41007407670173,431.17609768868374
2023-10-03,441.2144675433193,437.79635410448213,434.41007407670173
2023-10-04,444.5983314122171,441.2144675433193,437.79635410448213
2023-10-05,447.8630868306201,444.5983314122171,441.2144675433193
2023-10-06,450.8364968743814,447.8630868306201,444.5983314122171
2023-10-09,453.22955797980256,450.8364968743814,447.8630868306201
2023-10-10,454.66813350220366,453.22955797980256,450.8364968743814
2023-10-11,454.78209472541715,454.66813350220366,453.22955797980256
2023-10-12,453.33009342176683,454.78209472541715,454.66813350220366
2023-10-13,450.31515430898094,453.33009342176683,454.78209472541715
2023-10-16,446.0371135821422,450.31515430898094,453.33009342176683
2023-10-17,441.03636137931085,446.0371135821422,450.31515430898094
2023-10-18,435.9341808654981,441.03636137931085,446.0371135821422
2023-10-19,431.23604127521946,435.9341808654981,441.03636137931085
2023-10-20,427.20416781740573,431.23604127521946,435.9341808654981
2023-10-23,423.8726571282922,427.20416781740573,431.23604127521946
2023-10-24,421.19722386289357,423.8726571282922,427.20416781740573
2023-10-25,419.2354335772443,421.19722386289357,423.8726571282922
2023-10-26,418.23533675145205,419.2354335772443,421.19722386289357
2023-10-27,418.57409730584646,418.23533675145205,419.2354335772443
2023-10-30,420.5877231134193,418.57409730584646,418.23533675145205
2023-10-31,424.3985290241711,420.5877231134193,418.57409730584646
2023-11-01,429.83311444549486,424.3985290241711,420.5877231134193
2023-11-02,436.4677751091598,429.83311444549486,424.3985290241711
2023-11-03,443.76452145598216,436.4677751091598,429.83311444549486
2023-11-06,451.22115567604055,443.76452145598216,436.4677751091598
2023-11-07,458.468749368472,451.22115567604055,443.76452145598216
2023-11-08,465.284280717034,458.468749368472,451.22115567604055
2023-11-09,471.5374672849627,465.284280717034,458.468749368472
2023-11-10,477.1277231157835,471.5374672849627,465.284280717034
2023-11-13,481.9464539233394,477.1277231157835,471.5374672849627
2023-11-14,485.877447238562,481.9464539233394,477.1277231157835
2023-11-15,488.8130541967295,485.877447238562,481.9464539233394
2023-11-16,490.67059428354133,488.8130541967295,485.877447238562
2023-11-17,491.4043550079564,490.67059428354133,488.8130541967295
2023-11-20,491.0276291846218,491.4043550079564,490.67059428354133
2023-11-21,489.6362529533258,491.0276291846218,491.4043550079564
2023-11-22,487.41161520484286,489.6362529533258,491.0276291846218
2023-11-24,484.5916585547862,487.41161520484286,489.6362529533258
2023-11-27,481.41976719969284,484.5916585547862,487.41161520484286
2023-11-28,478.1121758263078,481.41976719969284,484.5916585547862
2023-11-29,474.86560755742425,478.1121758263078,481.41976719969284
2023-11-30,471.8900928437655,474.86560755742425,478.1121758263078
2023-12-01,469.427503406982,471.8900928437655,474.86560755742425
2023-12-04,467.72674919966266,469.427503406982,471.8900928437655
2023-12-05,466.98634401624645,467.72674919966266,469.427503406982
2023-12-06,467.29506857489093,466.98634401624645,467.72674919966266
2023-12-07,468.61184893268256,467.29506857489093,466.98634401624645
2023-12-08,470.78371209072617,468.61184893268256,467.29506857489093
2023-12-11,473.5855960151513,470.78371209072617,468.61184893268256
2023-12-12,476.7521428672571,473.5855960151513,470.78371209072617
2023-12-13,479.99679134507284,476.7521428672571,473.5855960151513
2023-12-14,483.03349494102093,479.99679134507284,476.7521428672571
2023-12-15,485.6173743842491,483.03349494102093,479.99679134507284
2023-12-18,487.5986094302545,485.6173743842491,483.03349494102093
2023-12-19,488.9609375338996,487.5986094302545,485.6173743842491
2023-12-20,489.8052232051011,488.9609375338996,487.5986094302545
2023-12-21,490.28412011990434,489.8052232051011,488.9609375338996
2023-12-22,490.52296071280887,490.28412011990434,489.8052232051011
2023-12-26,490.59438727059813,490.52296071280887,490.28412011990434
2023-12-27,490.5726623356145,490.59438727059813,490.52296071280887
2023-12-28,490.6413599866396,490.5726623356145,490.59438727059813
2023-12-29,491.17453935293213,490.6413599866396,490.5726623356145
2024-01-02,492.7099549493066,491.17453935293213,490.6413599866396
2024-01-03,495.795366696658,492.7099549493066,491.17453935293213
2024-01-04,500.76993268351055,495.795366696658,492.7099549493066
2024-01-05,507.59990811587716,500.76993268351055,495.795366696658
2024-01-08,515.8681426976596,507.59990811587716,500.76993268351055
2024-01-09,524.933456287351,515.8681426976596,507.59990811587716
2024-01-10,534.173627122871,524.933456287351,515.8681426976596
2024-01-11,543.1826318886372,534.173627122871,524.933456287351
2024-01-12,551.834100246103,543.1826318886372,534.173627122871
2024-01-16,560.2021175304999,551.834100246103,543.1826318886372
2024-01-17,568.4102267694277,560.2021175304999,551.834100246103
2024-01-18,576.5009298841592,568.4102267694277,560.2021175304999
2024-01-19,584.3877657269051,576.5009298841592,568.4102267694277
2024-01-22,591.9017543357595,584.3877657269051,576.5009298841592
2024-01-23,598.8878389365439,591.9017543357595,584.3877657269051
2024-01-24,605.31095516732,598.8878389365439,591.9017543357595
2024-01-25,611.3225609971507,605.31095516732,598.8878389365439
2024-01-26,617.2710023650114,611.3225609971507,605.31095516732
2024-01-29,623.6416871561181,617.2710023650114,611.3225609971507
2024-01-30,630.9241371733394,623.6416871561181,617.2710023650114
2024-01-31,639.4453150875452,630.9241371733394,623.6416871561181
2024-02-01,649.2259676900272,639.4453150875452,630.9241371733394
2024-02-02,659.9424478701848,649.2259676900272,639.4453150875452
2024-02-05,671.0242949027596,659.9424478701848,649.2259676900272
2024-02-06,681.8225810212394,671.0242949027596,659.9424478701848
2024-02-07,691.7770440417819,681.8225810212394,671.0242949027596
2024-02-08,700.4910329214131,691.7770440417819,681.8225810212394
2024-02-09,707.7321163588693,700.4910329214131,691.7770440417819
2024-02-12,713.4335834554978,707.7321163588693,700.4910329214131
2024-02-13,717.7522950633487,713.4335834554978,707.7321163588693
2024-02-14,721.1604841625948,717.7522950633487,713.4335834554978
2024-02-15,724.4682384954615,721.1604841625948,717.7522950633487
2024-02-16,728.672476001114,724.4682384954615,721.1604841625948
2024-02-20,734.6291939910197,728.672476001114,724.4682384954615
2024-02-21,742.7091069173225,734.6291939910197,728.672476001114
2024-02-22,752.6756753881266,742.7091069173225,734.6291939910197
2024-02-23,763.8894608364656,752.6756753881266,742.7091069173225
2024-02-26,775.7201750873439,763.8894608364656,752.6756753881266
2024-02-27,787.8882316101351,775.7201750873439,763.8894608364656
2024-02-28,800.4989054153525,787.8882316101351,775.7201750873439
2024-02-29,813.7604633489398,800.4989054153525,787.8882316101351
2024-03-01,827.6178546119017,813.7604633489398,800.4989054153525
2024-03-04,841.556898330975,827.6178546119017,813.7604633489398
2024-03-05,854.7053735348256,841.556898330975,827.6178546119017
2024-03-06,866.1494770571167,854.7053735348256,841.556898330975
2024-03-07,875.2626418905511,866.1494770571167,854.7053735348256
2024-03-08,881.8834570961001,875.2626418905511,866.1494770571167
2024-03-11,886.2925460664137,881.8834570961001,875.2626418905511
2024-03-12,889.0719707793148,886.2925460664137,881.8834570961001
2024-03-13,890.9591491824425,889.0719707793148,886.2925460664137
2024-03-14,892.7214702211745,890.9591491824425,889.0719707793148
2024-03-15,895.0369203963896,892.7214702211745,890.9591491824425
2024-03-18,898.3280261729197,895.0369203963896,892.7214702211745
2024-03-19,902.5956785490589,898.3280261729197,895.0369203963896
2024-03-20,907.3468452157449,902.5956785490589,898.3280261729197
2024-03-21,911.7072704156733,907.3468452157449,902.5956785490589
2024-03-22,914.704682631889,911.7072704156733,907.3468452157449
2024-03-25,915.6034701566515,914.704682631889,911.7072704156733
2024-03-26,914.1358776190418,915.6034701566515,914.704682631889
2024-03-27,910.5349239766151,914.1358776190418,915.6034701566515
2024-03-28,905.3814598260028,910.5349239766151,914.1358776190418
2024-04-01,899.3893922332685,905.3814598260028,910.5349239766151
2024-04-02,893.2467872083544,899.3893922332685,905.3814598260028
2024-04-03,887.5309275514292,893.2467872083544,899.3893922332685
2024-04-04,882.682985103063,887.5309275514292,893.2467872083544
2024-04-05,878.9516318712094,882.682985103063,887.5309275514292
2024-04-08,876.3054826454711,878.9516318712094,882.682985103063
2024-04-09,874.3668189605323,876.3054826454711,878.9516318712094
2024-04-10,872.4342670194535,874.3668189605323,876.3054826454711
2024-04-11,869.6434827572551,872.4342670194535,874.3668189605323
2024-04-12,865.243696541267,869.6434827572551,872.4342670194535
2024-04-15,858.8931865560478,865.243696541267,869.6434827572551
2024-04-16,850.8691691828997,858.8931865560478,865.243696541267
2024-04-17,842.0955292142662,850.8691691828997,858.8931865560478
2024-04-18,833.9572568103649,842.0955292142662,850.8691691828997
2024-04-19,827.9283741664436,833.9572568103649,842.0955292142662
2024-04-22,825.131823368519,827.9283741664436,833.9572568103649
2024-04-23,825.9901111838071,825.131823368519,827.9283741664436
2024-04-24,830.1237980109042,825.9901111838071,825.131823368519
2024-04-25,836.5570050461073,830.1237980109042,825.9901111838071
2024-04-26,844.1376387032144,836.5570050461073,830.1237980109042
2024-04-29,851.9694225374053,844.1376387032144,836.5570050461073
2024-04-30,859.6291500059123,851.9694225374053,844.1376387032144
2024-05-01,867.0780866076013,859.6291500059123,851.9694225374053
2024-05-02,874.3738851753789,867.0780866076013,859.6291500059123
2024-05-03,881.426660314607,874.3738851753789,867.0780866076013
2024-05-06,887.987065418579,881.426660314607,874.3738851753789
2024-05-07,893.8459137065138,887.987065418579,881.426660314607
2024-05-08,899.0534922607072,893.8459137065138,887.987065418579
2024-05-09,903.9670297359079,899.0534922607072,893.8459137065138
2024-05-10,909.0990505350724,903.9670297359079,899.0534922607072
2024-05-13,914.9018295758298,909.0990505350724,903.9670297359079
2024-05-14,921.6780191842824,914.9018295758298,909.0990505350724
2024-05-15,929.6880177914591,921.6780191842824,914.9018295758298
2024-05-16,939.3432078553419,929.6880177914591,921.6780191842824
2024-05-17,951.3010308121327,939.3432078553419,929.6880177914591
2024-05-20,966.307328891698,951.3010308121327,939.3432078553419
2024-05-21,984.8174823068734,966.307328891698,951.3010308121327
2024-05-22,1006.5466047314301,984.8174823068734,966.307328891698
2024-05-23,1030.339101607862,1006.5466047314301,984.8174823068734
2024-05-24,1054.2838170176915,1030.339101607862,1006.5466047314301
2024-05-28,1076.0847139062926,1054.2838170176915,1030.339101607862
2024-05-29,1093.2443840475953,1076.0847139062926,1054.2838170176915
2024-05-30,1102.740398505893,1093.2443840475953,1076.0847139062926
2024-05-31,1100.3080038891635,1102.740398505893,1093.2443840475953
2024-06-03,1080.0165708288735,1100.3080038891635,1102.740398505893
2024-06-04,1035.0818693464919,1080.0165708288735,1100.3080038891635
2024-06-05,960.3151639418578,1035.0818693464919,1080.0165708288735
2024-06-06,855.400109743227,960.3151639418578,1035.0818693464919
2024-06-07,727.118628188161,855.400109743227,960.3151639418578
2024-06-10,588.736851634624,727.118628188161,855.400109743227
2024-06-11,456.2821471195919,588.736851634624,727.118628188161
2024-06-12,343.4406747432774,456.2821471195919,588.736851634624
2024-06-13,257.7042723958817,343.4406747432774,456.2821471195919
2024-06-14,199.4810969835749,257.7042723958817,343.4406747432774
2024-06-17,164.008239880622,199.4810969835749,257.7042723958817
2024-06-18,144.45233794107452,164.008239880622,199.4810969835749
2024-06-20,134.50553255912234,144.45233794107452,164.008239880622
2024-06-21,129.6533797178513,134.50553255912234,144.45233794107452
2024-06-24,127.25088294045365,129.6533797178513,134.50553255912234
2024-06-25,125.99623880092963,127.25088294045365,129.6533797178513
2024-06-26,125.34063265904575,125.99623880092963,127.25088294045365
2024-06-27,125.07261025709498,125.34063265904575,125.99623880092963
2024-06-28,125.12114527602047,125.07261025709498,125.34063265904575
2024-07-01,125.42137084919642,125.12114527602047,125.07261025709498
2024-07-02,125.93684308344751,125.42137084919642,125.12114527602047
2024-07-03,126.60171513332612,125.93684308344751,125.42137084919642
2024-07-05,127.31140377578447,126.60171513332612,125.93684308344751
2024-07-08,127.92845589773711,127.31140377578447,126.60171513332612
2024-07-09,128.30663988253136,127.92845589773711,127.31140377578447
2024-07-10,128.32604166729791,128.30663988253136,127.92845589773711
2024-07-11,127.92534496510181,128.32604166729791,128.30663988253136
2024-07-12,127.11945661300992,127.92534496510181,128.32604166729791
2024-07-15,125.99388614454588,127.11945661300992,127.92534496510181
2024-07-16,124.67432566181242,125.99388614454588,127.11945661300992
2024-07-17,123.28262039954623,124.67432566181242,125.99388614454588
2024-07-18,121.89514283214851,123.28262039954623,124.67432566181242
2024-07-19,120.5258451929297,121.89514283214851,123.28262039954623
2024-07-22,119.14220221858474,120.5258451929297,121.89514283214851
2024-07-23,117.70666688008538,119.14220221858474,120.5258451929297
2024-07-24,116.2144482600402,117.70666688008538,119.14220221858474
2024-07-25,114.7028913706378,116.2144482600402,117.70666688008538
2024-07-26,113.22822371809659,114.7028913706378,116.2144482600402
2024-07-29,111.82946999948999,113.22822371809659,114.7028913706378
2024-07-30,110.51101686584336,111.82946999948999,113.22822371809659
2024-07-31,109.25881258384987,110.51101686584336,111.82946999948999
2024-08-01,108.08371101154873,109.25881258384987,110.51101686584336
2024-08-02,107.05991589889139,108.08371101154873,109.25881258384987
2024-08-05,106.33296630257314,107.05991589889139,108.08371101154873
2024-08-06,106.08576363327055,106.33296630257314,107.05991589889139
2024-08-07,106.48084878585487,106.08576363327055,106.33296630257314
2024-08-08,107.60207774208222,106.48084878585487,106.08576363327055
2024-08-09,109.42304285851927,107.60207774208222,106.48084878585487
2024-08-12,111.80629285797148,109.42304285851927,107.60207774208222
2024-08-13,114.53080274943244,111.80629285797148,109.42304285851927
2024-08-14,117.33640263250541,114.53080274943244,111.80629285797148
2024-08-15,119.97049884082223,117.33640263250541,114.53080274943244
2024-08-16,122.22959457640377,119.97049884082223,117.33640263250541
2024-08-19,123.983460891659,122.22959457640377,119.97049884082223
2024-08-20,125.17818092231826,123.983460891659,122.22959457640377
2024-08-21,125.81390611668078,125.17818092231826,123.983460891659
2024-08-22,125.91000582012852,125.81390611668078,125.17818092231826
2024-08-23,125.47454213191804,125.91000582012852,125.81390611668078
2024-08-26,124.49822123837205,125.47454213191804,125.91000582012852
2024-08-27,122.97852779739216,124.49822123837205,125.47454213191804
2024-08-28,120.96360353924085,122.97852779739216,124.49822123837205
2024-08-29,118.58882524206102,120.96360353924085,122.97852779739216
2024-08-30,116.08499581607842,118.58882524206102,120.96360353924085
2024-09-03,113.74845355852045,116.08499581607842,118.58882524206102
2024-09-04,111.8797809397869,113.74845355852045,116.08499581607842
2024-09-05,110.71214772243013,111.8797809397869,113.74845355852045
2024-09-06,110.34972423789486,110.71214772243013,111.8797809397869
2024-09-09,110.737774627252,110.34972423789486,110.71214772243013
2024-09-10,111.67712572871807,110.737774627252,110.34972423789486
2024-09-11,112.88485650319753,111.67712572871807,110.737774627252
2024-09-12,114.08232531388667,112.88485650319753,111.67712572871807
2024-09-13,115.07884775096508,114.08232531388667,112.88485650319753
2024-09-16,115.8158095579256,115.07884775096508,114.08232531388667
2024-09-17,116.35601854670463,115.8158095579256,115.07884775096508
2024-09-18,116.82745914638102,116.35601854670463,115.8158095579256
2024-09-19,117.3518196015417,116.82745914638102,116.35601854670463
2024-09-20,117.98979267135395,117.3518196015417,116.82745914638102
2024-09-23,118.72068557396553,117.98979267135395,117.3518196015417
2024-09-24,119.46360167529213,118.72068557396553,117.98979267135395
2024-09-25,120.1262304683703,119.46360167529213,118.72068557396553
2024-09-26,120.66115215939348,120.1262304683703,119.46360167529213
2024-09-27,121.10315286632857,120.66115215939348,120.1262304683703
2024-09-30,121.5678679138419,121.10315286632857,120.66115215939348
2024-10-01,122.20933206171873,121.5678679138419,121.10315286632857
2024-10-02,123.15616508598168,122.20933206171873,121.5678679138419
2024-10-03,124.45747370477957,123.15616508598168,122.20933206171873
2024-10-04,126.06199276421862,124.45747370477957,123.15616508598168
2024-10-07,127.83790343837819,126.06199276421862,124.45747370477957
2024-10-08,129.62032716192465,127.83790343837819,126.06199276421862
2024-10-09,131.26531153134636,129.62032716192465,127.83790343837819
2024-10-10,132.68997838002042,131.26531153134636,129.62032716192465
2024-10-11,133.8882042122071,132.68997838002042,131.26531153134636
2024-10-14,134.91753269223955,133.8882042122071,132.68997838002042
2024-10-15,135.86307504621956,134.91753269223955,133.8882042122071
2024-10-16,136.79311192668644,135.86307504621956,134.91753269223955
2024-10-17,137.7241574774692,136.79311192668644,135.86307504621956
2024-10-18,138.61338913966932,137.7241574774692,136.79311192668644
2024-10-21,139.37939401939886,138.61338913966932,137.7241574774692
2024-10-22,139.9390242577555,139.37939401939886,138.61338913966932
2024-10-23,140.23893812086084,139.9390242577555,139.37939401939886
2024-10-24,140.27007193483,140.23893812086084,139.9390242577555
2024-10-25,140.06855446451357,140.27007193483,140.23893812086084
2024-10-28,139.7135138433444,140.06855446451357,140.27007193483
2024-10-29,139.32646315812977,139.7135138433444,140.06855446451357
2024-10-30,139.06252586179988,139.32646315812977,139.7135138433444
2024-10-31,139.08080872565085,139.06252586179988,139.32646315812977
2024-11-01,139.4947362402842,139.08080872565085,139.06252586179988
2024-11-04,140.3213642754891,139.4947362402842,139.08080872565085
2024-11-05,141.4622318294539,140.3213642754891,139.4947362402842
2024-11-06,142.72826765574914,141.4622318294539,140.3213642754891
2024-11-07,143.90179413954908,142.72826765574914,141.4622318294539
2024-11-08,144.8054979255255,143.90179413954908,142.72826765574914
2024-11-11,145.34750483594817,144.805457775317,143.90205868481172
2024-11-12,145.53014762255702,145.34758514571303,144.80688224807926
2024-11-13,145.42647910860586,145.53096531318474,145.35251458176282
2024-11-14,145.1372593194066,145.42961625550984,145.54584703635683
2024-11-15,144.74567988211686,145.14739255733184,145.46970041722565
2024-11-18,144.28704754660254,144.77447836064346,145.24453498122142
2024-11-19,143.7473399492951,144.3601254300774,144.98630195861853
2024-11-20,143.09661188746335,143.9131218075196,144.77435198331113
2024-11-21,142.34047166676396,143.43179003069724,144.63927762256867
2024-11-22,141.55694194205785,142.94482978148304,144.5720109720127
2024-11-25,140.8916543038666,142.52873247883988,144.5467616107041
2024-11-26,140.50598976945653,142.2845308233489,144.5401778025422
